Date,City,State,Temperature_Max (°C),Temperature_Min (°C),Temperature_Avg (°C),Humidity (%),Rainfall (mm),Wind_Speed (km/h),AQI,AQI_Category,Pressure (hPa),Cloud_Cover (%),Year,Month,Day,Day_of_Week,Day_Name,Temperature_Range (°C),Humidity_Temperature_Index
2024-01-01,Mumbai,Maharashtra,32.5,18.0,25.2,77.6,0.0,3.3,259,Poor,1020.3,62.1,2024,1,1,0,Monday,14.5,1955.5199999999998
2024-01-01,Delhi,Delhi,25.4,10.7,18.1,84.1,0.0,9.0,130,Moderate,1008.4,46.0,2024,1,1,0,Monday,14.7,1522.21
2024-01-01,Bengaluru,Karnataka,37.2,30.8,34.0,49.0,3.7,6.6,54,Satisfactory,1008.0,61.3,2024,1,1,0,Monday,6.400000000000002,1666.0
2024-01-01,Chennai,Tamil Nadu,37.2,30.4,33.8,34.2,9.5,9.0,176,Moderate,993.4,70.0,2024,1,1,0,Monday,6.800000000000004,1155.96
2024-01-01,Kolkata,West Bengal,27.4,17.5,22.5,32.2,9.1,9.2,97,Satisfactory,1008.2,56.9,2024,1,1,0,Monday,9.899999999999999,724.5000000000001
2024-01-01,Hyderabad,Telangana,44.4,31.6,38.0,91.1,51.9,4.0,140,Moderate,996.9,9.3,2024,1,1,0,Monday,12.799999999999997,3461.7999999999997
2024-01-01,Ahmedabad,Gujarat,32.8,25.1,28.9,83.9,0.0,5.2,345,Very Poor,1018.1,12.1,2024,1,1,0,Monday,7.699999999999996,2424.71
2024-01-01,Jaipur,Rajasthan,40.4,33.5,37.0,30.4,8.2,19.7,75,Satisfactory,992.6,39.1,2024,1,1,0,Monday,6.899999999999999,1124.8
2024-01-01,Lucknow,Uttar Pradesh,42.3,31.0,36.6,51.5,0.0,18.8,186,Moderate,1012.3,89.3,2024,1,1,0,Monday,11.299999999999997,1884.9
2024-01-01,Bhopal,Madhya Pradesh,27.4,15.3,21.3,79.5,0.0,14.0,73,Satisfactory,1005.0,7.4,2024,1,1,0,Monday,12.099999999999998,1693.3500000000001
2024-01-02,Mumbai,Maharashtra,25.6,14.3,19.9,50.4,0.0,11.4,63,Satisfactory,1016.4,26.7,2024,1,2,1,Tuesday,11.3,1002.9599999999999
2024-01-02,Delhi,Delhi,30.8,24.2,27.5,90.4,54.3,20.5,207,Poor,996.5,89.8,2024,1,2,1,Tuesday,6.600000000000001,2486.0
2024-01-02,Bengaluru,Karnataka,41.1,27.2,34.2,50.7,0.0,20.8,198,Moderate,1020.1,5.7,2024,1,2,1,Tuesday,13.900000000000002,1733.9400000000003
2024-01-02,Chennai,Tamil Nadu,33.3,26.1,29.7,37.8,0.0,13.9,341,Very Poor,1014.6,39.5,2024,1,2,1,Tuesday,7.199999999999996,1122.6599999999999
2024-01-02,Kolkata,West Bengal,44.2,36.7,40.5,62.3,0.0,16.0,126,Moderate,1007.6,9.9,2024,1,2,1,Tuesday,7.5,2523.15
2024-01-02,Hyderabad,Telangana,43.2,35.8,39.5,39.4,0.0,17.5,265,Poor,1016.7,27.6,2024,1,2,1,Tuesday,7.400000000000006,1556.3
2024-01-02,Ahmedabad,Gujarat,32.4,21.0,26.7,71.2,5.4,9.4,223,Poor,996.5,8.9,2024,1,2,1,Tuesday,11.399999999999999,1901.04
2024-01-02,Jaipur,Rajasthan,38.6,33.4,36.0,63.3,0.0,17.9,82,Satisfactory,1003.5,94.0,2024,1,2,1,Tuesday,5.200000000000003,2278.7999999999997
2024-01-02,Lucknow,Uttar Pradesh,31.8,25.7,28.8,90.1,8.8,20.8,114,Moderate,1009.4,55.3,2024,1,2,1,Tuesday,6.100000000000001,2594.88
2024-01-02,Bhopal,Madhya Pradesh,26.9,12.9,19.9,88.5,0.0,18.7,281,Poor,1021.4,89.3,2024,1,2,1,Tuesday,13.999999999999998,1761.1499999999999
2024-01-03,Mumbai,Maharashtra,37.8,32.0,34.9,40.5,0.0,4.3,89,Satisfactory,1013.2,5.5,2024,1,3,2,Wednesday,5.799999999999997,1413.45
2024-01-03,Delhi,Delhi,36.0,24.1,30.0,72.4,0.0,9.5,303,Very Poor,1016.1,66.7,2024,1,3,2,Wednesday,11.899999999999999,2172.0
2024-01-03,Bengaluru,Karnataka,38.2,27.5,32.8,36.1,0.0,24.4,235,Poor,1003.8,89.7,2024,1,3,2,Wednesday,10.700000000000003,1184.08
2024-01-03,Chennai,Tamil Nadu,40.9,30.9,35.9,67.5,5.0,8.5,94,Satisfactory,990.9,66.3,2024,1,3,2,Wednesday,10.0,2423.25
2024-01-03,Kolkata,West Bengal,43.8,29.3,36.5,89.5,11.1,11.8,304,Very Poor,1023.8,96.5,2024,1,3,2,Wednesday,14.499999999999996,3266.75
2024-01-03,Hyderabad,Telangana,30.9,22.0,26.5,85.3,0.0,23.5,70,Satisfactory,1014.4,59.2,2024,1,3,2,Wednesday,8.899999999999999,2260.45
2024-01-03,Ahmedabad,Gujarat,37.3,22.4,29.8,39.1,5.2,18.0,131,Moderate,1014.6,39.2,2024,1,3,2,Wednesday,14.899999999999999,1165.18
2024-01-03,Jaipur,Rajasthan,41.2,28.1,34.6,86.4,0.0,20.4,286,Poor,1012.7,71.7,2024,1,3,2,Wednesday,13.100000000000001,2989.4400000000005
2024-01-03,Lucknow,Uttar Pradesh,42.8,34.4,38.6,54.4,0.0,12.7,223,Poor,1009.0,32.2,2024,1,3,2,Wednesday,8.399999999999999,2099.84
2024-01-03,Bhopal,Madhya Pradesh,25.6,20.2,22.9,83.5,0.0,19.7,66,Satisfactory,997.6,64.2,2024,1,3,2,Wednesday,5.400000000000002,1912.1499999999999
2024-01-04,Mumbai,Maharashtra,26.0,15.7,20.9,65.1,60.8,13.9,123,Moderate,1001.3,80.5,2024,1,4,3,Thursday,10.3,1360.5899999999997
2024-01-04,Delhi,Delhi,33.8,28.0,30.9,31.6,9.6,11.4,117,Moderate,996.1,19.9,2024,1,4,3,Thursday,5.799999999999997,976.44
2024-01-04,Bengaluru,Karnataka,36.0,23.8,29.9,72.9,2.9,14.8,116,Moderate,1011.4,44.9,2024,1,4,3,Thursday,12.2,2179.71
2024-01-04,Chennai,Tamil Nadu,32.1,19.5,25.8,30.9,0.0,21.7,70,Satisfactory,1014.6,50.0,2024,1,4,3,Thursday,12.600000000000001,797.22
2024-01-04,Kolkata,West Bengal,34.8,25.1,30.0,41.3,4.4,16.6,234,Poor,991.6,40.6,2024,1,4,3,Thursday,9.699999999999996,1239.0
2024-01-04,Hyderabad,Telangana,35.1,21.5,28.3,72.8,1.7,2.6,218,Poor,1010.5,94.3,2024,1,4,3,Thursday,13.600000000000001,2060.24
2024-01-04,Ahmedabad,Gujarat,32.8,21.3,27.0,59.8,0.0,24.1,61,Satisfactory,1021.7,23.6,2024,1,4,3,Thursday,11.499999999999996,1614.6
2024-01-04,Jaipur,Rajasthan,27.0,21.8,24.4,36.1,0.0,21.4,127,Moderate,990.8,82.4,2024,1,4,3,Thursday,5.199999999999999,880.84
2024-01-04,Lucknow,Uttar Pradesh,27.4,15.4,21.4,70.9,8.8,8.5,290,Poor,996.2,76.3,2024,1,4,3,Thursday,11.999999999999998,1517.26
2024-01-04,Bhopal,Madhya Pradesh,44.8,35.7,40.2,54.2,33.9,21.7,273,Poor,1005.0,76.3,2024,1,4,3,Thursday,9.099999999999994,2178.84
2024-01-05,Mumbai,Maharashtra,27.1,13.0,20.0,62.8,32.4,11.0,68,Satisfactory,990.4,91.0,2024,1,5,4,Friday,14.100000000000001,1256.0
2024-01-05,Delhi,Delhi,31.4,16.9,24.1,91.8,0.0,8.7,273,Poor,1001.5,68.9,2024,1,5,4,Friday,14.5,2212.38
2024-01-05,Bengaluru,Karnataka,40.8,27.9,34.4,35.9,0.0,12.2,76,Satisfactory,1021.1,38.3,2024,1,5,4,Friday,12.899999999999999,1234.9599999999998
2024-01-05,Chennai,Tamil Nadu,27.9,15.2,21.6,70.2,1.1,3.7,65,Satisfactory,1018.8,72.1,2024,1,5,4,Friday,12.7,1516.3200000000002
2024-01-05,Kolkata,West Bengal,26.7,11.8,19.3,54.3,66.9,24.7,65,Satisfactory,1016.4,40.7,2024,1,5,4,Friday,14.899999999999999,1047.99
2024-01-05,Hyderabad,Telangana,40.5,30.0,35.3,57.6,0.0,2.3,76,Satisfactory,1006.4,10.3,2024,1,5,4,Friday,10.5,2033.28
2024-01-05,Ahmedabad,Gujarat,27.4,15.9,21.6,78.5,0.0,8.6,338,Very Poor,1020.4,26.2,2024,1,5,4,Friday,11.499999999999998,1695.6000000000001
2024-01-05,Jaipur,Rajasthan,25.2,10.5,17.9,32.8,46.9,3.7,202,Poor,1009.4,97.1,2024,1,5,4,Friday,14.7,587.1199999999999
2024-01-05,Lucknow,Uttar Pradesh,37.6,25.6,31.6,59.5,50.9,3.0,315,Very Poor,999.8,95.3,2024,1,5,4,Friday,12.0,1880.2
2024-01-05,Bhopal,Madhya Pradesh,34.1,22.9,28.5,48.0,0.0,15.4,345,Very Poor,992.7,97.6,2024,1,5,4,Friday,11.200000000000003,1368.0
2024-01-06,Mumbai,Maharashtra,39.0,28.6,33.8,50.1,0.0,23.0,264,Poor,1018.8,95.2,2024,1,6,5,Saturday,10.399999999999999,1693.3799999999999
2024-01-06,Delhi,Delhi,37.3,28.1,32.7,90.6,0.0,10.7,86,Satisfactory,1018.4,98.8,2024,1,6,5,Saturday,9.199999999999996,2962.62
2024-01-06,Bengaluru,Karnataka,36.9,28.1,32.5,93.0,0.0,11.5,308,Very Poor,999.6,10.4,2024,1,6,5,Saturday,8.799999999999997,3022.5
2024-01-06,Chennai,Tamil Nadu,41.3,26.3,33.8,94.8,63.8,21.5,80,Satisfactory,998.7,47.8,2024,1,6,5,Saturday,14.999999999999996,3204.24
2024-01-06,Kolkata,West Bengal,44.1,33.0,38.6,44.9,0.0,4.6,279,Poor,1013.5,54.4,2024,1,6,5,Saturday,11.100000000000001,1733.14
2024-01-06,Hyderabad,Telangana,35.4,21.9,28.6,65.9,0.0,5.1,232,Poor,991.0,76.7,2024,1,6,5,Saturday,13.5,1884.7400000000002
2024-01-06,Ahmedabad,Gujarat,39.1,32.0,35.5,38.9,0.0,11.0,147,Moderate,1005.3,90.9,2024,1,6,5,Saturday,7.100000000000001,1380.95
2024-01-06,Jaipur,Rajasthan,35.3,22.4,28.9,55.8,70.4,5.4,120,Moderate,1022.4,51.8,2024,1,6,5,Saturday,12.899999999999999,1612.62
2024-01-06,Lucknow,Uttar Pradesh,34.2,19.4,26.8,62.0,0.0,3.7,87,Satisfactory,994.5,17.2,2024,1,6,5,Saturday,14.800000000000004,1661.6000000000001
2024-01-06,Bhopal,Madhya Pradesh,27.8,16.4,22.1,41.8,0.0,17.4,52,Satisfactory,996.0,23.3,2024,1,6,5,Saturday,11.400000000000002,923.78
2024-01-07,Mumbai,Maharashtra,28.4,20.6,24.5,41.5,0.0,6.7,254,Poor,1002.7,52.8,2024,1,7,6,Sunday,7.799999999999997,1016.75
2024-01-07,Delhi,Delhi,25.8,12.8,19.3,70.8,71.2,3.4,271,Poor,999.7,81.6,2024,1,7,6,Sunday,13.0,1366.44
2024-01-07,Bengaluru,Karnataka,28.7,21.6,25.1,54.1,0.0,12.6,118,Moderate,1016.2,8.5,2024,1,7,6,Sunday,7.099999999999998,1357.91
2024-01-07,Chennai,Tamil Nadu,39.3,25.3,32.3,63.3,0.0,14.3,156,Moderate,998.5,30.6,2024,1,7,6,Sunday,13.999999999999996,2044.5899999999997
2024-01-07,Kolkata,West Bengal,25.4,17.2,21.3,43.7,18.4,15.7,194,Moderate,1013.8,80.0,2024,1,7,6,Sunday,8.2,930.8100000000001
2024-01-07,Hyderabad,Telangana,26.7,16.4,21.6,68.1,0.0,8.5,216,Poor,1002.7,66.4,2024,1,7,6,Sunday,10.3,1470.96
2024-01-07,Ahmedabad,Gujarat,32.1,17.3,24.7,69.4,0.0,7.7,128,Moderate,995.6,22.7,2024,1,7,6,Sunday,14.8,1714.18
2024-01-07,Jaipur,Rajasthan,28.5,14.5,21.5,35.2,38.7,4.6,308,Very Poor,1003.9,97.1,2024,1,7,6,Sunday,14.0,756.8000000000001
2024-01-07,Lucknow,Uttar Pradesh,41.3,33.8,37.6,41.1,0.0,15.1,97,Satisfactory,999.8,78.1,2024,1,7,6,Sunday,7.5,1545.3600000000001
2024-01-07,Bhopal,Madhya Pradesh,31.5,22.2,26.8,63.0,2.5,8.6,189,Moderate,1010.3,19.7,2024,1,7,6,Sunday,9.3,1688.4
2024-01-08,Mumbai,Maharashtra,35.7,30.1,32.9,51.9,14.4,9.4,251,Poor,1018.3,29.2,2024,1,8,0,Monday,5.600000000000001,1707.51
2024-01-08,Delhi,Delhi,40.2,29.2,34.7,60.7,34.4,21.1,266,Poor,1023.8,16.8,2024,1,8,0,Monday,11.000000000000004,2106.2900000000004
2024-01-08,Bengaluru,Karnataka,43.8,37.0,40.4,34.3,7.4,5.2,90,Satisfactory,1017.8,24.2,2024,1,8,0,Monday,6.799999999999997,1385.7199999999998
2024-01-08,Chennai,Tamil Nadu,28.3,15.1,21.7,73.2,35.1,11.0,156,Moderate,1018.6,46.7,2024,1,8,0,Monday,13.200000000000001,1588.44
2024-01-08,Kolkata,West Bengal,34.3,26.2,30.2,78.6,26.3,10.8,233,Poor,1009.0,91.1,2024,1,8,0,Monday,8.099999999999998,2373.72
2024-01-08,Hyderabad,Telangana,27.3,12.9,20.1,70.8,3.4,16.3,284,Poor,1008.7,89.9,2024,1,8,0,Monday,14.4,1423.0800000000002
2024-01-08,Ahmedabad,Gujarat,28.0,19.9,24.0,46.2,0.0,19.5,294,Poor,1020.7,37.5,2024,1,8,0,Monday,8.100000000000001,1108.8000000000002
2024-01-08,Jaipur,Rajasthan,27.2,13.7,20.5,38.3,0.0,7.3,238,Poor,1015.3,73.4,2024,1,8,0,Monday,13.5,785.15
2024-01-08,Lucknow,Uttar Pradesh,38.9,28.5,33.7,46.4,22.7,15.4,333,Very Poor,1004.0,48.9,2024,1,8,0,Monday,10.399999999999999,1563.68
2024-01-08,Bhopal,Madhya Pradesh,28.1,17.2,22.6,62.9,11.3,23.4,325,Very Poor,1009.8,71.2,2024,1,8,0,Monday,10.900000000000002,1421.54
2024-01-09,Mumbai,Maharashtra,39.1,32.6,35.9,67.5,6.1,23.5,75,Satisfactory,1022.4,47.8,2024,1,9,1,Tuesday,6.5,2423.25
2024-01-09,Delhi,Delhi,44.7,31.3,38.0,38.1,0.0,15.6,143,Moderate,1004.0,10.2,2024,1,9,1,Tuesday,13.400000000000002,1447.8
2024-01-09,Bengaluru,Karnataka,41.1,36.0,38.5,51.7,47.6,10.0,180,Moderate,1002.1,75.1,2024,1,9,1,Tuesday,5.100000000000001,1990.45
2024-01-09,Chennai,Tamil Nadu,29.5,20.0,24.7,39.2,0.0,23.0,236,Poor,1002.7,60.2,2024,1,9,1,Tuesday,9.5,968.24
2024-01-09,Kolkata,West Bengal,25.3,13.6,19.4,41.6,0.0,4.0,224,Poor,1024.9,52.7,2024,1,9,1,Tuesday,11.700000000000001,807.04
2024-01-09,Hyderabad,Telangana,26.3,13.8,20.1,43.6,0.0,2.8,60,Satisfactory,1006.5,58.7,2024,1,9,1,Tuesday,12.5,876.3600000000001
2024-01-09,Ahmedabad,Gujarat,40.5,31.0,35.7,64.1,0.0,5.6,333,Very Poor,996.4,86.9,2024,1,9,1,Tuesday,9.5,2288.37
2024-01-09,Jaipur,Rajasthan,32.5,24.8,28.6,71.9,0.0,18.5,108,Moderate,1013.1,7.6,2024,1,9,1,Tuesday,7.699999999999999,2056.34
2024-01-09,Lucknow,Uttar Pradesh,29.6,17.9,23.8,31.3,0.0,17.0,115,Moderate,998.3,14.4,2024,1,9,1,Tuesday,11.700000000000003,744.94
2024-01-09,Bhopal,Madhya Pradesh,39.4,25.9,32.7,84.0,0.0,8.7,66,Satisfactory,1021.4,6.2,2024,1,9,1,Tuesday,13.5,2746.8
2024-01-10,Mumbai,Maharashtra,29.2,23.9,26.5,41.8,39.5,20.8,157,Moderate,1002.0,29.6,2024,1,10,2,Wednesday,5.300000000000001,1107.6999999999998
2024-01-10,Delhi,Delhi,36.8,29.1,33.0,70.6,0.0,8.8,83,Satisfactory,1023.2,77.5,2024,1,10,2,Wednesday,7.699999999999996,2329.7999999999997
2024-01-10,Bengaluru,Karnataka,42.4,32.5,37.4,88.1,0.0,8.2,119,Moderate,1009.0,65.2,2024,1,10,2,Wednesday,9.899999999999999,3294.9399999999996
2024-01-10,Chennai,Tamil Nadu,27.8,14.4,21.1,94.0,0.0,2.4,218,Poor,1022.0,16.2,2024,1,10,2,Wednesday,13.4,1983.4
2024-01-10,Kolkata,West Bengal,30.5,19.9,25.2,72.3,0.0,5.1,225,Poor,1021.5,88.0,2024,1,10,2,Wednesday,10.600000000000001,1821.9599999999998
2024-01-10,Hyderabad,Telangana,37.0,25.4,31.2,41.4,0.0,13.9,268,Poor,991.6,20.8,2024,1,10,2,Wednesday,11.600000000000001,1291.6799999999998
2024-01-10,Ahmedabad,Gujarat,26.7,15.6,21.1,45.9,0.0,18.5,187,Moderate,1000.4,58.8,2024,1,10,2,Wednesday,11.1,968.49
2024-01-10,Jaipur,Rajasthan,38.3,23.9,31.1,77.6,0.0,15.7,225,Poor,991.8,52.2,2024,1,10,2,Wednesday,14.399999999999999,2413.36
2024-01-10,Lucknow,Uttar Pradesh,31.7,19.0,25.3,36.9,0.0,17.8,293,Poor,1005.2,28.4,2024,1,10,2,Wednesday,12.7,933.5699999999999
2024-01-10,Bhopal,Madhya Pradesh,41.0,29.0,35.0,47.7,0.0,23.1,178,Moderate,994.8,95.3,2024,1,10,2,Wednesday,12.0,1669.5
2024-01-11,Mumbai,Maharashtra,28.7,18.3,23.5,86.7,7.3,17.9,191,Moderate,1019.7,28.7,2024,1,11,3,Thursday,10.399999999999999,2037.45
2024-01-11,Delhi,Delhi,29.4,14.5,22.0,91.4,59.4,6.2,50,Good,1009.9,92.0,2024,1,11,3,Thursday,14.899999999999999,2010.8000000000002
2024-01-11,Bengaluru,Karnataka,38.9,31.0,35.0,90.1,0.0,21.8,296,Poor,1019.6,35.3,2024,1,11,3,Thursday,7.899999999999999,3153.5
2024-01-11,Chennai,Tamil Nadu,25.7,14.8,20.3,45.0,1.3,9.8,137,Moderate,1015.4,11.2,2024,1,11,3,Thursday,10.899999999999999,913.5
2024-01-11,Kolkata,West Bengal,35.8,22.9,29.3,50.7,6.3,7.4,46,Good,990.9,87.7,2024,1,11,3,Thursday,12.899999999999999,1485.5100000000002
2024-01-11,Hyderabad,Telangana,42.5,32.2,37.3,91.0,0.0,19.6,234,Poor,1004.1,50.6,2024,1,11,3,Thursday,10.299999999999997,3394.2999999999997
2024-01-11,Ahmedabad,Gujarat,42.5,27.6,35.1,79.9,4.2,7.5,129,Moderate,993.9,38.7,2024,1,11,3,Thursday,14.899999999999999,2804.4900000000002
2024-01-11,Jaipur,Rajasthan,30.9,23.6,27.3,32.7,0.0,10.8,334,Very Poor,1013.8,25.7,2024,1,11,3,Thursday,7.299999999999997,892.7100000000002
2024-01-11,Lucknow,Uttar Pradesh,40.7,34.8,37.8,57.1,0.0,16.1,111,Moderate,995.8,99.2,2024,1,11,3,Thursday,5.900000000000006,2158.38
2024-01-11,Bhopal,Madhya Pradesh,43.9,32.4,38.1,69.5,0.0,7.1,148,Moderate,996.5,79.1,2024,1,11,3,Thursday,11.5,2647.9500000000003
2024-01-12,Mumbai,Maharashtra,26.2,11.5,18.8,87.4,0.0,11.1,87,Satisfactory,1016.5,71.1,2024,1,12,4,Friday,14.7,1643.1200000000001
2024-01-12,Delhi,Delhi,41.3,34.1,37.7,44.5,0.0,4.1,80,Satisfactory,1020.7,30.2,2024,1,12,4,Friday,7.199999999999996,1677.65
2024-01-12,Bengaluru,Karnataka,42.8,28.2,35.5,86.0,0.0,4.0,120,Moderate,1004.3,40.4,2024,1,12,4,Friday,14.599999999999998,3053.0
2024-01-12,Chennai,Tamil Nadu,39.5,29.5,34.5,35.3,0.0,21.6,223,Poor,1007.3,50.7,2024,1,12,4,Friday,10.0,1217.85
2024-01-12,Kolkata,West Bengal,41.5,33.0,37.3,74.1,28.7,20.3,308,Very Poor,1013.0,85.8,2024,1,12,4,Friday,8.5,2763.9299999999994
2024-01-12,Hyderabad,Telangana,39.2,25.8,32.5,75.3,6.8,5.6,49,Good,1020.8,87.8,2024,1,12,4,Friday,13.400000000000002,2447.25
2024-01-12,Ahmedabad,Gujarat,41.5,35.2,38.4,51.8,7.5,21.1,128,Moderate,1007.8,5.6,2024,1,12,4,Friday,6.299999999999997,1989.12
2024-01-12,Jaipur,Rajasthan,37.3,22.5,29.9,71.1,0.0,19.9,207,Poor,993.7,77.3,2024,1,12,4,Friday,14.799999999999997,2125.89
2024-01-12,Lucknow,Uttar Pradesh,44.3,35.8,40.1,71.1,17.2,17.8,259,Poor,992.4,33.6,2024,1,12,4,Friday,8.5,2851.1099999999997
2024-01-12,Bhopal,Madhya Pradesh,26.3,15.5,20.9,52.5,13.2,24.4,80,Satisfactory,1023.9,76.2,2024,1,12,4,Friday,10.8,1097.25
2024-01-13,Mumbai,Maharashtra,40.2,34.9,37.5,31.4,3.3,17.7,349,Very Poor,1005.6,31.0,2024,1,13,5,Saturday,5.300000000000004,1177.5
2024-01-13,Delhi,Delhi,33.5,24.0,28.8,40.6,0.0,3.9,124,Moderate,1013.8,67.2,2024,1,13,5,Saturday,9.5,1169.28
2024-01-13,Bengaluru,Karnataka,44.0,37.5,40.8,58.1,9.4,11.1,166,Moderate,999.6,98.5,2024,1,13,5,Saturday,6.5,2370.48
2024-01-13,Chennai,Tamil Nadu,42.9,35.6,39.2,43.9,0.0,21.9,97,Satisfactory,1006.6,97.0,2024,1,13,5,Saturday,7.299999999999997,1720.88
2024-01-13,Kolkata,West Bengal,42.4,29.6,36.0,80.1,8.5,5.0,231,Poor,991.1,92.5,2024,1,13,5,Saturday,12.799999999999997,2883.6
2024-01-13,Hyderabad,Telangana,40.9,31.1,36.0,37.6,0.0,6.6,220,Poor,1007.2,11.1,2024,1,13,5,Saturday,9.799999999999997,1353.6000000000001
2024-01-13,Ahmedabad,Gujarat,30.4,17.4,23.9,50.2,0.0,11.0,130,Moderate,1006.8,62.0,2024,1,13,5,Saturday,13.0,1199.78
2024-01-13,Jaipur,Rajasthan,38.9,25.3,32.1,80.7,0.0,7.6,194,Moderate,1024.5,18.5,2024,1,13,5,Saturday,13.599999999999998,2590.4700000000003
2024-01-13,Lucknow,Uttar Pradesh,37.4,25.3,31.4,66.4,0.0,4.0,64,Satisfactory,1002.3,8.2,2024,1,13,5,Saturday,12.099999999999998,2084.96
2024-01-13,Bhopal,Madhya Pradesh,32.9,26.6,29.8,66.9,0.0,5.9,259,Poor,993.7,65.5,2024,1,13,5,Saturday,6.299999999999997,1993.6200000000001
2024-01-14,Mumbai,Maharashtra,25.6,11.3,18.5,33.4,59.6,18.4,292,Poor,1018.1,37.2,2024,1,14,6,Sunday,14.3,617.9
2024-01-14,Delhi,Delhi,26.6,12.7,19.6,65.6,8.2,14.1,58,Satisfactory,1015.6,12.8,2024,1,14,6,Sunday,13.900000000000002,1285.76
2024-01-14,Bengaluru,Karnataka,29.9,23.3,26.6,86.7,0.0,6.2,194,Moderate,1017.6,67.6,2024,1,14,6,Sunday,6.599999999999998,2306.2200000000003
2024-01-14,Chennai,Tamil Nadu,36.1,23.9,30.0,44.8,10.0,6.6,49,Good,1013.8,11.9,2024,1,14,6,Sunday,12.200000000000003,1344.0
2024-01-14,Kolkata,West Bengal,30.2,20.5,25.3,86.4,0.0,10.0,52,Satisfactory,1003.0,98.8,2024,1,14,6,Sunday,9.7,2185.92
2024-01-14,Hyderabad,Telangana,42.3,31.6,36.9,58.5,44.1,22.7,223,Poor,1004.8,31.3,2024,1,14,6,Sunday,10.699999999999996,2158.65
2024-01-14,Ahmedabad,Gujarat,43.2,36.1,39.7,70.5,0.0,18.5,113,Moderate,1021.8,22.1,2024,1,14,6,Sunday,7.100000000000001,2798.8500000000004
2024-01-14,Jaipur,Rajasthan,44.4,37.6,41.0,85.5,27.3,12.2,223,Poor,1008.0,39.1,2024,1,14,6,Sunday,6.799999999999997,3505.5
2024-01-14,Lucknow,Uttar Pradesh,28.3,19.4,23.8,93.0,0.0,19.8,180,Moderate,994.6,97.1,2024,1,14,6,Sunday,8.900000000000002,2213.4
2024-01-14,Bhopal,Madhya Pradesh,29.7,24.0,26.9,41.0,5.2,11.9,259,Poor,998.7,63.6,2024,1,14,6,Sunday,5.699999999999999,1102.8999999999999
2024-01-15,Mumbai,Maharashtra,28.3,21.7,25.0,32.4,0.0,21.4,309,Very Poor,1018.2,60.6,2024,1,15,0,Monday,6.600000000000001,810.0
2024-01-15,Delhi,Delhi,29.1,23.0,26.1,47.5,47.2,2.9,329,Very Poor,994.3,48.0,2024,1,15,0,Monday,6.100000000000001,1239.75
2024-01-15,Bengaluru,Karnataka,31.3,21.3,26.3,32.7,79.1,2.1,309,Very Poor,1023.3,65.7,2024,1,15,0,Monday,10.0,860.0100000000001
2024-01-15,Chennai,Tamil Nadu,34.1,23.9,29.0,61.8,0.0,9.1,248,Poor,1014.7,24.2,2024,1,15,0,Monday,10.200000000000003,1792.1999999999998
2024-01-15,Kolkata,West Bengal,44.4,38.5,41.4,73.7,0.0,17.9,251,Poor,1019.3,94.7,2024,1,15,0,Monday,5.899999999999999,3051.18
2024-01-15,Hyderabad,Telangana,34.9,23.8,29.4,86.5,12.1,17.9,244,Poor,1013.7,25.5,2024,1,15,0,Monday,11.099999999999998,2543.1
2024-01-15,Ahmedabad,Gujarat,32.9,21.4,27.1,36.9,0.0,24.5,282,Poor,1004.2,87.7,2024,1,15,0,Monday,11.5,999.99
2024-01-15,Jaipur,Rajasthan,36.3,24.0,30.1,87.1,4.1,20.6,175,Moderate,1016.7,80.8,2024,1,15,0,Monday,12.299999999999997,2621.71
2024-01-15,Lucknow,Uttar Pradesh,41.4,35.2,38.3,65.4,0.0,11.1,179,Moderate,1014.3,41.9,2024,1,15,0,Monday,6.199999999999996,2504.82
2024-01-15,Bhopal,Madhya Pradesh,29.8,21.0,25.4,44.8,0.8,16.2,307,Very Poor,1006.2,41.1,2024,1,15,0,Monday,8.8,1137.9199999999998
2024-01-16,Mumbai,Maharashtra,35.4,25.6,30.5,31.7,0.0,15.3,277,Poor,1008.7,62.8,2024,1,16,1,Tuesday,9.799999999999997,966.85
2024-01-16,Delhi,Delhi,41.3,29.1,35.2,92.1,0.0,16.9,327,Very Poor,1021.4,28.1,2024,1,16,1,Tuesday,12.199999999999996,3241.92
2024-01-16,Bengaluru,Karnataka,26.2,11.9,19.0,52.9,0.0,8.6,207,Poor,1000.8,81.3,2024,1,16,1,Tuesday,14.299999999999999,1005.1
2024-01-16,Chennai,Tamil Nadu,31.2,20.1,25.7,76.5,0.0,6.2,202,Poor,1013.8,22.2,2024,1,16,1,Tuesday,11.099999999999998,1966.05
2024-01-16,Kolkata,West Bengal,39.2,33.1,36.1,66.9,0.0,20.5,236,Poor,1009.3,9.1,2024,1,16,1,Tuesday,6.100000000000001,2415.09
2024-01-16,Hyderabad,Telangana,44.0,33.0,38.5,83.2,0.0,16.1,319,Very Poor,1004.4,84.8,2024,1,16,1,Tuesday,11.0,3203.2000000000003
2024-01-16,Ahmedabad,Gujarat,32.1,24.7,28.4,80.7,0.0,17.4,180,Moderate,993.3,64.3,2024,1,16,1,Tuesday,7.400000000000002,2291.88
2024-01-16,Jaipur,Rajasthan,36.7,30.1,33.4,77.9,0.0,2.5,209,Poor,1012.5,62.7,2024,1,16,1,Tuesday,6.600000000000001,2601.86
2024-01-16,Lucknow,Uttar Pradesh,29.6,20.7,25.2,68.6,0.0,18.0,262,Poor,1004.2,45.7,2024,1,16,1,Tuesday,8.900000000000002,1728.7199999999998
2024-01-16,Bhopal,Madhya Pradesh,38.8,23.9,31.4,38.3,0.0,8.3,317,Very Poor,992.8,13.1,2024,1,16,1,Tuesday,14.899999999999999,1202.62
2024-01-17,Mumbai,Maharashtra,28.8,20.6,24.7,44.7,0.0,3.6,207,Poor,1018.0,27.2,2024,1,17,2,Wednesday,8.2,1104.0900000000001
2024-01-17,Delhi,Delhi,42.6,31.1,36.8,64.6,3.3,24.9,266,Poor,1013.2,58.0,2024,1,17,2,Wednesday,11.5,2377.2799999999997
2024-01-17,Bengaluru,Karnataka,34.3,28.7,31.5,66.5,9.6,6.6,179,Moderate,1008.8,14.2,2024,1,17,2,Wednesday,5.599999999999998,2094.75
2024-01-17,Chennai,Tamil Nadu,40.1,31.6,35.9,73.2,0.0,11.2,327,Very Poor,995.3,99.3,2024,1,17,2,Wednesday,8.5,2627.88
2024-01-17,Kolkata,West Bengal,35.8,22.4,29.1,63.9,6.3,4.9,259,Poor,1018.9,79.3,2024,1,17,2,Wednesday,13.399999999999999,1859.49
2024-01-17,Hyderabad,Telangana,25.7,17.7,21.7,47.1,16.1,14.7,178,Moderate,1000.7,42.7,2024,1,17,2,Wednesday,8.0,1022.07
2024-01-17,Ahmedabad,Gujarat,37.0,26.9,31.9,89.8,79.5,6.8,293,Poor,1022.6,16.1,2024,1,17,2,Wednesday,10.100000000000001,2864.62
2024-01-17,Jaipur,Rajasthan,32.6,18.8,25.7,86.4,0.0,3.9,255,Poor,1004.1,21.5,2024,1,17,2,Wednesday,13.8,2220.48
2024-01-17,Lucknow,Uttar Pradesh,31.9,17.2,24.5,71.7,19.3,23.2,277,Poor,1007.0,62.6,2024,1,17,2,Wednesday,14.7,1756.65
2024-01-17,Bhopal,Madhya Pradesh,28.5,18.5,23.5,55.9,0.0,2.6,210,Poor,994.7,96.5,2024,1,17,2,Wednesday,10.0,1313.6499999999999
2024-01-18,Mumbai,Maharashtra,44.3,35.0,39.7,50.3,0.0,16.7,241,Poor,997.6,63.9,2024,1,18,3,Thursday,9.299999999999997,1996.91
2024-01-18,Delhi,Delhi,28.0,22.4,25.2,80.7,14.1,3.3,114,Moderate,1014.3,98.4,2024,1,18,3,Thursday,5.600000000000001,2033.64
2024-01-18,Bengaluru,Karnataka,27.8,21.6,24.7,49.7,0.0,13.7,230,Poor,1024.9,82.3,2024,1,18,3,Thursday,6.199999999999999,1227.5900000000001
2024-01-18,Chennai,Tamil Nadu,31.1,19.9,25.5,64.3,19.1,12.3,168,Moderate,996.8,39.9,2024,1,18,3,Thursday,11.200000000000003,1639.6499999999999
2024-01-18,Kolkata,West Bengal,41.6,29.2,35.4,80.0,0.0,2.4,82,Satisfactory,999.1,77.2,2024,1,18,3,Thursday,12.400000000000002,2832.0
2024-01-18,Hyderabad,Telangana,35.7,28.6,32.1,30.8,2.5,24.1,209,Poor,1007.1,15.4,2024,1,18,3,Thursday,7.100000000000001,988.6800000000001
2024-01-18,Ahmedabad,Gujarat,34.1,20.6,27.4,36.4,0.0,19.0,162,Moderate,1006.7,40.7,2024,1,18,3,Thursday,13.5,997.3599999999999
2024-01-18,Jaipur,Rajasthan,34.2,21.3,27.8,88.0,0.0,17.8,300,Poor,1005.3,29.2,2024,1,18,3,Thursday,12.900000000000002,2446.4
2024-01-18,Lucknow,Uttar Pradesh,25.8,11.8,18.8,60.0,56.2,16.6,200,Moderate,1011.5,11.3,2024,1,18,3,Thursday,14.0,1128.0
2024-01-18,Bhopal,Madhya Pradesh,28.0,15.6,21.8,63.3,0.0,18.5,43,Good,992.5,11.8,2024,1,18,3,Thursday,12.4,1379.94
2024-01-19,Mumbai,Maharashtra,44.1,31.8,37.9,53.0,3.0,17.2,70,Satisfactory,996.5,21.5,2024,1,19,4,Friday,12.3,2008.6999999999998
2024-01-19,Delhi,Delhi,38.2,25.6,31.9,47.2,15.8,8.8,158,Moderate,1016.9,64.3,2024,1,19,4,Friday,12.600000000000001,1505.68
2024-01-19,Bengaluru,Karnataka,29.1,22.9,26.0,70.0,0.0,3.0,130,Moderate,1023.9,80.9,2024,1,19,4,Friday,6.200000000000003,1820.0
2024-01-19,Chennai,Tamil Nadu,44.6,33.6,39.1,67.9,7.5,4.9,109,Moderate,1001.8,93.2,2024,1,19,4,Friday,11.0,2654.8900000000003
2024-01-19,Kolkata,West Bengal,32.4,23.1,27.8,58.6,0.0,4.8,240,Poor,996.9,89.3,2024,1,19,4,Friday,9.299999999999997,1629.0800000000002
2024-01-19,Hyderabad,Telangana,30.7,17.6,24.1,86.0,0.0,19.4,265,Poor,1006.1,85.0,2024,1,19,4,Friday,13.099999999999998,2072.6
2024-01-19,Ahmedabad,Gujarat,40.5,29.0,34.7,41.5,78.9,3.0,265,Poor,995.8,17.5,2024,1,19,4,Friday,11.5,1440.0500000000002
2024-01-19,Jaipur,Rajasthan,41.4,34.2,37.8,62.9,0.0,15.6,215,Poor,1007.8,33.3,2024,1,19,4,Friday,7.199999999999996,2377.62
2024-01-19,Lucknow,Uttar Pradesh,38.8,25.0,31.9,71.4,0.0,2.2,347,Very Poor,998.6,74.0,2024,1,19,4,Friday,13.799999999999997,2277.66
2024-01-19,Bhopal,Madhya Pradesh,27.0,18.0,22.5,82.0,2.1,16.2,282,Poor,996.6,38.8,2024,1,19,4,Friday,9.0,1845.0
2024-01-20,Mumbai,Maharashtra,36.1,31.0,33.6,79.5,0.0,24.0,86,Satisfactory,1002.9,36.1,2024,1,20,5,Saturday,5.100000000000001,2671.2000000000003
2024-01-20,Delhi,Delhi,31.1,17.3,24.2,94.8,3.7,22.4,167,Moderate,1010.8,42.2,2024,1,20,5,Saturday,13.8,2294.16
2024-01-20,Bengaluru,Karnataka,38.9,33.9,36.4,70.3,0.0,15.5,60,Satisfactory,1006.8,66.0,2024,1,20,5,Saturday,5.0,2558.9199999999996
2024-01-20,Chennai,Tamil Nadu,36.6,26.0,31.3,66.4,6.1,8.2,63,Satisfactory,1018.9,52.3,2024,1,20,5,Saturday,10.600000000000001,2078.32
2024-01-20,Kolkata,West Bengal,26.2,17.8,22.0,81.0,0.0,12.1,174,Moderate,995.2,36.2,2024,1,20,5,Saturday,8.399999999999999,1782.0
2024-01-20,Hyderabad,Telangana,26.8,19.6,23.2,68.9,79.9,16.8,283,Poor,1004.7,65.4,2024,1,20,5,Saturday,7.199999999999999,1598.48
2024-01-20,Ahmedabad,Gujarat,27.4,18.3,22.8,84.6,0.0,6.2,48,Good,1002.7,36.8,2024,1,20,5,Saturday,9.099999999999998,1928.8799999999999
2024-01-20,Jaipur,Rajasthan,25.5,12.2,18.8,47.7,30.9,8.0,300,Poor,1005.0,87.9,2024,1,20,5,Saturday,13.3,896.7600000000001
2024-01-20,Lucknow,Uttar Pradesh,28.7,15.7,22.2,59.8,0.0,18.7,266,Poor,1007.4,46.5,2024,1,20,5,Saturday,13.0,1327.56
2024-01-20,Bhopal,Madhya Pradesh,40.3,33.7,37.0,69.7,1.4,24.0,127,Moderate,992.4,10.4,2024,1,20,5,Saturday,6.599999999999994,2578.9
2024-01-21,Mumbai,Maharashtra,30.2,22.8,26.5,88.9,2.6,12.3,191,Moderate,1017.2,11.2,2024,1,21,6,Sunday,7.399999999999999,2355.8500000000004
2024-01-21,Delhi,Delhi,25.7,20.0,22.9,88.9,0.0,10.0,245,Poor,1021.5,7.1,2024,1,21,6,Sunday,5.699999999999999,2035.81
2024-01-21,Bengaluru,Karnataka,44.3,33.7,39.0,90.9,0.0,18.8,242,Poor,1024.3,29.4,2024,1,21,6,Sunday,10.599999999999994,3545.1000000000004
2024-01-21,Chennai,Tamil Nadu,29.0,18.3,23.6,60.2,0.0,4.6,117,Moderate,995.3,26.4,2024,1,21,6,Sunday,10.7,1420.7200000000003
2024-01-21,Kolkata,West Bengal,42.0,31.4,36.7,64.0,1.2,3.6,65,Satisfactory,1014.8,56.6,2024,1,21,6,Sunday,10.600000000000001,2348.8
2024-01-21,Hyderabad,Telangana,34.2,24.3,29.2,40.8,9.5,12.6,209,Poor,1004.4,66.8,2024,1,21,6,Sunday,9.900000000000002,1191.36
2024-01-21,Ahmedabad,Gujarat,26.2,16.1,21.2,82.4,4.6,6.6,142,Moderate,999.1,20.6,2024,1,21,6,Sunday,10.099999999999998,1746.88
2024-01-21,Jaipur,Rajasthan,40.1,29.9,35.0,43.3,71.6,7.5,279,Poor,1005.8,98.6,2024,1,21,6,Sunday,10.200000000000003,1515.5
2024-01-21,Lucknow,Uttar Pradesh,25.5,19.9,22.7,60.2,0.0,4.4,157,Moderate,1013.0,83.1,2024,1,21,6,Sunday,5.600000000000001,1366.54
2024-01-21,Bhopal,Madhya Pradesh,40.5,25.9,33.2,43.2,5.3,15.3,162,Moderate,1012.2,80.8,2024,1,21,6,Sunday,14.600000000000001,1434.2400000000002
2024-01-22,Mumbai,Maharashtra,43.3,33.0,38.1,40.3,0.0,21.7,344,Very Poor,1021.7,31.3,2024,1,22,0,Monday,10.299999999999997,1535.4299999999998
2024-01-22,Delhi,Delhi,27.8,20.8,24.3,42.0,0.0,12.1,313,Very Poor,1011.5,12.9,2024,1,22,0,Monday,7.0,1020.6
2024-01-22,Bengaluru,Karnataka,41.1,31.0,36.0,92.9,4.2,16.6,172,Moderate,995.8,88.8,2024,1,22,0,Monday,10.100000000000001,3344.4
2024-01-22,Chennai,Tamil Nadu,28.2,23.1,25.7,66.4,60.4,3.8,306,Very Poor,1015.6,22.8,2024,1,22,0,Monday,5.099999999999998,1706.48
2024-01-22,Kolkata,West Bengal,41.4,31.0,36.2,76.2,3.2,12.6,296,Poor,1002.5,52.0,2024,1,22,0,Monday,10.399999999999999,2758.4400000000005
2024-01-22,Hyderabad,Telangana,31.7,25.0,28.3,76.3,0.0,5.3,272,Poor,1002.2,47.8,2024,1,22,0,Monday,6.699999999999999,2159.29
2024-01-22,Ahmedabad,Gujarat,38.0,26.8,32.4,52.9,43.0,16.6,140,Moderate,994.4,69.2,2024,1,22,0,Monday,11.2,1713.9599999999998
2024-01-22,Jaipur,Rajasthan,38.7,33.0,35.9,41.4,8.6,8.4,198,Moderate,1012.5,70.9,2024,1,22,0,Monday,5.700000000000003,1486.26
2024-01-22,Lucknow,Uttar Pradesh,31.1,24.0,27.5,32.2,55.7,22.0,246,Poor,1016.8,79.9,2024,1,22,0,Monday,7.100000000000001,885.5000000000001
2024-01-22,Bhopal,Madhya Pradesh,30.2,16.1,23.2,73.6,0.0,12.6,157,Moderate,1020.3,56.9,2024,1,22,0,Monday,14.099999999999998,1707.5199999999998
2024-01-23,Mumbai,Maharashtra,44.5,38.4,41.5,57.5,61.8,8.4,322,Very Poor,1020.0,32.8,2024,1,23,1,Tuesday,6.100000000000001,2386.25
2024-01-23,Delhi,Delhi,40.1,27.0,33.6,31.2,0.0,21.1,74,Satisfactory,999.9,87.9,2024,1,23,1,Tuesday,13.100000000000001,1048.32
2024-01-23,Bengaluru,Karnataka,39.1,28.7,33.9,36.3,0.0,8.9,132,Moderate,1010.9,33.2,2024,1,23,1,Tuesday,10.400000000000002,1230.57
2024-01-23,Chennai,Tamil Nadu,39.9,34.4,37.1,88.7,0.0,22.5,114,Moderate,996.5,12.5,2024,1,23,1,Tuesday,5.5,3290.7700000000004
2024-01-23,Kolkata,West Bengal,40.9,35.5,38.2,67.9,0.0,3.5,75,Satisfactory,1019.1,61.9,2024,1,23,1,Tuesday,5.399999999999999,2593.78
2024-01-23,Hyderabad,Telangana,26.9,12.8,19.8,73.5,0.0,13.9,174,Moderate,1005.1,35.1,2024,1,23,1,Tuesday,14.099999999999998,1455.3
2024-01-23,Ahmedabad,Gujarat,40.5,29.5,35.0,88.0,4.5,15.6,198,Moderate,1014.6,27.6,2024,1,23,1,Tuesday,11.0,3080.0
2024-01-23,Jaipur,Rajasthan,27.1,18.2,22.7,61.7,6.6,19.1,61,Satisfactory,1007.7,65.2,2024,1,23,1,Tuesday,8.900000000000002,1400.59
2024-01-23,Lucknow,Uttar Pradesh,30.1,21.5,25.8,60.7,0.0,24.3,100,Satisfactory,1001.6,50.8,2024,1,23,1,Tuesday,8.600000000000001,1566.0600000000002
2024-01-23,Bhopal,Madhya Pradesh,37.2,29.4,33.3,43.5,0.0,7.0,145,Moderate,991.3,15.3,2024,1,23,1,Tuesday,7.800000000000004,1448.55
2024-01-24,Mumbai,Maharashtra,41.1,30.3,35.7,63.3,0.0,4.0,147,Moderate,1011.6,15.8,2024,1,24,2,Wednesday,10.8,2259.81
2024-01-24,Delhi,Delhi,35.1,21.4,28.3,62.1,0.0,8.3,167,Moderate,1003.8,45.1,2024,1,24,2,Wednesday,13.700000000000003,1757.43
2024-01-24,Bengaluru,Karnataka,43.2,31.0,37.1,69.5,67.7,20.9,55,Satisfactory,990.1,65.5,2024,1,24,2,Wednesday,12.200000000000003,2578.4500000000003
2024-01-24,Chennai,Tamil Nadu,30.2,24.6,27.4,69.2,0.0,12.5,169,Moderate,1002.9,16.5,2024,1,24,2,Wednesday,5.599999999999998,1896.08
2024-01-24,Kolkata,West Bengal,40.0,34.3,37.2,35.2,3.6,17.6,43,Good,1002.7,61.4,2024,1,24,2,Wednesday,5.700000000000003,1309.4400000000003
2024-01-24,Hyderabad,Telangana,37.7,23.6,30.7,69.8,0.0,22.8,84,Satisfactory,992.3,55.7,2024,1,24,2,Wednesday,14.100000000000001,2142.8599999999997
2024-01-24,Ahmedabad,Gujarat,25.2,16.0,20.6,49.2,0.0,4.8,266,Poor,1009.6,37.6,2024,1,24,2,Wednesday,9.2,1013.5200000000001
2024-01-24,Jaipur,Rajasthan,38.0,24.6,31.3,75.0,0.0,9.0,287,Poor,1017.6,47.4,2024,1,24,2,Wednesday,13.399999999999999,2347.5
2024-01-24,Lucknow,Uttar Pradesh,41.4,27.9,34.7,89.6,0.0,10.5,253,Poor,1011.0,72.0,2024,1,24,2,Wednesday,13.5,3109.12
2024-01-24,Bhopal,Madhya Pradesh,32.5,25.8,29.2,58.0,0.0,5.6,237,Poor,990.9,66.4,2024,1,24,2,Wednesday,6.699999999999999,1693.6
2024-01-25,Mumbai,Maharashtra,31.8,26.1,29.0,56.6,3.2,10.4,180,Moderate,997.6,98.9,2024,1,25,3,Thursday,5.699999999999999,1641.4
2024-01-25,Delhi,Delhi,38.8,32.4,35.6,61.6,45.4,10.8,160,Moderate,991.4,7.9,2024,1,25,3,Thursday,6.399999999999999,2192.96
2024-01-25,Bengaluru,Karnataka,28.2,23.0,25.6,79.2,30.2,4.7,315,Very Poor,1023.5,34.8,2024,1,25,3,Thursday,5.199999999999999,2027.5200000000002
2024-01-25,Chennai,Tamil Nadu,37.1,23.8,30.4,94.0,0.0,10.9,87,Satisfactory,1001.9,56.4,2024,1,25,3,Thursday,13.3,2857.6
2024-01-25,Kolkata,West Bengal,36.1,25.7,30.9,79.5,0.0,8.0,146,Moderate,996.8,10.5,2024,1,25,3,Thursday,10.400000000000002,2456.5499999999997
2024-01-25,Hyderabad,Telangana,30.4,15.7,23.1,66.3,0.0,12.2,164,Moderate,1011.9,51.4,2024,1,25,3,Thursday,14.7,1531.53
2024-01-25,Ahmedabad,Gujarat,44.9,31.1,38.0,70.5,0.0,11.1,208,Poor,991.4,50.2,2024,1,25,3,Thursday,13.799999999999997,2679.0
2024-01-25,Jaipur,Rajasthan,29.6,14.9,22.2,89.1,47.3,5.0,286,Poor,1017.7,16.9,2024,1,25,3,Thursday,14.700000000000001,1978.0199999999998
2024-01-25,Lucknow,Uttar Pradesh,30.5,16.7,23.6,91.4,42.4,13.1,156,Moderate,1020.2,60.9,2024,1,25,3,Thursday,13.8,2157.0400000000004
2024-01-25,Bhopal,Madhya Pradesh,30.7,23.7,27.2,79.5,0.0,15.3,166,Moderate,1020.3,98.2,2024,1,25,3,Thursday,7.0,2162.4
2024-01-26,Mumbai,Maharashtra,41.6,28.9,35.2,67.3,0.0,21.6,316,Very Poor,1005.4,85.5,2024,1,26,4,Friday,12.700000000000003,2368.96
2024-01-26,Delhi,Delhi,26.2,12.4,19.3,59.1,53.9,2.4,264,Poor,1006.7,70.3,2024,1,26,4,Friday,13.799999999999999,1140.63
2024-01-26,Bengaluru,Karnataka,38.9,32.5,35.7,49.5,0.0,6.8,349,Very Poor,1023.5,5.8,2024,1,26,4,Friday,6.399999999999999,1767.15
2024-01-26,Chennai,Tamil Nadu,38.5,25.3,31.9,49.2,0.2,19.0,278,Poor,995.0,76.6,2024,1,26,4,Friday,13.2,1569.48
2024-01-26,Kolkata,West Bengal,38.2,25.5,31.8,85.0,0.0,3.8,60,Satisfactory,1004.3,43.7,2024,1,26,4,Friday,12.700000000000003,2703.0
2024-01-26,Hyderabad,Telangana,32.0,25.9,28.9,82.5,15.1,14.0,195,Moderate,1000.5,12.3,2024,1,26,4,Friday,6.100000000000001,2384.25
2024-01-26,Ahmedabad,Gujarat,40.9,28.8,34.9,33.3,0.0,7.3,328,Very Poor,999.8,81.3,2024,1,26,4,Friday,12.099999999999998,1162.1699999999998
2024-01-26,Jaipur,Rajasthan,33.1,19.0,26.1,50.9,4.8,24.5,240,Poor,1011.1,39.0,2024,1,26,4,Friday,14.100000000000001,1328.49
2024-01-26,Lucknow,Uttar Pradesh,27.5,13.6,20.5,62.7,4.5,3.7,261,Poor,1013.9,28.0,2024,1,26,4,Friday,13.9,1285.3500000000001
2024-01-26,Bhopal,Madhya Pradesh,41.5,28.4,34.9,65.9,5.2,8.2,81,Satisfactory,1007.4,32.0,2024,1,26,4,Friday,13.100000000000001,2299.9100000000003
2024-01-27,Mumbai,Maharashtra,37.6,32.0,34.8,78.7,0.0,3.1,59,Satisfactory,999.7,72.2,2024,1,27,5,Saturday,5.600000000000001,2738.7599999999998
2024-01-27,Delhi,Delhi,41.8,36.7,39.3,46.0,0.0,10.3,137,Moderate,999.5,85.1,2024,1,27,5,Saturday,5.099999999999994,1807.8
2024-01-27,Bengaluru,Karnataka,40.8,26.9,33.8,58.2,36.4,4.1,160,Moderate,1014.0,51.9,2024,1,27,5,Saturday,13.899999999999999,1967.1599999999999
2024-01-27,Chennai,Tamil Nadu,37.7,25.6,31.6,30.3,1.8,24.2,257,Poor,1016.6,95.3,2024,1,27,5,Saturday,12.100000000000001,957.48
2024-01-27,Kolkata,West Bengal,31.0,24.9,27.9,80.8,0.0,24.0,181,Moderate,1007.5,46.1,2024,1,27,5,Saturday,6.100000000000001,2254.3199999999997
2024-01-27,Hyderabad,Telangana,29.2,20.5,24.8,54.0,0.0,20.9,243,Poor,1019.8,25.1,2024,1,27,5,Saturday,8.7,1339.2
2024-01-27,Ahmedabad,Gujarat,34.4,20.6,27.5,44.0,0.0,5.1,137,Moderate,1012.8,75.2,2024,1,27,5,Saturday,13.799999999999997,1210.0
2024-01-27,Jaipur,Rajasthan,37.9,28.9,33.4,76.4,0.0,10.5,199,Moderate,992.0,15.6,2024,1,27,5,Saturday,9.0,2551.76
2024-01-27,Lucknow,Uttar Pradesh,30.4,17.0,23.7,31.0,0.0,4.9,165,Moderate,1004.5,51.8,2024,1,27,5,Saturday,13.399999999999999,734.6999999999999
2024-01-27,Bhopal,Madhya Pradesh,35.6,24.7,30.1,30.6,0.0,17.6,279,Poor,1000.9,78.5,2024,1,27,5,Saturday,10.900000000000002,921.0600000000001
2024-01-28,Mumbai,Maharashtra,35.4,20.7,28.0,38.2,0.3,4.8,130,Moderate,999.3,6.7,2024,1,28,6,Sunday,14.7,1069.6000000000001
2024-01-28,Delhi,Delhi,40.5,30.3,35.4,52.6,0.0,16.9,47,Good,1024.1,85.5,2024,1,28,6,Sunday,10.2,1862.04
2024-01-28,Bengaluru,Karnataka,43.0,30.1,36.6,80.7,0.0,3.5,190,Moderate,998.0,28.4,2024,1,28,6,Sunday,12.899999999999999,2953.6200000000003
2024-01-28,Chennai,Tamil Nadu,39.9,30.2,35.1,33.8,9.6,24.8,63,Satisfactory,1009.1,96.5,2024,1,28,6,Sunday,9.7,1186.3799999999999
2024-01-28,Kolkata,West Bengal,32.3,25.1,28.7,42.7,1.5,15.3,237,Poor,995.1,82.1,2024,1,28,6,Sunday,7.199999999999996,1225.49
2024-01-28,Hyderabad,Telangana,32.8,21.0,26.9,46.9,0.0,12.8,59,Satisfactory,1021.2,72.2,2024,1,28,6,Sunday,11.799999999999997,1261.61
2024-01-28,Ahmedabad,Gujarat,27.9,22.9,25.4,71.0,19.4,14.2,250,Poor,998.5,52.6,2024,1,28,6,Sunday,5.0,1803.3999999999999
2024-01-28,Jaipur,Rajasthan,26.5,18.8,22.7,82.5,0.0,3.0,104,Moderate,995.8,47.3,2024,1,28,6,Sunday,7.699999999999999,1872.75
2024-01-28,Lucknow,Uttar Pradesh,26.0,12.6,19.3,93.8,0.0,24.1,348,Very Poor,996.9,95.4,2024,1,28,6,Sunday,13.4,1810.34
2024-01-28,Bhopal,Madhya Pradesh,39.2,24.4,31.8,67.0,0.0,3.7,98,Satisfactory,1011.8,98.2,2024,1,28,6,Sunday,14.800000000000004,2130.6
2024-01-29,Mumbai,Maharashtra,40.9,26.8,33.8,91.3,46.5,19.4,262,Poor,995.7,50.3,2024,1,29,0,Monday,14.099999999999998,3085.9399999999996
2024-01-29,Delhi,Delhi,29.9,18.5,24.2,73.3,1.7,13.5,150,Moderate,990.4,5.9,2024,1,29,0,Monday,11.399999999999999,1773.86
2024-01-29,Bengaluru,Karnataka,43.5,36.2,39.9,71.2,2.3,18.8,49,Good,993.3,45.7,2024,1,29,0,Monday,7.299999999999997,2840.88
2024-01-29,Chennai,Tamil Nadu,34.6,23.0,28.8,37.7,37.8,24.8,155,Moderate,991.6,77.3,2024,1,29,0,Monday,11.600000000000001,1085.7600000000002
2024-01-29,Kolkata,West Bengal,32.8,20.3,26.6,89.7,0.0,20.1,151,Moderate,998.8,58.6,2024,1,29,0,Monday,12.499999999999996,2386.02
2024-01-29,Hyderabad,Telangana,38.1,30.7,34.4,42.5,0.0,7.1,94,Satisfactory,991.4,8.4,2024,1,29,0,Monday,7.400000000000002,1462.0
2024-01-29,Ahmedabad,Gujarat,42.3,34.5,38.4,91.8,0.0,13.9,149,Moderate,1016.6,31.8,2024,1,29,0,Monday,7.799999999999997,3525.12
2024-01-29,Jaipur,Rajasthan,42.9,28.4,35.6,88.0,0.0,13.4,97,Satisfactory,997.2,61.2,2024,1,29,0,Monday,14.5,3132.8
2024-01-29,Lucknow,Uttar Pradesh,31.6,18.1,24.9,43.5,14.8,13.7,299,Poor,1004.3,82.0,2024,1,29,0,Monday,13.5,1083.1499999999999
2024-01-29,Bhopal,Madhya Pradesh,31.6,19.7,25.7,80.1,20.6,14.4,51,Satisfactory,999.9,45.4,2024,1,29,0,Monday,11.900000000000002,2058.5699999999997
2024-01-30,Mumbai,Maharashtra,27.6,14.9,21.2,30.0,0.0,24.4,134,Moderate,997.9,33.9,2024,1,30,1,Tuesday,12.700000000000001,636.0
2024-01-30,Delhi,Delhi,29.6,24.6,27.1,77.4,9.7,19.1,133,Moderate,1019.7,45.1,2024,1,30,1,Tuesday,5.0,2097.5400000000004
2024-01-30,Bengaluru,Karnataka,31.5,19.4,25.4,83.1,36.0,20.6,161,Moderate,1024.5,76.7,2024,1,30,1,Tuesday,12.100000000000001,2110.74
2024-01-30,Chennai,Tamil Nadu,36.8,25.2,31.0,35.1,0.0,20.0,53,Satisfactory,1010.4,95.5,2024,1,30,1,Tuesday,11.599999999999998,1088.1000000000001
2024-01-30,Kolkata,West Bengal,30.3,19.3,24.8,49.3,0.0,13.8,329,Very Poor,1007.8,40.1,2024,1,30,1,Tuesday,11.0,1222.6399999999999
2024-01-30,Hyderabad,Telangana,41.6,29.6,35.6,76.4,4.7,18.8,290,Poor,1020.2,31.0,2024,1,30,1,Tuesday,12.0,2719.84
2024-01-30,Ahmedabad,Gujarat,28.9,20.5,24.7,51.8,9.8,18.7,193,Moderate,1009.7,95.0,2024,1,30,1,Tuesday,8.399999999999999,1279.4599999999998
2024-01-30,Jaipur,Rajasthan,32.6,26.0,29.3,81.1,0.0,21.3,340,Very Poor,990.4,71.9,2024,1,30,1,Tuesday,6.600000000000001,2376.23
2024-01-30,Lucknow,Uttar Pradesh,33.8,26.4,30.1,75.8,48.3,3.2,307,Very Poor,1007.7,73.3,2024,1,30,1,Tuesday,7.399999999999999,2281.58
2024-01-30,Bhopal,Madhya Pradesh,28.6,15.6,22.1,65.9,19.2,5.6,310,Very Poor,1000.8,32.6,2024,1,30,1,Tuesday,13.000000000000002,1456.3900000000003
2024-01-31,Mumbai,Maharashtra,38.5,25.5,32.0,46.3,6.3,22.8,56,Satisfactory,990.4,69.0,2024,1,31,2,Wednesday,13.0,1481.6
2024-01-31,Delhi,Delhi,36.0,28.1,32.0,49.9,0.0,18.9,282,Poor,1004.2,11.5,2024,1,31,2,Wednesday,7.899999999999999,1596.8
2024-01-31,Bengaluru,Karnataka,30.7,21.4,26.1,74.6,0.0,23.7,236,Poor,1012.5,68.8,2024,1,31,2,Wednesday,9.3,1947.06
2024-01-31,Chennai,Tamil Nadu,29.0,19.8,24.4,78.8,0.0,11.9,200,Moderate,1024.3,11.4,2024,1,31,2,Wednesday,9.2,1922.7199999999998
2024-01-31,Kolkata,West Bengal,28.6,13.9,21.2,37.4,4.1,11.7,121,Moderate,1002.1,42.8,2024,1,31,2,Wednesday,14.700000000000001,792.88
2024-01-31,Hyderabad,Telangana,29.1,19.3,24.2,47.5,56.0,15.9,334,Very Poor,992.7,12.2,2024,1,31,2,Wednesday,9.8,1149.5
2024-01-31,Ahmedabad,Gujarat,30.9,25.0,28.0,68.9,0.0,2.3,249,Poor,1023.8,28.8,2024,1,31,2,Wednesday,5.899999999999999,1929.2000000000003
2024-01-31,Jaipur,Rajasthan,39.1,28.0,33.6,50.3,51.8,23.8,332,Very Poor,993.7,19.7,2024,1,31,2,Wednesday,11.100000000000001,1690.08
2024-01-31,Lucknow,Uttar Pradesh,39.7,25.9,32.8,43.2,5.9,11.4,118,Moderate,990.5,60.4,2024,1,31,2,Wednesday,13.800000000000004,1416.96
2024-01-31,Bhopal,Madhya Pradesh,34.0,19.4,26.7,55.9,8.4,24.5,174,Moderate,993.6,5.8,2024,1,31,2,Wednesday,14.600000000000001,1492.53
2024-02-01,Mumbai,Maharashtra,26.9,14.4,20.6,89.4,0.0,18.6,230,Poor,990.3,61.0,2024,2,1,3,Thursday,12.499999999999998,1841.6400000000003
2024-02-01,Delhi,Delhi,37.8,30.3,34.0,76.4,23.9,19.0,106,Moderate,990.5,28.6,2024,2,1,3,Thursday,7.4999999999999964,2597.6000000000004
2024-02-01,Bengaluru,Karnataka,30.4,22.9,26.7,34.1,4.6,17.5,299,Poor,992.8,95.4,2024,2,1,3,Thursday,7.5,910.47
2024-02-01,Chennai,Tamil Nadu,41.1,27.9,34.5,90.6,5.5,19.1,61,Satisfactory,1015.8,54.5,2024,2,1,3,Thursday,13.200000000000003,3125.7
2024-02-01,Kolkata,West Bengal,32.4,18.2,25.3,68.0,0.0,22.6,180,Moderate,1013.3,79.8,2024,2,1,3,Thursday,14.2,1720.4
2024-02-01,Hyderabad,Telangana,37.6,30.1,33.9,75.9,4.3,23.5,130,Moderate,992.2,83.4,2024,2,1,3,Thursday,7.5,2573.01
2024-02-01,Ahmedabad,Gujarat,33.9,28.7,31.3,49.6,0.0,23.3,166,Moderate,993.7,77.6,2024,2,1,3,Thursday,5.199999999999999,1552.48
2024-02-01,Jaipur,Rajasthan,38.1,30.5,34.3,40.4,0.0,17.3,252,Poor,1020.9,82.3,2024,2,1,3,Thursday,7.600000000000001,1385.7199999999998
2024-02-01,Lucknow,Uttar Pradesh,27.2,19.3,23.3,50.1,0.0,10.2,284,Poor,1002.4,83.7,2024,2,1,3,Thursday,7.899999999999999,1167.3300000000002
2024-02-01,Bhopal,Madhya Pradesh,31.2,17.0,24.1,91.9,0.0,23.6,161,Moderate,1020.7,14.7,2024,2,1,3,Thursday,14.2,2214.7900000000004
2024-02-02,Mumbai,Maharashtra,36.1,26.0,31.1,42.6,8.6,21.8,229,Poor,1016.2,46.7,2024,2,2,4,Friday,10.100000000000001,1324.8600000000001
2024-02-02,Delhi,Delhi,28.2,16.5,22.3,41.7,0.0,5.8,267,Poor,990.1,73.3,2024,2,2,4,Friday,11.7,929.9100000000001
2024-02-02,Bengaluru,Karnataka,35.3,28.7,32.0,35.4,21.6,7.6,108,Moderate,1002.4,15.0,2024,2,2,4,Friday,6.599999999999998,1132.8
2024-02-02,Chennai,Tamil Nadu,35.4,24.3,29.8,45.9,0.0,7.0,212,Poor,1023.6,63.5,2024,2,2,4,Friday,11.099999999999998,1367.82
2024-02-02,Kolkata,West Bengal,33.3,24.0,28.7,65.2,0.0,13.5,235,Poor,1004.4,87.7,2024,2,2,4,Friday,9.299999999999997,1871.24
2024-02-02,Hyderabad,Telangana,35.7,29.5,32.6,69.4,0.0,17.9,317,Very Poor,997.2,42.2,2024,2,2,4,Friday,6.200000000000003,2262.4400000000005
2024-02-02,Ahmedabad,Gujarat,29.1,19.0,24.0,57.3,0.0,12.9,253,Poor,1009.6,64.7,2024,2,2,4,Friday,10.100000000000001,1375.1999999999998
2024-02-02,Jaipur,Rajasthan,30.1,25.0,27.5,77.0,5.4,21.4,285,Poor,1007.0,36.7,2024,2,2,4,Friday,5.100000000000001,2117.5
2024-02-02,Lucknow,Uttar Pradesh,34.0,27.2,30.6,85.6,0.0,10.9,103,Moderate,1018.1,90.7,2024,2,2,4,Friday,6.800000000000001,2619.36
2024-02-02,Bhopal,Madhya Pradesh,26.3,12.6,19.5,55.3,0.0,16.9,289,Poor,992.6,40.7,2024,2,2,4,Friday,13.700000000000001,1078.35
2024-02-03,Mumbai,Maharashtra,33.7,18.7,26.2,66.3,0.0,10.6,183,Moderate,992.4,40.1,2024,2,3,5,Saturday,15.000000000000004,1737.06
2024-02-03,Delhi,Delhi,39.5,27.9,33.7,76.1,0.2,13.1,279,Poor,990.2,81.4,2024,2,3,5,Saturday,11.600000000000001,2564.57
2024-02-03,Bengaluru,Karnataka,36.0,30.3,33.1,79.8,5.9,20.5,248,Poor,1008.1,18.3,2024,2,3,5,Saturday,5.699999999999999,2641.38
2024-02-03,Chennai,Tamil Nadu,37.4,25.0,31.2,41.0,2.0,22.9,242,Poor,1016.6,61.7,2024,2,3,5,Saturday,12.399999999999999,1279.2
2024-02-03,Kolkata,West Bengal,42.8,32.0,37.4,71.1,1.6,8.2,114,Moderate,997.1,34.8,2024,2,3,5,Saturday,10.799999999999997,2659.14
2024-02-03,Hyderabad,Telangana,29.3,20.0,24.7,89.0,0.0,18.0,244,Poor,1003.4,83.1,2024,2,3,5,Saturday,9.3,2198.2999999999997
2024-02-03,Ahmedabad,Gujarat,40.9,33.2,37.1,75.0,2.7,9.5,255,Poor,999.4,23.1,2024,2,3,5,Saturday,7.699999999999996,2782.5
2024-02-03,Jaipur,Rajasthan,29.4,18.4,23.9,47.2,6.7,19.5,256,Poor,996.6,13.4,2024,2,3,5,Saturday,11.0,1128.08
2024-02-03,Lucknow,Uttar Pradesh,32.4,23.0,27.7,32.0,12.4,7.6,246,Poor,1009.5,8.7,2024,2,3,5,Saturday,9.399999999999999,886.4
2024-02-03,Bhopal,Madhya Pradesh,31.5,17.5,24.5,87.7,73.1,21.0,218,Poor,1019.6,28.7,2024,2,3,5,Saturday,14.0,2148.65
2024-02-04,Mumbai,Maharashtra,26.3,20.4,23.4,94.9,3.3,21.7,52,Satisfactory,1024.9,27.9,2024,2,4,6,Sunday,5.900000000000002,2220.66
2024-02-04,Delhi,Delhi,33.2,26.9,30.1,31.5,0.0,9.2,44,Good,1012.9,27.0,2024,2,4,6,Sunday,6.300000000000004,948.1500000000001
2024-02-04,Bengaluru,Karnataka,40.3,29.0,34.7,79.5,0.5,15.0,221,Poor,1011.9,87.1,2024,2,4,6,Sunday,11.299999999999997,2758.65
2024-02-04,Chennai,Tamil Nadu,36.6,21.7,29.2,79.2,0.0,7.3,328,Very Poor,1010.9,93.2,2024,2,4,6,Sunday,14.900000000000002,2312.64
2024-02-04,Kolkata,West Bengal,31.8,21.6,26.7,43.8,10.0,20.5,56,Satisfactory,1015.0,61.4,2024,2,4,6,Sunday,10.2,1169.4599999999998
2024-02-04,Hyderabad,Telangana,34.1,22.3,28.2,74.0,0.0,13.5,241,Poor,1014.2,71.2,2024,2,4,6,Sunday,11.8,2086.7999999999997
2024-02-04,Ahmedabad,Gujarat,30.5,23.9,27.2,71.3,6.0,12.5,92,Satisfactory,1013.4,84.5,2024,2,4,6,Sunday,6.600000000000001,1939.36
2024-02-04,Jaipur,Rajasthan,25.4,12.6,19.0,69.6,7.0,24.1,164,Moderate,1008.8,51.4,2024,2,4,6,Sunday,12.799999999999999,1322.3999999999999
2024-02-04,Lucknow,Uttar Pradesh,28.1,17.3,22.7,48.0,0.0,10.2,171,Moderate,991.8,8.0,2024,2,4,6,Sunday,10.8,1089.6
2024-02-04,Bhopal,Madhya Pradesh,26.7,15.6,21.2,87.3,0.0,21.8,268,Poor,1021.0,23.7,2024,2,4,6,Sunday,11.1,1850.76
2024-02-05,Mumbai,Maharashtra,30.7,17.7,24.2,94.8,0.4,24.4,59,Satisfactory,1006.3,85.5,2024,2,5,0,Monday,13.0,2294.16
2024-02-05,Delhi,Delhi,31.7,26.0,28.9,93.4,69.7,4.0,105,Moderate,1003.5,11.7,2024,2,5,0,Monday,5.699999999999999,2699.26
2024-02-05,Bengaluru,Karnataka,29.6,19.9,24.7,47.5,0.0,24.4,176,Moderate,1016.6,96.9,2024,2,5,0,Monday,9.700000000000003,1173.25
2024-02-05,Chennai,Tamil Nadu,30.6,17.6,24.1,51.2,0.0,7.9,59,Satisfactory,1002.4,69.0,2024,2,5,0,Monday,13.0,1233.92
2024-02-05,Kolkata,West Bengal,29.2,16.1,22.7,39.5,0.0,3.9,214,Poor,1007.0,33.7,2024,2,5,0,Monday,13.099999999999998,896.65
2024-02-05,Hyderabad,Telangana,41.1,34.7,37.9,67.7,5.1,8.3,182,Moderate,1007.1,12.8,2024,2,5,0,Monday,6.399999999999999,2565.83
2024-02-05,Ahmedabad,Gujarat,31.1,17.9,24.5,33.7,4.2,15.2,307,Very Poor,1013.4,78.8,2024,2,5,0,Monday,13.200000000000003,825.6500000000001
2024-02-05,Jaipur,Rajasthan,31.3,20.9,26.1,84.6,0.0,6.5,192,Moderate,1007.1,75.5,2024,2,5,0,Monday,10.400000000000002,2208.06
2024-02-05,Lucknow,Uttar Pradesh,34.7,21.3,28.0,53.5,0.0,12.4,100,Satisfactory,1016.7,17.0,2024,2,5,0,Monday,13.400000000000002,1498.0
2024-02-05,Bhopal,Madhya Pradesh,44.0,37.3,40.7,66.9,5.8,7.3,245,Poor,1009.3,40.4,2024,2,5,0,Monday,6.700000000000003,2722.8300000000004
2024-02-06,Mumbai,Maharashtra,27.8,17.1,22.5,42.0,0.0,21.0,340,Very Poor,1000.0,93.1,2024,2,6,1,Tuesday,10.7,945.0
2024-02-06,Delhi,Delhi,36.4,30.0,33.2,54.3,0.0,14.8,94,Satisfactory,1019.6,80.6,2024,2,6,1,Tuesday,6.399999999999999,1802.76
2024-02-06,Bengaluru,Karnataka,38.5,31.3,34.9,44.2,0.0,2.0,234,Poor,1020.5,80.3,2024,2,6,1,Tuesday,7.199999999999999,1542.58
2024-02-06,Chennai,Tamil Nadu,40.0,33.5,36.7,59.8,0.0,23.2,104,Moderate,991.4,32.7,2024,2,6,1,Tuesday,6.5,2194.66
2024-02-06,Kolkata,West Bengal,29.8,15.7,22.7,60.4,0.0,13.2,349,Very Poor,1005.0,61.7,2024,2,6,1,Tuesday,14.100000000000001,1371.08
2024-02-06,Hyderabad,Telangana,40.4,31.4,35.9,83.8,0.0,9.8,322,Very Poor,1007.9,63.4,2024,2,6,1,Tuesday,9.0,3008.4199999999996
2024-02-06,Ahmedabad,Gujarat,35.2,25.2,30.2,33.3,0.0,21.3,179,Moderate,995.6,7.4,2024,2,6,1,Tuesday,10.000000000000004,1005.6599999999999
2024-02-06,Jaipur,Rajasthan,29.7,24.3,27.0,77.1,0.0,6.0,161,Moderate,1003.3,81.1,2024,2,6,1,Tuesday,5.399999999999999,2081.7
2024-02-06,Lucknow,Uttar Pradesh,40.0,33.8,36.9,80.2,0.0,23.4,45,Good,1003.6,11.3,2024,2,6,1,Tuesday,6.200000000000003,2959.38
2024-02-06,Bhopal,Madhya Pradesh,41.5,31.3,36.4,80.4,0.0,24.1,122,Moderate,1013.4,93.7,2024,2,6,1,Tuesday,10.2,2926.56
2024-02-07,Mumbai,Maharashtra,37.2,25.4,31.3,50.6,76.3,19.0,338,Very Poor,999.7,31.8,2024,2,7,2,Wednesday,11.800000000000004,1583.78
2024-02-07,Delhi,Delhi,25.2,13.0,19.1,75.9,0.0,9.8,120,Moderate,992.8,47.1,2024,2,7,2,Wednesday,12.2,1449.6900000000003
2024-02-07,Bengaluru,Karnataka,31.9,18.5,25.2,90.8,36.1,3.4,224,Poor,993.2,20.5,2024,2,7,2,Wednesday,13.399999999999999,2288.16
2024-02-07,Chennai,Tamil Nadu,28.0,13.3,20.7,59.0,0.0,17.2,219,Poor,1016.3,76.6,2024,2,7,2,Wednesday,14.7,1221.3
2024-02-07,Kolkata,West Bengal,43.1,29.9,36.5,79.2,0.0,17.3,314,Very Poor,1004.4,43.2,2024,2,7,2,Wednesday,13.200000000000003,2890.8
2024-02-07,Hyderabad,Telangana,42.9,28.8,35.9,50.4,0.0,6.2,297,Poor,1002.0,45.8,2024,2,7,2,Wednesday,14.099999999999998,1809.36
2024-02-07,Ahmedabad,Gujarat,27.4,15.0,21.2,64.5,0.0,15.7,76,Satisfactory,1005.2,20.6,2024,2,7,2,Wednesday,12.399999999999999,1367.3999999999999
2024-02-07,Jaipur,Rajasthan,35.9,21.9,28.9,52.4,56.1,20.9,318,Very Poor,1009.8,67.4,2024,2,7,2,Wednesday,14.0,1514.36
2024-02-07,Lucknow,Uttar Pradesh,33.0,24.7,28.9,30.7,0.0,15.3,343,Very Poor,1006.2,16.3,2024,2,7,2,Wednesday,8.3,887.2299999999999
2024-02-07,Bhopal,Madhya Pradesh,29.3,23.6,26.5,68.7,7.4,14.2,216,Poor,993.6,21.4,2024,2,7,2,Wednesday,5.699999999999999,1820.5500000000002
2024-02-08,Mumbai,Maharashtra,30.9,16.5,23.7,83.2,28.2,11.9,56,Satisfactory,1002.2,9.8,2024,2,8,3,Thursday,14.399999999999999,1971.84
2024-02-08,Delhi,Delhi,38.8,29.3,34.1,44.7,0.0,10.3,187,Moderate,1018.8,83.0,2024,2,8,3,Thursday,9.499999999999996,1524.2700000000002
2024-02-08,Bengaluru,Karnataka,32.0,23.4,27.7,82.4,0.0,12.7,108,Moderate,1006.9,84.9,2024,2,8,3,Thursday,8.600000000000001,2282.48
2024-02-08,Chennai,Tamil Nadu,32.6,19.5,26.1,83.5,0.0,23.4,251,Poor,994.2,93.7,2024,2,8,3,Thursday,13.100000000000001,2179.35
2024-02-08,Kolkata,West Bengal,35.6,30.3,33.0,60.9,4.1,24.3,61,Satisfactory,1009.7,72.9,2024,2,8,3,Thursday,5.300000000000001,2009.7
2024-02-08,Hyderabad,Telangana,33.4,27.2,30.3,69.8,0.0,10.2,298,Poor,1009.3,43.3,2024,2,8,3,Thursday,6.199999999999999,2114.94
2024-02-08,Ahmedabad,Gujarat,41.3,30.2,35.7,54.3,0.0,11.5,61,Satisfactory,1013.7,67.5,2024,2,8,3,Thursday,11.099999999999998,1938.51
2024-02-08,Jaipur,Rajasthan,32.9,26.1,29.5,40.2,0.0,5.9,111,Moderate,1020.8,57.9,2024,2,8,3,Thursday,6.799999999999997,1185.9
2024-02-08,Lucknow,Uttar Pradesh,35.0,22.7,28.9,92.3,72.0,23.1,164,Moderate,1012.2,64.8,2024,2,8,3,Thursday,12.3,2667.47
2024-02-08,Bhopal,Madhya Pradesh,40.0,29.7,34.9,74.0,4.3,5.4,301,Very Poor,1019.2,56.3,2024,2,8,3,Thursday,10.3,2582.6
2024-02-09,Mumbai,Maharashtra,33.6,24.8,29.2,89.5,0.0,13.8,140,Moderate,1000.8,59.4,2024,2,9,4,Friday,8.8,2613.4
2024-02-09,Delhi,Delhi,25.8,18.1,21.9,30.4,0.0,18.8,289,Poor,1002.1,68.8,2024,2,9,4,Friday,7.699999999999999,665.7599999999999
2024-02-09,Bengaluru,Karnataka,43.9,34.9,39.4,80.9,0.0,15.9,77,Satisfactory,1013.1,70.4,2024,2,9,4,Friday,9.0,3187.46
2024-02-09,Chennai,Tamil Nadu,43.8,37.0,40.4,70.5,0.0,11.6,169,Moderate,995.6,21.2,2024,2,9,4,Friday,6.799999999999997,2848.2
2024-02-09,Kolkata,West Bengal,40.1,26.2,33.2,35.5,0.0,17.2,112,Moderate,1011.1,20.5,2024,2,9,4,Friday,13.900000000000002,1178.6000000000001
2024-02-09,Hyderabad,Telangana,25.5,12.1,18.8,93.4,26.2,23.3,52,Satisfactory,1004.7,9.8,2024,2,9,4,Friday,13.4,1755.92
2024-02-09,Ahmedabad,Gujarat,36.5,27.6,32.0,31.9,5.9,9.0,163,Moderate,991.4,60.9,2024,2,9,4,Friday,8.899999999999999,1020.8
2024-02-09,Jaipur,Rajasthan,44.5,34.0,39.3,47.9,29.0,10.6,172,Moderate,1009.2,9.8,2024,2,9,4,Friday,10.5,1882.4699999999998
2024-02-09,Lucknow,Uttar Pradesh,41.6,28.6,35.1,44.6,67.2,4.2,309,Very Poor,1005.8,37.1,2024,2,9,4,Friday,13.0,1565.46
2024-02-09,Bhopal,Madhya Pradesh,26.7,19.6,23.1,78.9,0.0,9.7,90,Satisfactory,1003.8,55.3,2024,2,9,4,Friday,7.099999999999998,1822.5900000000001
2024-02-10,Mumbai,Maharashtra,36.4,23.4,29.9,79.4,0.0,10.3,57,Satisfactory,1004.3,69.6,2024,2,10,5,Saturday,13.0,2374.06
2024-02-10,Delhi,Delhi,25.7,16.8,21.2,75.3,0.0,22.4,111,Moderate,1021.3,33.2,2024,2,10,5,Saturday,8.899999999999999,1596.36
2024-02-10,Bengaluru,Karnataka,33.2,25.8,29.5,73.7,8.3,11.1,151,Moderate,995.5,75.1,2024,2,10,5,Saturday,7.400000000000002,2174.15
2024-02-10,Chennai,Tamil Nadu,38.4,30.7,34.6,35.3,20.9,24.5,219,Poor,1017.8,67.6,2024,2,10,5,Saturday,7.699999999999999,1221.3799999999999
2024-02-10,Kolkata,West Bengal,42.3,34.4,38.4,60.4,0.0,9.6,102,Moderate,1009.7,85.8,2024,2,10,5,Saturday,7.899999999999999,2319.3599999999997
2024-02-10,Hyderabad,Telangana,43.7,31.8,37.7,83.5,0.0,20.8,347,Very Poor,991.4,89.5,2024,2,10,5,Saturday,11.900000000000002,3147.9500000000003
2024-02-10,Ahmedabad,Gujarat,30.9,23.8,27.3,79.7,0.0,4.9,302,Very Poor,1024.3,69.0,2024,2,10,5,Saturday,7.099999999999998,2175.81
2024-02-10,Jaipur,Rajasthan,31.5,19.7,25.6,68.6,0.0,11.9,110,Moderate,999.7,78.0,2024,2,10,5,Saturday,11.8,1756.1599999999999
2024-02-10,Lucknow,Uttar Pradesh,38.8,31.5,35.2,70.6,0.0,5.0,53,Satisfactory,1011.2,85.7,2024,2,10,5,Saturday,7.299999999999997,2485.12
2024-02-10,Bhopal,Madhya Pradesh,39.7,31.3,35.5,61.1,0.0,2.3,48,Good,992.9,29.6,2024,2,10,5,Saturday,8.400000000000002,2169.05
2024-02-11,Mumbai,Maharashtra,37.6,28.4,33.0,65.6,1.8,24.2,218,Poor,991.8,89.6,2024,2,11,6,Sunday,9.200000000000003,2164.7999999999997
2024-02-11,Delhi,Delhi,36.3,26.3,31.3,34.5,0.0,23.1,261,Poor,1004.2,18.6,2024,2,11,6,Sunday,9.999999999999996,1079.8500000000001
2024-02-11,Bengaluru,Karnataka,30.9,20.6,25.7,75.4,9.0,17.6,40,Good,1023.1,33.1,2024,2,11,6,Sunday,10.299999999999997,1937.7800000000002
2024-02-11,Chennai,Tamil Nadu,30.4,23.3,26.8,73.0,0.0,18.8,212,Poor,1001.3,68.2,2024,2,11,6,Sunday,7.099999999999998,1956.4
2024-02-11,Kolkata,West Bengal,31.9,25.5,28.7,36.1,8.3,4.4,281,Poor,1004.1,74.2,2024,2,11,6,Sunday,6.399999999999999,1036.07
2024-02-11,Hyderabad,Telangana,27.4,22.4,24.9,76.3,0.0,14.4,215,Poor,1019.8,96.0,2024,2,11,6,Sunday,5.0,1899.87
2024-02-11,Ahmedabad,Gujarat,35.3,29.4,32.4,65.7,0.0,7.5,69,Satisfactory,993.3,34.9,2024,2,11,6,Sunday,5.899999999999999,2128.68
2024-02-11,Jaipur,Rajasthan,28.5,13.7,21.1,58.9,71.2,15.4,134,Moderate,1018.4,36.1,2024,2,11,6,Sunday,14.8,1242.79
2024-02-11,Lucknow,Uttar Pradesh,33.1,21.3,27.2,74.3,3.2,5.0,257,Poor,1010.2,70.9,2024,2,11,6,Sunday,11.8,2020.9599999999998
2024-02-11,Bhopal,Madhya Pradesh,40.1,26.3,33.2,62.5,0.0,2.6,231,Poor,1000.0,47.1,2024,2,11,6,Sunday,13.8,2075.0
2024-02-12,Mumbai,Maharashtra,42.0,35.0,38.5,38.2,0.0,15.5,57,Satisfactory,1008.9,13.2,2024,2,12,0,Monday,7.0,1470.7
2024-02-12,Delhi,Delhi,27.1,16.3,21.7,65.4,2.4,3.0,118,Moderate,1007.4,70.5,2024,2,12,0,Monday,10.8,1419.18
2024-02-12,Bengaluru,Karnataka,31.2,20.0,25.6,88.4,8.1,10.4,98,Satisfactory,1012.4,49.3,2024,2,12,0,Monday,11.2,2263.0400000000004
2024-02-12,Chennai,Tamil Nadu,39.0,28.5,33.8,53.3,0.0,3.3,142,Moderate,1016.8,71.7,2024,2,12,0,Monday,10.5,1801.5399999999997
2024-02-12,Kolkata,West Bengal,38.5,29.6,34.0,79.2,38.9,7.8,340,Very Poor,994.2,60.5,2024,2,12,0,Monday,8.899999999999999,2692.8
2024-02-12,Hyderabad,Telangana,32.6,26.9,29.7,52.1,5.1,24.9,164,Moderate,1005.8,38.7,2024,2,12,0,Monday,5.700000000000003,1547.3700000000001
2024-02-12,Ahmedabad,Gujarat,27.3,13.5,20.4,57.0,0.0,16.9,331,Very Poor,992.2,82.3,2024,2,12,0,Monday,13.8,1162.8
2024-02-12,Jaipur,Rajasthan,38.0,23.4,30.7,39.8,0.0,11.2,161,Moderate,1001.8,17.0,2024,2,12,0,Monday,14.600000000000001,1221.86
2024-02-12,Lucknow,Uttar Pradesh,28.3,15.9,22.1,43.6,0.0,22.1,288,Poor,1010.2,37.8,2024,2,12,0,Monday,12.4,963.5600000000001
2024-02-12,Bhopal,Madhya Pradesh,35.8,30.0,32.9,66.8,0.0,5.3,224,Poor,995.3,46.1,2024,2,12,0,Monday,5.799999999999997,2197.72
2024-02-13,Mumbai,Maharashtra,26.6,12.2,19.4,79.1,0.0,13.0,282,Poor,1012.1,83.7,2024,2,13,1,Tuesday,14.400000000000002,1534.5399999999997
2024-02-13,Delhi,Delhi,30.5,16.1,23.3,38.1,0.0,18.6,200,Moderate,991.4,43.5,2024,2,13,1,Tuesday,14.399999999999999,887.73
2024-02-13,Bengaluru,Karnataka,36.6,22.3,29.4,73.7,66.7,2.5,292,Poor,1024.4,13.2,2024,2,13,1,Tuesday,14.3,2166.78
2024-02-13,Chennai,Tamil Nadu,30.6,24.3,27.4,58.6,0.0,15.8,107,Moderate,1021.6,41.4,2024,2,13,1,Tuesday,6.300000000000001,1605.6399999999999
2024-02-13,Kolkata,West Bengal,33.9,28.4,31.1,83.3,0.0,20.4,235,Poor,1009.4,83.5,2024,2,13,1,Tuesday,5.5,2590.63
2024-02-13,Hyderabad,Telangana,40.7,29.7,35.2,56.9,9.6,7.1,97,Satisfactory,1011.9,59.3,2024,2,13,1,Tuesday,11.000000000000004,2002.88
2024-02-13,Ahmedabad,Gujarat,26.2,15.1,20.7,79.6,5.3,3.8,97,Satisfactory,1005.5,20.5,2024,2,13,1,Tuesday,11.1,1647.7199999999998
2024-02-13,Jaipur,Rajasthan,29.0,20.2,24.6,33.3,0.0,10.8,196,Moderate,1019.4,18.8,2024,2,13,1,Tuesday,8.8,819.18
2024-02-13,Lucknow,Uttar Pradesh,26.2,20.5,23.4,67.3,0.0,24.1,53,Satisfactory,991.7,14.3,2024,2,13,1,Tuesday,5.699999999999999,1574.82
2024-02-13,Bhopal,Madhya Pradesh,28.7,18.3,23.5,72.0,0.6,8.8,79,Satisfactory,992.7,21.1,2024,2,13,1,Tuesday,10.399999999999999,1692.0
2024-02-14,Mumbai,Maharashtra,27.5,17.3,22.4,46.0,3.6,23.8,211,Poor,995.0,41.3,2024,2,14,2,Wednesday,10.2,1030.3999999999999
2024-02-14,Delhi,Delhi,26.5,21.5,24.0,73.6,0.0,11.6,94,Satisfactory,990.8,36.9,2024,2,14,2,Wednesday,5.0,1766.3999999999999
2024-02-14,Bengaluru,Karnataka,27.0,12.4,19.7,69.0,0.0,7.4,287,Poor,993.4,22.0,2024,2,14,2,Wednesday,14.6,1359.3
2024-02-14,Chennai,Tamil Nadu,38.6,28.1,33.3,60.9,0.0,10.0,114,Moderate,1017.4,99.3,2024,2,14,2,Wednesday,10.5,2027.9699999999998
2024-02-14,Kolkata,West Bengal,42.5,29.2,35.8,44.6,38.7,6.2,266,Poor,1018.0,36.7,2024,2,14,2,Wednesday,13.3,1596.6799999999998
2024-02-14,Hyderabad,Telangana,33.4,22.6,28.0,84.1,0.0,17.9,210,Poor,994.9,44.5,2024,2,14,2,Wednesday,10.799999999999997,2354.7999999999997
2024-02-14,Ahmedabad,Gujarat,33.1,22.9,28.0,94.8,0.0,5.1,312,Very Poor,995.6,95.2,2024,2,14,2,Wednesday,10.200000000000003,2654.4
2024-02-14,Jaipur,Rajasthan,43.1,28.2,35.7,43.5,0.0,11.6,218,Poor,1002.5,61.4,2024,2,14,2,Wednesday,14.900000000000002,1552.95
2024-02-14,Lucknow,Uttar Pradesh,28.2,18.5,23.4,66.0,5.7,2.6,214,Poor,1002.4,79.1,2024,2,14,2,Wednesday,9.7,1544.3999999999999
2024-02-14,Bhopal,Madhya Pradesh,30.2,18.3,24.2,66.9,8.0,13.2,169,Moderate,994.7,29.8,2024,2,14,2,Wednesday,11.899999999999999,1618.98
2024-02-15,Mumbai,Maharashtra,37.0,26.8,31.9,48.7,0.0,18.9,331,Very Poor,990.8,60.6,2024,2,15,3,Thursday,10.2,1553.53
2024-02-15,Delhi,Delhi,28.5,18.8,23.6,35.9,0.0,14.0,46,Good,1021.4,23.6,2024,2,15,3,Thursday,9.7,847.24
2024-02-15,Bengaluru,Karnataka,42.2,31.5,36.8,87.9,0.0,19.2,96,Satisfactory,1022.0,59.4,2024,2,15,3,Thursday,10.700000000000003,3234.72
2024-02-15,Chennai,Tamil Nadu,30.4,23.4,26.9,46.0,0.0,11.8,67,Satisfactory,1011.5,12.7,2024,2,15,3,Thursday,7.0,1237.3999999999999
2024-02-15,Kolkata,West Bengal,28.4,18.3,23.3,43.9,2.9,2.3,287,Poor,1012.7,68.5,2024,2,15,3,Thursday,10.099999999999998,1022.87
2024-02-15,Hyderabad,Telangana,43.7,38.5,41.1,40.0,0.0,17.2,349,Very Poor,1013.8,93.5,2024,2,15,3,Thursday,5.200000000000003,1644.0
2024-02-15,Ahmedabad,Gujarat,39.4,31.5,35.5,87.2,26.2,7.9,306,Very Poor,997.7,18.1,2024,2,15,3,Thursday,7.899999999999999,3095.6
2024-02-15,Jaipur,Rajasthan,35.0,23.3,29.1,45.5,0.0,11.4,240,Poor,997.3,97.8,2024,2,15,3,Thursday,11.7,1324.05
2024-02-15,Lucknow,Uttar Pradesh,43.7,35.7,39.7,80.8,58.4,11.1,266,Poor,994.6,68.8,2024,2,15,3,Thursday,8.0,3207.76
2024-02-15,Bhopal,Madhya Pradesh,36.5,29.4,33.0,62.8,3.2,19.1,123,Moderate,998.1,43.5,2024,2,15,3,Thursday,7.100000000000001,2072.4
2024-02-16,Mumbai,Maharashtra,29.0,16.1,22.6,89.1,62.6,21.5,156,Moderate,996.4,95.8,2024,2,16,4,Friday,12.899999999999999,2013.66
2024-02-16,Delhi,Delhi,31.8,26.2,29.0,61.6,0.0,20.6,306,Very Poor,1020.6,33.7,2024,2,16,4,Friday,5.600000000000001,1786.4
2024-02-16,Bengaluru,Karnataka,42.1,29.5,35.8,39.5,6.9,9.6,198,Moderate,1007.5,66.3,2024,2,16,4,Friday,12.600000000000001,1414.1
2024-02-16,Chennai,Tamil Nadu,27.4,19.3,23.3,82.2,19.6,9.6,291,Poor,1013.2,76.4,2024,2,16,4,Friday,8.099999999999998,1915.2600000000002
2024-02-16,Kolkata,West Bengal,43.9,35.8,39.9,85.8,1.4,17.6,92,Satisfactory,998.8,87.9,2024,2,16,4,Friday,8.100000000000001,3423.4199999999996
2024-02-16,Hyderabad,Telangana,26.1,13.9,20.0,60.9,0.0,21.2,263,Poor,1009.2,23.0,2024,2,16,4,Friday,12.200000000000001,1218.0
2024-02-16,Ahmedabad,Gujarat,35.2,24.2,29.7,60.0,8.3,4.4,256,Poor,1019.4,68.7,2024,2,16,4,Friday,11.000000000000004,1782.0
2024-02-16,Jaipur,Rajasthan,32.3,18.5,25.4,77.1,38.5,3.1,235,Poor,1023.6,69.5,2024,2,16,4,Friday,13.799999999999997,1958.3399999999997
2024-02-16,Lucknow,Uttar Pradesh,30.4,22.9,26.7,91.2,0.0,5.2,342,Very Poor,990.4,56.7,2024,2,16,4,Friday,7.5,2435.04
2024-02-16,Bhopal,Madhya Pradesh,32.4,23.8,28.1,52.4,40.8,13.6,344,Very Poor,1007.8,18.1,2024,2,16,4,Friday,8.599999999999998,1472.44
2024-02-17,Mumbai,Maharashtra,30.0,24.3,27.1,73.1,0.0,20.1,241,Poor,996.8,82.9,2024,2,17,5,Saturday,5.699999999999999,1981.01
2024-02-17,Delhi,Delhi,33.4,23.8,28.6,46.7,0.0,15.7,325,Very Poor,1024.9,46.3,2024,2,17,5,Saturday,9.599999999999998,1335.6200000000001
2024-02-17,Bengaluru,Karnataka,31.9,26.4,29.1,43.3,0.0,23.0,92,Satisfactory,1019.5,75.5,2024,2,17,5,Saturday,5.5,1260.03
2024-02-17,Chennai,Tamil Nadu,27.4,21.7,24.6,77.1,0.0,13.8,232,Poor,1002.2,40.6,2024,2,17,5,Saturday,5.699999999999999,1896.66
2024-02-17,Kolkata,West Bengal,39.4,33.3,36.3,32.3,0.0,6.4,288,Poor,991.4,42.2,2024,2,17,5,Saturday,6.100000000000001,1172.4899999999998
2024-02-17,Hyderabad,Telangana,31.8,22.4,27.1,73.9,70.3,2.2,346,Very Poor,1017.2,48.8,2024,2,17,5,Saturday,9.400000000000002,2002.6900000000003
2024-02-17,Ahmedabad,Gujarat,34.7,19.8,27.2,79.0,47.7,21.7,147,Moderate,993.4,72.1,2024,2,17,5,Saturday,14.900000000000002,2148.7999999999997
2024-02-17,Jaipur,Rajasthan,25.1,16.1,20.6,45.3,8.2,2.0,112,Moderate,1000.8,27.9,2024,2,17,5,Saturday,9.0,933.18
2024-02-17,Lucknow,Uttar Pradesh,26.4,19.5,22.9,66.1,0.0,22.1,142,Moderate,1021.7,51.8,2024,2,17,5,Saturday,6.899999999999999,1513.6899999999998
2024-02-17,Bhopal,Madhya Pradesh,27.1,12.6,19.9,33.9,0.0,5.8,236,Poor,1017.4,16.6,2024,2,17,5,Saturday,14.500000000000002,674.6099999999999
2024-02-18,Mumbai,Maharashtra,27.5,21.8,24.6,89.1,0.0,3.8,306,Very Poor,1023.4,28.5,2024,2,18,6,Sunday,5.699999999999999,2191.86
2024-02-18,Delhi,Delhi,28.4,14.8,21.6,30.9,63.9,22.9,101,Moderate,1018.7,89.4,2024,2,18,6,Sunday,13.599999999999998,667.44
2024-02-18,Bengaluru,Karnataka,30.7,22.8,26.7,54.5,0.0,17.9,196,Moderate,995.9,34.5,2024,2,18,6,Sunday,7.899999999999999,1455.1499999999999
2024-02-18,Chennai,Tamil Nadu,40.9,28.5,34.7,72.0,0.0,10.7,124,Moderate,1004.5,8.8,2024,2,18,6,Sunday,12.399999999999999,2498.4
2024-02-18,Kolkata,West Bengal,44.1,29.6,36.8,52.9,0.0,23.8,73,Satisfactory,994.9,77.5,2024,2,18,6,Sunday,14.5,1946.7199999999998
2024-02-18,Hyderabad,Telangana,44.6,35.8,40.2,80.4,0.0,5.4,315,Very Poor,1022.8,92.2,2024,2,18,6,Sunday,8.800000000000004,3232.0800000000004
2024-02-18,Ahmedabad,Gujarat,37.5,24.4,31.0,34.5,3.4,10.2,292,Poor,995.2,61.7,2024,2,18,6,Sunday,13.100000000000001,1069.5
2024-02-18,Jaipur,Rajasthan,32.6,26.3,29.5,42.8,2.5,15.8,295,Poor,1014.4,39.4,2024,2,18,6,Sunday,6.300000000000001,1262.6
2024-02-18,Lucknow,Uttar Pradesh,29.1,19.4,24.2,82.1,17.7,9.9,253,Poor,1013.9,7.4,2024,2,18,6,Sunday,9.700000000000003,1986.8199999999997
2024-02-18,Bhopal,Madhya Pradesh,31.3,25.8,28.5,69.6,0.0,5.4,322,Very Poor,1000.4,13.5,2024,2,18,6,Sunday,5.5,1983.6
2024-02-19,Mumbai,Maharashtra,25.1,15.3,20.2,38.0,0.0,24.2,209,Poor,997.2,75.4,2024,2,19,0,Monday,9.8,767.6
2024-02-19,Delhi,Delhi,42.7,32.1,37.4,64.7,21.6,9.5,145,Moderate,1003.0,77.2,2024,2,19,0,Monday,10.600000000000001,2419.78
2024-02-19,Bengaluru,Karnataka,44.0,31.7,37.9,68.8,0.0,12.7,324,Very Poor,997.9,75.7,2024,2,19,0,Monday,12.3,2607.52
2024-02-19,Chennai,Tamil Nadu,33.5,25.1,29.3,92.5,0.0,22.9,291,Poor,1009.9,77.4,2024,2,19,0,Monday,8.399999999999999,2710.25
2024-02-19,Kolkata,West Bengal,31.8,22.5,27.2,85.2,65.6,16.3,301,Very Poor,1016.0,81.5,2024,2,19,0,Monday,9.3,2317.44
2024-02-19,Hyderabad,Telangana,32.9,27.4,30.1,56.1,6.8,10.2,272,Poor,1012.2,22.7,2024,2,19,0,Monday,5.5,1688.6100000000001
2024-02-19,Ahmedabad,Gujarat,35.9,28.9,32.4,49.0,0.0,24.2,172,Moderate,1015.0,95.9,2024,2,19,0,Monday,7.0,1587.6
2024-02-19,Jaipur,Rajasthan,34.5,20.5,27.5,64.1,0.0,4.8,52,Satisfactory,997.2,5.1,2024,2,19,0,Monday,14.0,1762.7499999999998
2024-02-19,Lucknow,Uttar Pradesh,44.5,37.1,40.8,73.1,0.0,18.7,278,Poor,1011.0,74.5,2024,2,19,0,Monday,7.399999999999999,2982.4799999999996
2024-02-19,Bhopal,Madhya Pradesh,44.5,33.8,39.1,52.2,14.8,4.7,225,Poor,1001.5,82.5,2024,2,19,0,Monday,10.700000000000003,2041.0200000000002
2024-02-20,Mumbai,Maharashtra,32.9,23.1,28.0,85.5,0.0,19.9,173,Moderate,1019.7,22.3,2024,2,20,1,Tuesday,9.799999999999997,2394.0
2024-02-20,Delhi,Delhi,28.3,16.2,22.3,64.8,0.0,3.0,305,Very Poor,1001.3,58.2,2024,2,20,1,Tuesday,12.100000000000001,1445.04
2024-02-20,Bengaluru,Karnataka,38.3,29.0,33.7,92.0,0.0,8.0,77,Satisfactory,991.8,74.0,2024,2,20,1,Tuesday,9.299999999999997,3100.4
2024-02-20,Chennai,Tamil Nadu,31.1,20.7,25.9,66.7,0.0,16.2,326,Very Poor,1023.9,74.1,2024,2,20,1,Tuesday,10.400000000000002,1727.53
2024-02-20,Kolkata,West Bengal,40.2,29.3,34.8,42.5,6.7,13.3,200,Moderate,1008.5,36.8,2024,2,20,1,Tuesday,10.900000000000002,1478.9999999999998
2024-02-20,Hyderabad,Telangana,29.0,15.9,22.4,42.1,0.9,12.1,147,Moderate,999.7,58.0,2024,2,20,1,Tuesday,13.1,943.04
2024-02-20,Ahmedabad,Gujarat,43.7,29.4,36.5,62.7,0.0,12.9,43,Good,1001.8,92.5,2024,2,20,1,Tuesday,14.300000000000004,2288.55
2024-02-20,Jaipur,Rajasthan,36.1,23.6,29.9,61.5,0.0,16.1,173,Moderate,998.3,50.9,2024,2,20,1,Tuesday,12.5,1838.85
2024-02-20,Lucknow,Uttar Pradesh,26.5,20.4,23.5,84.4,0.0,19.7,76,Satisfactory,992.2,59.8,2024,2,20,1,Tuesday,6.100000000000001,1983.4
2024-02-20,Bhopal,Madhya Pradesh,25.7,20.2,23.0,84.2,0.0,21.4,52,Satisfactory,999.2,45.1,2024,2,20,1,Tuesday,5.5,1936.6000000000001
2024-02-21,Mumbai,Maharashtra,34.0,23.2,28.6,67.1,0.0,10.4,339,Very Poor,993.5,77.8,2024,2,21,2,Wednesday,10.8,1919.06
2024-02-21,Delhi,Delhi,44.4,30.8,37.6,69.1,7.0,12.5,127,Moderate,1006.9,77.0,2024,2,21,2,Wednesday,13.599999999999998,2598.16
2024-02-21,Bengaluru,Karnataka,31.4,17.1,24.2,33.7,4.9,14.6,304,Very Poor,998.7,37.6,2024,2,21,2,Wednesday,14.299999999999997,815.5400000000001
2024-02-21,Chennai,Tamil Nadu,36.2,26.0,31.1,36.5,0.0,15.9,329,Very Poor,992.8,69.9,2024,2,21,2,Wednesday,10.200000000000003,1135.15
2024-02-21,Kolkata,West Bengal,36.5,30.3,33.4,67.8,38.4,16.9,80,Satisfactory,1021.5,64.2,2024,2,21,2,Wednesday,6.199999999999999,2264.52
2024-02-21,Hyderabad,Telangana,31.2,24.2,27.7,89.1,0.0,6.2,109,Moderate,1016.5,50.0,2024,2,21,2,Wednesday,7.0,2468.0699999999997
2024-02-21,Ahmedabad,Gujarat,37.3,31.9,34.6,51.2,20.4,6.8,278,Poor,994.6,24.3,2024,2,21,2,Wednesday,5.399999999999999,1771.5200000000002
2024-02-21,Jaipur,Rajasthan,33.5,22.9,28.2,31.4,0.4,22.4,323,Very Poor,993.0,56.1,2024,2,21,2,Wednesday,10.600000000000001,885.4799999999999
2024-02-21,Lucknow,Uttar Pradesh,32.8,19.5,26.1,38.7,62.6,17.6,125,Moderate,1002.7,94.1,2024,2,21,2,Wednesday,13.299999999999997,1010.0700000000002
2024-02-21,Bhopal,Madhya Pradesh,31.6,19.6,25.6,79.7,9.3,19.0,127,Moderate,992.2,41.8,2024,2,21,2,Wednesday,12.0,2040.3200000000002
2024-02-22,Mumbai,Maharashtra,31.1,16.3,23.7,71.8,0.0,20.4,96,Satisfactory,1005.2,87.6,2024,2,22,3,Thursday,14.8,1701.6599999999999
2024-02-22,Delhi,Delhi,44.0,36.8,40.4,51.2,7.6,12.2,58,Satisfactory,1016.0,26.7,2024,2,22,3,Thursday,7.200000000000003,2068.48
2024-02-22,Bengaluru,Karnataka,31.0,21.3,26.1,40.9,0.0,15.4,225,Poor,1021.0,19.4,2024,2,22,3,Thursday,9.7,1067.49
2024-02-22,Chennai,Tamil Nadu,38.3,29.1,33.7,75.6,0.0,17.9,154,Moderate,1013.1,8.6,2024,2,22,3,Thursday,9.199999999999996,2547.72
2024-02-22,Kolkata,West Bengal,44.6,35.4,40.0,62.6,0.0,20.3,187,Moderate,1020.3,48.4,2024,2,22,3,Thursday,9.200000000000003,2504.0
2024-02-22,Hyderabad,Telangana,32.7,18.1,25.4,75.3,0.0,3.6,312,Very Poor,1009.2,44.6,2024,2,22,3,Thursday,14.600000000000001,1912.62
2024-02-22,Ahmedabad,Gujarat,29.1,15.8,22.4,66.2,0.0,8.7,134,Moderate,1006.4,86.5,2024,2,22,3,Thursday,13.3,1482.8799999999999
2024-02-22,Jaipur,Rajasthan,28.9,22.6,25.7,49.4,0.0,5.8,146,Moderate,1001.6,94.3,2024,2,22,3,Thursday,6.299999999999997,1269.58
2024-02-22,Lucknow,Uttar Pradesh,44.8,34.9,39.8,41.6,8.9,24.6,263,Poor,991.8,14.2,2024,2,22,3,Thursday,9.899999999999999,1655.6799999999998
2024-02-22,Bhopal,Madhya Pradesh,30.6,23.8,27.2,32.6,0.0,12.8,48,Good,1011.2,45.7,2024,2,22,3,Thursday,6.800000000000001,886.72
2024-02-23,Mumbai,Maharashtra,40.7,35.6,38.1,79.5,0.0,13.0,317,Very Poor,1003.6,89.3,2024,2,23,4,Friday,5.100000000000001,3028.9500000000003
2024-02-23,Delhi,Delhi,31.7,20.6,26.1,90.2,0.0,8.4,219,Poor,1023.6,18.6,2024,2,23,4,Friday,11.099999999999998,2354.2200000000003
2024-02-23,Bengaluru,Karnataka,30.7,22.9,26.8,56.3,0.0,3.9,198,Moderate,995.4,46.8,2024,2,23,4,Friday,7.800000000000001,1508.84
2024-02-23,Chennai,Tamil Nadu,30.2,22.0,26.1,35.7,77.7,9.7,41,Good,1010.0,91.4,2024,2,23,4,Friday,8.2,931.7700000000001
2024-02-23,Kolkata,West Bengal,41.2,26.7,34.0,35.9,0.0,2.3,254,Poor,999.0,47.7,2024,2,23,4,Friday,14.500000000000004,1220.6
2024-02-23,Hyderabad,Telangana,39.7,24.7,32.2,48.7,0.0,5.9,194,Moderate,1024.2,86.1,2024,2,23,4,Friday,15.000000000000004,1568.1400000000003
2024-02-23,Ahmedabad,Gujarat,37.1,29.8,33.4,65.3,46.1,16.1,92,Satisfactory,1003.0,78.4,2024,2,23,4,Friday,7.300000000000001,2181.02
2024-02-23,Jaipur,Rajasthan,32.7,24.2,28.5,58.1,7.8,15.3,113,Moderate,1002.0,81.9,2024,2,23,4,Friday,8.500000000000004,1655.8500000000001
2024-02-23,Lucknow,Uttar Pradesh,29.5,19.4,24.5,47.0,0.0,12.2,307,Very Poor,1023.8,59.3,2024,2,23,4,Friday,10.100000000000001,1151.5
2024-02-23,Bhopal,Madhya Pradesh,27.8,17.1,22.4,86.4,0.0,4.1,308,Very Poor,1006.0,42.5,2024,2,23,4,Friday,10.7,1935.36
2024-02-24,Mumbai,Maharashtra,29.9,15.2,22.5,92.3,34.4,24.2,203,Poor,1005.5,35.5,2024,2,24,5,Saturday,14.7,2076.75
2024-02-24,Delhi,Delhi,38.8,31.0,34.9,77.9,0.0,10.1,139,Moderate,1001.0,51.6,2024,2,24,5,Saturday,7.799999999999997,2718.71
2024-02-24,Bengaluru,Karnataka,28.8,20.8,24.8,93.4,0.0,24.6,261,Poor,998.5,69.7,2024,2,24,5,Saturday,8.0,2316.32
2024-02-24,Chennai,Tamil Nadu,37.1,31.3,34.2,74.0,0.7,6.9,301,Very Poor,1019.5,7.9,2024,2,24,5,Saturday,5.800000000000001,2530.8
2024-02-24,Kolkata,West Bengal,34.2,27.0,30.6,38.7,0.0,10.0,78,Satisfactory,1011.7,56.8,2024,2,24,5,Saturday,7.200000000000003,1184.2200000000003
2024-02-24,Hyderabad,Telangana,30.8,23.4,27.1,43.9,0.0,10.4,335,Very Poor,1003.7,97.8,2024,2,24,5,Saturday,7.400000000000002,1189.69
2024-02-24,Ahmedabad,Gujarat,41.0,33.6,37.3,34.4,0.0,19.9,151,Moderate,1020.0,85.3,2024,2,24,5,Saturday,7.399999999999999,1283.12
2024-02-24,Jaipur,Rajasthan,38.7,30.6,34.7,34.0,0.0,9.6,134,Moderate,1014.3,77.8,2024,2,24,5,Saturday,8.100000000000001,1179.8000000000002
2024-02-24,Lucknow,Uttar Pradesh,41.2,33.3,37.3,59.0,58.5,7.2,323,Very Poor,1013.2,62.9,2024,2,24,5,Saturday,7.900000000000006,2200.7
2024-02-24,Bhopal,Madhya Pradesh,28.1,15.6,21.9,66.9,0.0,15.3,235,Poor,1021.1,59.1,2024,2,24,5,Saturday,12.500000000000002,1465.1100000000001
2024-02-25,Mumbai,Maharashtra,35.4,29.9,32.6,45.1,0.0,13.6,183,Moderate,1001.3,29.5,2024,2,25,6,Sunday,5.5,1470.2600000000002
2024-02-25,Delhi,Delhi,27.7,13.4,20.5,86.4,7.1,20.6,239,Poor,1016.9,15.8,2024,2,25,6,Sunday,14.299999999999999,1771.2
2024-02-25,Bengaluru,Karnataka,41.7,30.9,36.3,72.0,0.0,16.7,130,Moderate,992.9,46.3,2024,2,25,6,Sunday,10.800000000000004,2613.6
2024-02-25,Chennai,Tamil Nadu,35.9,29.6,32.7,75.0,0.0,5.3,184,Moderate,1020.7,55.2,2024,2,25,6,Sunday,6.299999999999997,2452.5
2024-02-25,Kolkata,West Bengal,27.1,15.6,21.4,86.4,0.0,4.6,82,Satisfactory,991.7,29.5,2024,2,25,6,Sunday,11.500000000000002,1848.96
2024-02-25,Hyderabad,Telangana,30.2,21.4,25.8,91.3,6.1,4.6,238,Poor,1015.8,31.1,2024,2,25,6,Sunday,8.8,2355.54
2024-02-25,Ahmedabad,Gujarat,31.8,16.8,24.3,47.1,0.0,18.0,342,Very Poor,1015.4,84.5,2024,2,25,6,Sunday,15.0,1144.53
2024-02-25,Jaipur,Rajasthan,44.5,38.9,41.7,83.4,0.0,17.0,176,Moderate,1024.4,91.6,2024,2,25,6,Sunday,5.600000000000001,3477.7800000000007
2024-02-25,Lucknow,Uttar Pradesh,25.8,17.2,21.5,83.7,0.0,11.8,238,Poor,1006.4,93.2,2024,2,25,6,Sunday,8.600000000000001,1799.55
2024-02-25,Bhopal,Madhya Pradesh,31.2,21.0,26.1,34.3,0.0,10.2,261,Poor,1013.9,67.9,2024,2,25,6,Sunday,10.2,895.23
2024-02-26,Mumbai,Maharashtra,30.4,22.2,26.3,38.1,0.0,22.0,182,Moderate,1021.2,47.7,2024,2,26,0,Monday,8.2,1002.0300000000001
2024-02-26,Delhi,Delhi,26.5,14.8,20.7,83.4,2.5,22.2,99,Satisfactory,998.5,57.3,2024,2,26,0,Monday,11.7,1726.38
2024-02-26,Bengaluru,Karnataka,27.0,12.9,20.0,83.3,7.6,12.1,68,Satisfactory,1002.0,56.9,2024,2,26,0,Monday,14.1,1666.0
2024-02-26,Chennai,Tamil Nadu,40.1,29.3,34.7,42.1,0.0,15.5,55,Satisfactory,1019.4,6.7,2024,2,26,0,Monday,10.8,1460.8700000000001
2024-02-26,Kolkata,West Bengal,36.5,23.3,29.9,51.2,0.0,2.6,220,Poor,1015.7,64.4,2024,2,26,0,Monday,13.2,1530.88
2024-02-26,Hyderabad,Telangana,39.8,28.1,34.0,43.4,0.0,17.6,234,Poor,1020.1,96.5,2024,2,26,0,Monday,11.699999999999996,1475.6
2024-02-26,Ahmedabad,Gujarat,28.7,22.6,25.7,82.8,5.8,18.2,271,Poor,1019.2,10.3,2024,2,26,0,Monday,6.099999999999998,2127.96
2024-02-26,Jaipur,Rajasthan,42.0,34.2,38.1,71.6,0.0,15.3,94,Satisfactory,995.8,72.7,2024,2,26,0,Monday,7.799999999999997,2727.96
2024-02-26,Lucknow,Uttar Pradesh,29.7,19.8,24.7,89.5,2.2,13.5,240,Poor,1021.9,18.9,2024,2,26,0,Monday,9.899999999999999,2210.65
2024-02-26,Bhopal,Madhya Pradesh,29.7,23.1,26.4,74.4,0.0,12.3,130,Moderate,1004.2,98.5,2024,2,26,0,Monday,6.599999999999998,1964.16
2024-02-27,Mumbai,Maharashtra,30.9,22.4,26.6,66.7,0.0,22.6,321,Very Poor,993.6,67.4,2024,2,27,1,Tuesday,8.5,1774.2200000000003
2024-02-27,Delhi,Delhi,28.4,13.7,21.0,59.4,0.0,6.3,84,Satisfactory,1000.6,13.8,2024,2,27,1,Tuesday,14.7,1247.3999999999999
2024-02-27,Bengaluru,Karnataka,27.1,17.9,22.5,81.7,1.5,6.5,326,Very Poor,993.4,20.9,2024,2,27,1,Tuesday,9.200000000000003,1838.25
2024-02-27,Chennai,Tamil Nadu,41.4,32.9,37.2,72.6,5.4,16.5,181,Moderate,999.3,8.7,2024,2,27,1,Tuesday,8.5,2700.72
2024-02-27,Kolkata,West Bengal,42.8,32.1,37.5,84.1,9.9,17.5,252,Poor,1024.3,98.6,2024,2,27,1,Tuesday,10.699999999999996,3153.75
2024-02-27,Hyderabad,Telangana,29.9,16.9,23.4,37.0,0.0,16.5,136,Moderate,1005.1,46.6,2024,2,27,1,Tuesday,13.0,865.8
2024-02-27,Ahmedabad,Gujarat,40.2,25.9,33.1,91.1,1.8,7.8,322,Very Poor,992.4,30.5,2024,2,27,1,Tuesday,14.300000000000004,3015.41
2024-02-27,Jaipur,Rajasthan,37.7,25.5,31.6,46.7,0.0,16.4,112,Moderate,995.1,83.2,2024,2,27,1,Tuesday,12.200000000000003,1475.7200000000003
2024-02-27,Lucknow,Uttar Pradesh,38.0,29.0,33.5,68.7,11.2,8.2,105,Moderate,1018.7,99.9,2024,2,27,1,Tuesday,9.0,2301.4500000000003
2024-02-27,Bhopal,Madhya Pradesh,30.3,18.7,24.5,92.8,9.2,5.1,90,Satisfactory,1024.2,96.6,2024,2,27,1,Tuesday,11.600000000000001,2273.6
2024-02-28,Mumbai,Maharashtra,31.0,25.0,28.0,47.7,0.0,9.9,169,Moderate,1024.3,64.8,2024,2,28,2,Wednesday,6.0,1335.6000000000001
2024-02-28,Delhi,Delhi,28.3,13.5,20.9,83.4,0.0,4.8,193,Moderate,1010.3,93.2,2024,2,28,2,Wednesday,14.8,1743.06
2024-02-28,Bengaluru,Karnataka,41.9,32.4,37.1,76.1,0.0,16.7,205,Poor,992.5,39.3,2024,2,28,2,Wednesday,9.5,2823.31
2024-02-28,Chennai,Tamil Nadu,44.9,35.2,40.1,83.0,0.0,22.4,235,Poor,1004.4,62.4,2024,2,28,2,Wednesday,9.699999999999996,3328.3
2024-02-28,Kolkata,West Bengal,33.3,26.9,30.1,36.1,0.0,6.9,196,Moderate,1015.8,35.4,2024,2,28,2,Wednesday,6.399999999999999,1086.6100000000001
2024-02-28,Hyderabad,Telangana,28.3,13.7,21.0,85.4,8.7,5.3,221,Poor,990.3,6.9,2024,2,28,2,Wednesday,14.600000000000001,1793.4
2024-02-28,Ahmedabad,Gujarat,34.1,23.9,29.0,30.5,0.0,18.8,222,Poor,998.2,82.2,2024,2,28,2,Wednesday,10.200000000000003,884.5
2024-02-28,Jaipur,Rajasthan,29.2,21.8,25.5,70.8,0.0,21.9,191,Moderate,1013.4,47.6,2024,2,28,2,Wednesday,7.399999999999999,1805.3999999999999
2024-02-28,Lucknow,Uttar Pradesh,29.1,17.8,23.5,53.3,0.0,15.0,179,Moderate,1022.1,81.1,2024,2,28,2,Wednesday,11.3,1252.55
2024-02-28,Bhopal,Madhya Pradesh,39.4,28.5,33.9,62.0,0.0,23.0,205,Poor,1001.7,95.5,2024,2,28,2,Wednesday,10.899999999999999,2101.7999999999997
2024-02-29,Mumbai,Maharashtra,37.6,27.2,32.4,38.4,3.8,12.3,91,Satisfactory,1017.2,25.9,2024,2,29,3,Thursday,10.400000000000002,1244.1599999999999
2024-02-29,Delhi,Delhi,33.1,18.9,26.0,76.2,0.0,24.6,221,Poor,1013.3,32.1,2024,2,29,3,Thursday,14.200000000000003,1981.2
2024-02-29,Bengaluru,Karnataka,27.2,12.5,19.9,41.4,6.5,19.9,316,Very Poor,1013.6,63.4,2024,2,29,3,Thursday,14.7,823.8599999999999
2024-02-29,Chennai,Tamil Nadu,26.6,18.3,22.4,46.1,9.9,17.7,127,Moderate,997.4,27.7,2024,2,29,3,Thursday,8.3,1032.6399999999999
2024-02-29,Kolkata,West Bengal,33.2,25.9,29.6,31.3,0.0,9.8,295,Poor,990.2,69.6,2024,2,29,3,Thursday,7.300000000000004,926.48
2024-02-29,Hyderabad,Telangana,27.9,21.3,24.6,81.4,6.2,9.1,291,Poor,1002.9,78.1,2024,2,29,3,Thursday,6.599999999999998,2002.4400000000003
2024-02-29,Ahmedabad,Gujarat,33.0,18.5,25.8,56.4,43.9,22.9,295,Poor,993.1,94.0,2024,2,29,3,Thursday,14.5,1455.12
2024-02-29,Jaipur,Rajasthan,40.8,33.8,37.3,82.3,30.2,3.1,218,Poor,995.2,56.1,2024,2,29,3,Thursday,7.0,3069.7899999999995
2024-02-29,Lucknow,Uttar Pradesh,37.9,32.7,35.3,92.4,0.0,15.0,295,Poor,1022.6,68.3,2024,2,29,3,Thursday,5.199999999999996,3261.72
2024-02-29,Bhopal,Madhya Pradesh,25.3,14.8,20.1,59.9,5.0,13.6,86,Satisfactory,1016.8,51.1,2024,2,29,3,Thursday,10.5,1203.99
2024-03-01,Mumbai,Maharashtra,38.0,31.2,34.6,86.7,21.0,13.9,118,Moderate,992.6,64.5,2024,3,1,4,Friday,6.800000000000001,2999.82
2024-03-01,Delhi,Delhi,41.1,27.9,34.5,93.6,5.1,5.0,67,Satisfactory,1009.1,56.9,2024,3,1,4,Friday,13.200000000000003,3229.2
2024-03-01,Bengaluru,Karnataka,33.4,19.8,26.6,85.6,0.0,22.1,71,Satisfactory,994.5,73.4,2024,3,1,4,Friday,13.599999999999998,2276.96
2024-03-01,Chennai,Tamil Nadu,37.5,28.9,33.2,81.3,0.0,18.4,308,Very Poor,1020.6,17.0,2024,3,1,4,Friday,8.600000000000001,2699.1600000000003
2024-03-01,Kolkata,West Bengal,36.9,30.6,33.7,57.8,1.7,4.4,330,Very Poor,1007.7,82.4,2024,3,1,4,Friday,6.299999999999997,1947.8600000000001
2024-03-01,Hyderabad,Telangana,35.3,20.8,28.0,64.8,0.0,12.9,297,Poor,1007.2,85.4,2024,3,1,4,Friday,14.499999999999996,1814.3999999999999
2024-03-01,Ahmedabad,Gujarat,33.1,24.7,28.9,62.0,5.8,13.2,114,Moderate,1001.7,15.1,2024,3,1,4,Friday,8.400000000000002,1791.8
2024-03-01,Jaipur,Rajasthan,44.0,35.9,40.0,41.0,0.0,9.4,150,Moderate,1009.0,57.4,2024,3,1,4,Friday,8.100000000000001,1640.0
2024-03-01,Lucknow,Uttar Pradesh,33.9,19.3,26.6,54.5,0.0,19.5,46,Good,997.2,72.4,2024,3,1,4,Friday,14.599999999999998,1449.7
2024-03-01,Bhopal,Madhya Pradesh,33.4,20.6,27.0,52.0,5.7,3.2,311,Very Poor,1019.8,23.8,2024,3,1,4,Friday,12.799999999999997,1404.0
2024-03-02,Mumbai,Maharashtra,32.1,19.8,25.9,50.7,0.0,13.3,332,Very Poor,992.9,23.6,2024,3,2,5,Saturday,12.3,1313.13
2024-03-02,Delhi,Delhi,44.5,35.8,40.1,90.0,5.5,17.2,248,Poor,1024.6,30.2,2024,3,2,5,Saturday,8.700000000000003,3609.0
2024-03-02,Bengaluru,Karnataka,26.0,19.9,23.0,30.3,10.0,13.7,128,Moderate,1000.5,19.4,2024,3,2,5,Saturday,6.100000000000001,696.9
2024-03-02,Chennai,Tamil Nadu,32.5,20.0,26.2,65.1,0.0,11.4,288,Poor,1022.7,65.6,2024,3,2,5,Saturday,12.5,1705.62
2024-03-02,Kolkata,West Bengal,34.3,25.7,30.0,37.0,0.0,13.8,333,Very Poor,1007.1,64.4,2024,3,2,5,Saturday,8.599999999999998,1110.0
2024-03-02,Hyderabad,Telangana,36.6,26.2,31.4,33.3,0.0,19.1,299,Poor,1015.3,17.9,2024,3,2,5,Saturday,10.400000000000002,1045.62
2024-03-02,Ahmedabad,Gujarat,28.1,20.1,24.1,46.2,0.0,11.4,84,Satisfactory,1024.5,10.3,2024,3,2,5,Saturday,8.0,1113.42
2024-03-02,Jaipur,Rajasthan,26.1,14.8,20.4,33.5,0.0,14.9,138,Moderate,996.0,23.8,2024,3,2,5,Saturday,11.3,683.4
2024-03-02,Lucknow,Uttar Pradesh,36.9,29.8,33.3,37.6,9.7,20.1,85,Satisfactory,1000.4,17.9,2024,3,2,5,Saturday,7.099999999999998,1252.08
2024-03-02,Bhopal,Madhya Pradesh,38.9,27.5,33.2,80.9,0.0,7.6,62,Satisfactory,1019.5,24.9,2024,3,2,5,Saturday,11.399999999999999,2685.8800000000006
2024-03-03,Mumbai,Maharashtra,39.1,30.0,34.6,89.8,16.3,7.9,55,Satisfactory,1001.8,43.2,2024,3,3,6,Sunday,9.100000000000001,3107.08
2024-03-03,Delhi,Delhi,34.9,28.7,31.8,56.1,3.6,5.5,86,Satisfactory,1002.8,40.5,2024,3,3,6,Sunday,6.199999999999999,1783.98
2024-03-03,Bengaluru,Karnataka,41.0,28.9,34.9,42.4,3.7,4.8,160,Moderate,1024.5,79.2,2024,3,3,6,Sunday,12.100000000000001,1479.76
2024-03-03,Chennai,Tamil Nadu,36.6,22.5,29.5,66.0,1.8,16.8,317,Very Poor,1012.8,87.3,2024,3,3,6,Sunday,14.100000000000001,1947.0
2024-03-03,Kolkata,West Bengal,43.4,37.4,40.4,65.4,7.4,5.8,66,Satisfactory,1017.9,73.4,2024,3,3,6,Sunday,6.0,2642.1600000000003
2024-03-03,Hyderabad,Telangana,34.3,27.5,30.9,51.9,0.0,16.3,106,Moderate,1013.2,84.4,2024,3,3,6,Sunday,6.799999999999997,1603.7099999999998
2024-03-03,Ahmedabad,Gujarat,27.4,13.9,20.7,40.2,0.0,24.6,237,Poor,993.4,33.8,2024,3,3,6,Sunday,13.499999999999998,832.14
2024-03-03,Jaipur,Rajasthan,32.0,17.7,24.9,34.3,5.5,7.9,100,Satisfactory,1002.8,85.1,2024,3,3,6,Sunday,14.3,854.0699999999999
2024-03-03,Lucknow,Uttar Pradesh,41.5,30.9,36.2,79.5,0.0,22.0,180,Moderate,1005.1,96.8,2024,3,3,6,Sunday,10.600000000000001,2877.9
2024-03-03,Bhopal,Madhya Pradesh,27.9,19.0,23.4,91.9,70.8,10.1,136,Moderate,992.9,73.8,2024,3,3,6,Sunday,8.899999999999999,2150.46
2024-03-04,Mumbai,Maharashtra,40.7,31.2,35.9,61.5,0.0,10.7,290,Poor,1002.9,55.0,2024,3,4,0,Monday,9.500000000000004,2207.85
2024-03-04,Delhi,Delhi,32.2,22.0,27.1,73.6,29.4,18.6,49,Good,1010.2,66.5,2024,3,4,0,Monday,10.200000000000003,1994.56
2024-03-04,Bengaluru,Karnataka,37.4,27.3,32.3,65.5,0.0,23.9,56,Satisfactory,1004.3,49.3,2024,3,4,0,Monday,10.099999999999998,2115.6499999999996
2024-03-04,Chennai,Tamil Nadu,25.8,13.6,19.7,65.0,5.1,5.9,128,Moderate,996.6,48.8,2024,3,4,0,Monday,12.200000000000001,1280.5
2024-03-04,Kolkata,West Bengal,29.9,18.5,24.2,72.3,0.0,8.3,260,Poor,1024.3,61.6,2024,3,4,0,Monday,11.399999999999999,1749.6599999999999
2024-03-04,Hyderabad,Telangana,25.1,15.0,20.1,32.4,74.5,14.4,248,Poor,1006.0,94.8,2024,3,4,0,Monday,10.100000000000001,651.24
2024-03-04,Ahmedabad,Gujarat,26.3,16.6,21.5,45.6,0.0,10.2,297,Poor,995.7,52.9,2024,3,4,0,Monday,9.7,980.4
2024-03-04,Jaipur,Rajasthan,38.3,29.9,34.1,90.8,0.0,19.1,315,Very Poor,1019.0,96.9,2024,3,4,0,Monday,8.399999999999999,3096.28
2024-03-04,Lucknow,Uttar Pradesh,37.0,26.7,31.9,31.8,2.5,14.8,215,Poor,1016.0,31.6,2024,3,4,0,Monday,10.3,1014.42
2024-03-04,Bhopal,Madhya Pradesh,26.8,17.6,22.2,78.8,0.0,13.5,305,Very Poor,1001.5,46.9,2024,3,4,0,Monday,9.2,1749.36
2024-03-05,Mumbai,Maharashtra,38.7,24.9,31.8,43.2,14.2,9.6,331,Very Poor,1001.0,53.6,2024,3,5,1,Tuesday,13.800000000000004,1373.7600000000002
2024-03-05,Delhi,Delhi,26.0,17.4,21.7,85.7,0.0,10.9,196,Moderate,1022.0,77.4,2024,3,5,1,Tuesday,8.600000000000001,1859.69
2024-03-05,Bengaluru,Karnataka,44.8,35.1,39.9,33.8,0.0,23.8,223,Poor,1016.8,30.5,2024,3,5,1,Tuesday,9.699999999999996,1348.62
2024-03-05,Chennai,Tamil Nadu,39.4,25.0,32.2,87.3,0.0,14.7,204,Poor,994.0,17.0,2024,3,5,1,Tuesday,14.399999999999999,2811.06
2024-03-05,Kolkata,West Bengal,30.4,25.2,27.8,77.0,0.0,24.3,211,Poor,1006.9,11.0,2024,3,5,1,Tuesday,5.199999999999999,2140.6
2024-03-05,Hyderabad,Telangana,41.8,26.9,34.3,58.0,0.0,16.2,147,Moderate,1004.2,8.9,2024,3,5,1,Tuesday,14.899999999999999,1989.3999999999999
2024-03-05,Ahmedabad,Gujarat,30.3,18.4,24.4,91.7,0.0,14.4,277,Poor,992.5,93.7,2024,3,5,1,Tuesday,11.900000000000002,2237.48
2024-03-05,Jaipur,Rajasthan,38.2,24.9,31.5,72.1,60.0,13.9,79,Satisfactory,994.1,55.2,2024,3,5,1,Tuesday,13.300000000000004,2271.1499999999996
2024-03-05,Lucknow,Uttar Pradesh,36.8,27.0,31.9,70.5,0.0,23.9,261,Poor,1003.4,45.3,2024,3,5,1,Tuesday,9.799999999999997,2248.95
2024-03-05,Bhopal,Madhya Pradesh,37.1,29.1,33.1,56.7,0.0,10.6,281,Poor,990.9,26.1,2024,3,5,1,Tuesday,8.0,1876.7700000000002
2024-03-06,Mumbai,Maharashtra,29.0,23.2,26.1,60.8,0.2,19.7,251,Poor,1022.0,86.2,2024,3,6,2,Wednesday,5.800000000000001,1586.88
2024-03-06,Delhi,Delhi,26.0,13.2,19.6,85.0,0.0,21.4,88,Satisfactory,1015.5,98.2,2024,3,6,2,Wednesday,12.8,1666.0000000000002
2024-03-06,Bengaluru,Karnataka,29.5,22.4,26.0,81.5,14.7,2.6,300,Poor,1019.2,39.7,2024,3,6,2,Wednesday,7.100000000000001,2119.0
2024-03-06,Chennai,Tamil Nadu,36.1,22.1,29.1,90.2,0.0,17.4,228,Poor,1021.1,48.7,2024,3,6,2,Wednesday,14.0,2624.82
2024-03-06,Kolkata,West Bengal,28.8,15.7,22.2,92.9,0.0,14.9,177,Moderate,1007.6,18.7,2024,3,6,2,Wednesday,13.100000000000001,2062.38
2024-03-06,Hyderabad,Telangana,31.7,21.5,26.6,68.1,0.2,10.4,336,Very Poor,991.9,76.7,2024,3,6,2,Wednesday,10.2,1811.46
2024-03-06,Ahmedabad,Gujarat,29.8,21.6,25.7,41.9,0.0,18.0,170,Moderate,1009.6,41.7,2024,3,6,2,Wednesday,8.2,1076.83
2024-03-06,Jaipur,Rajasthan,36.2,31.2,33.7,35.1,8.8,23.2,216,Poor,999.5,40.2,2024,3,6,2,Wednesday,5.0000000000000036,1182.8700000000001
2024-03-06,Lucknow,Uttar Pradesh,42.6,28.2,35.4,78.1,0.0,12.8,285,Poor,991.7,23.2,2024,3,6,2,Wednesday,14.400000000000002,2764.74
2024-03-06,Bhopal,Madhya Pradesh,34.1,26.1,30.1,55.0,0.0,4.7,220,Poor,998.8,92.5,2024,3,6,2,Wednesday,8.0,1655.5
2024-03-07,Mumbai,Maharashtra,35.7,24.7,30.2,53.8,0.0,5.0,135,Moderate,1008.8,94.0,2024,3,7,3,Thursday,11.000000000000004,1624.7599999999998
2024-03-07,Delhi,Delhi,42.4,29.7,36.1,46.1,0.5,6.6,264,Poor,1003.0,52.7,2024,3,7,3,Thursday,12.7,1664.21
2024-03-07,Bengaluru,Karnataka,27.3,18.2,22.7,61.5,0.0,20.6,256,Poor,1014.3,57.8,2024,3,7,3,Thursday,9.100000000000001,1396.05
2024-03-07,Chennai,Tamil Nadu,33.2,26.9,30.0,73.3,0.0,22.9,179,Moderate,1010.6,13.1,2024,3,7,3,Thursday,6.300000000000004,2199.0
2024-03-07,Kolkata,West Bengal,40.1,27.2,33.7,62.1,0.0,22.7,306,Very Poor,1021.4,70.1,2024,3,7,3,Thursday,12.900000000000002,2092.7700000000004
2024-03-07,Hyderabad,Telangana,26.8,13.1,20.0,50.8,0.0,7.8,131,Moderate,1001.2,17.8,2024,3,7,3,Thursday,13.700000000000001,1016.0
2024-03-07,Ahmedabad,Gujarat,36.4,27.0,31.7,52.5,7.5,9.6,80,Satisfactory,1016.1,19.4,2024,3,7,3,Thursday,9.399999999999999,1664.25
2024-03-07,Jaipur,Rajasthan,31.9,18.8,25.4,46.0,19.2,16.6,203,Poor,998.9,57.8,2024,3,7,3,Thursday,13.099999999999998,1168.3999999999999
2024-03-07,Lucknow,Uttar Pradesh,38.1,30.8,34.4,86.2,0.0,10.6,62,Satisfactory,1002.3,56.6,2024,3,7,3,Thursday,7.300000000000001,2965.28
2024-03-07,Bhopal,Madhya Pradesh,40.8,33.6,37.2,74.0,8.1,17.2,131,Moderate,1002.4,81.8,2024,3,7,3,Thursday,7.199999999999996,2752.8
2024-03-08,Mumbai,Maharashtra,36.4,24.0,30.2,54.6,3.1,23.4,320,Very Poor,1009.1,67.8,2024,3,8,4,Friday,12.399999999999999,1648.92
2024-03-08,Delhi,Delhi,27.0,19.7,23.3,76.1,0.0,4.1,130,Moderate,1005.3,26.9,2024,3,8,4,Friday,7.300000000000001,1773.1299999999999
2024-03-08,Bengaluru,Karnataka,40.4,34.7,37.6,83.8,0.0,9.8,290,Poor,993.1,96.3,2024,3,8,4,Friday,5.699999999999996,3150.88
2024-03-08,Chennai,Tamil Nadu,34.2,27.0,30.6,90.7,0.0,23.7,330,Very Poor,990.1,27.6,2024,3,8,4,Friday,7.200000000000003,2775.42
2024-03-08,Kolkata,West Bengal,28.4,22.3,25.4,67.1,43.4,17.6,166,Moderate,992.6,99.3,2024,3,8,4,Friday,6.099999999999998,1704.3399999999997
2024-03-08,Hyderabad,Telangana,30.7,20.2,25.5,49.8,0.0,21.2,128,Moderate,1010.0,99.9,2024,3,8,4,Friday,10.5,1269.8999999999999
2024-03-08,Ahmedabad,Gujarat,30.6,24.0,27.3,40.7,65.5,24.4,141,Moderate,998.1,88.7,2024,3,8,4,Friday,6.600000000000001,1111.1100000000001
2024-03-08,Jaipur,Rajasthan,27.3,13.6,20.4,71.3,0.0,18.9,56,Satisfactory,1005.9,99.0,2024,3,8,4,Friday,13.700000000000001,1454.5199999999998
2024-03-08,Lucknow,Uttar Pradesh,32.1,22.3,27.2,62.7,61.0,23.6,210,Poor,1018.2,85.8,2024,3,8,4,Friday,9.8,1705.44
2024-03-08,Bhopal,Madhya Pradesh,41.5,33.5,37.5,55.9,0.0,24.1,203,Poor,1000.9,14.3,2024,3,8,4,Friday,8.0,2096.25
2024-03-09,Mumbai,Maharashtra,26.1,20.0,23.1,44.3,4.7,19.0,138,Moderate,1004.9,36.7,2024,3,9,5,Saturday,6.100000000000001,1023.33
2024-03-09,Delhi,Delhi,40.5,35.0,37.7,30.8,0.0,7.4,260,Poor,1022.6,86.7,2024,3,9,5,Saturday,5.5,1161.16
2024-03-09,Bengaluru,Karnataka,34.6,24.4,29.5,93.4,9.7,6.5,165,Moderate,997.5,69.2,2024,3,9,5,Saturday,10.200000000000003,2755.3
2024-03-09,Chennai,Tamil Nadu,43.6,37.7,40.7,63.2,0.0,10.4,340,Very Poor,1011.7,20.1,2024,3,9,5,Saturday,5.899999999999999,2572.2400000000002
2024-03-09,Kolkata,West Bengal,43.3,36.6,40.0,37.9,0.0,11.6,62,Satisfactory,1005.7,61.9,2024,3,9,5,Saturday,6.699999999999996,1516.0
2024-03-09,Hyderabad,Telangana,29.5,15.2,22.4,89.0,0.0,16.4,236,Poor,999.6,91.4,2024,3,9,5,Saturday,14.3,1993.6
2024-03-09,Ahmedabad,Gujarat,26.4,12.3,19.4,92.3,0.0,11.0,336,Very Poor,996.3,59.9,2024,3,9,5,Saturday,14.099999999999998,1790.62
2024-03-09,Jaipur,Rajasthan,35.1,29.2,32.1,70.3,0.0,6.4,122,Moderate,996.7,78.0,2024,3,9,5,Saturday,5.900000000000002,2256.63
2024-03-09,Lucknow,Uttar Pradesh,40.3,33.3,36.8,50.9,76.0,6.8,198,Moderate,1002.5,19.2,2024,3,9,5,Saturday,7.0,1873.12
2024-03-09,Bhopal,Madhya Pradesh,34.2,20.2,27.2,90.5,44.4,20.6,170,Moderate,990.1,35.4,2024,3,9,5,Saturday,14.000000000000004,2461.6
2024-03-10,Mumbai,Maharashtra,29.6,22.6,26.1,32.5,0.0,7.3,189,Moderate,1018.1,85.9,2024,3,10,6,Sunday,7.0,848.25
2024-03-10,Delhi,Delhi,33.3,18.5,25.9,43.0,0.0,10.7,167,Moderate,1021.9,63.5,2024,3,10,6,Sunday,14.799999999999997,1113.7
2024-03-10,Bengaluru,Karnataka,43.7,38.2,40.9,43.7,0.0,11.3,237,Poor,1012.7,71.3,2024,3,10,6,Sunday,5.5,1787.3300000000002
2024-03-10,Chennai,Tamil Nadu,31.4,25.5,28.4,57.8,0.0,9.3,136,Moderate,1016.8,52.3,2024,3,10,6,Sunday,5.899999999999999,1641.5199999999998
2024-03-10,Kolkata,West Bengal,41.2,27.6,34.4,73.7,0.6,5.1,46,Good,998.0,88.8,2024,3,10,6,Sunday,13.600000000000001,2535.28
2024-03-10,Hyderabad,Telangana,40.1,30.3,35.2,59.0,0.0,14.4,336,Very Poor,1013.7,71.7,2024,3,10,6,Sunday,9.8,2076.8
2024-03-10,Ahmedabad,Gujarat,35.6,26.6,31.1,92.0,0.0,21.4,185,Moderate,1002.7,67.7,2024,3,10,6,Sunday,9.0,2861.2000000000003
2024-03-10,Jaipur,Rajasthan,29.0,18.0,23.5,33.9,0.0,19.2,52,Satisfactory,1019.0,78.3,2024,3,10,6,Sunday,11.0,796.65
2024-03-10,Lucknow,Uttar Pradesh,28.9,18.5,23.7,90.8,0.0,11.9,49,Good,1006.5,20.0,2024,3,10,6,Sunday,10.399999999999999,2151.96
2024-03-10,Bhopal,Madhya Pradesh,43.9,36.5,40.2,45.6,0.0,17.3,232,Poor,1021.9,37.8,2024,3,10,6,Sunday,7.399999999999999,1833.1200000000001
2024-03-11,Mumbai,Maharashtra,25.8,18.9,22.3,84.0,0.0,14.3,104,Moderate,990.0,27.9,2024,3,11,0,Monday,6.900000000000002,1873.2
2024-03-11,Delhi,Delhi,30.0,17.0,23.5,48.2,45.3,7.6,271,Poor,992.7,38.9,2024,3,11,0,Monday,13.0,1132.7
2024-03-11,Bengaluru,Karnataka,36.0,22.8,29.4,92.4,0.0,2.9,87,Satisfactory,1024.5,41.4,2024,3,11,0,Monday,13.2,2716.56
2024-03-11,Chennai,Tamil Nadu,38.3,30.5,34.4,68.1,5.9,8.1,245,Poor,1005.7,56.1,2024,3,11,0,Monday,7.799999999999997,2342.64
2024-03-11,Kolkata,West Bengal,40.7,31.7,36.2,72.0,0.0,18.8,190,Moderate,990.7,24.5,2024,3,11,0,Monday,9.000000000000004,2606.4
2024-03-11,Hyderabad,Telangana,42.6,32.3,37.4,90.4,0.0,20.5,322,Very Poor,998.6,90.5,2024,3,11,0,Monday,10.300000000000004,3380.96
2024-03-11,Ahmedabad,Gujarat,43.9,33.7,38.8,74.0,7.8,2.8,96,Satisfactory,1007.4,19.7,2024,3,11,0,Monday,10.199999999999996,2871.2
2024-03-11,Jaipur,Rajasthan,32.3,23.0,27.6,70.5,0.0,15.2,268,Poor,1012.3,57.9,2024,3,11,0,Monday,9.299999999999997,1945.8000000000002
2024-03-11,Lucknow,Uttar Pradesh,31.7,19.1,25.4,58.1,0.0,17.0,66,Satisfactory,1011.7,34.4,2024,3,11,0,Monday,12.599999999999998,1475.74
2024-03-11,Bhopal,Madhya Pradesh,26.8,12.6,19.7,74.8,0.0,21.2,315,Very Poor,991.5,27.5,2024,3,11,0,Monday,14.200000000000001,1473.56
2024-03-12,Mumbai,Maharashtra,25.2,18.2,21.7,92.3,0.0,2.6,168,Moderate,998.6,88.7,2024,3,12,1,Tuesday,7.0,2002.9099999999999
2024-03-12,Delhi,Delhi,39.4,25.2,32.3,56.5,46.2,20.5,217,Poor,992.3,70.8,2024,3,12,1,Tuesday,14.2,1824.9499999999998
2024-03-12,Bengaluru,Karnataka,43.1,36.9,40.0,64.7,0.0,3.6,332,Very Poor,999.7,35.8,2024,3,12,1,Tuesday,6.200000000000003,2588.0
2024-03-12,Chennai,Tamil Nadu,30.7,21.0,25.8,73.6,1.7,21.9,79,Satisfactory,1011.9,68.6,2024,3,12,1,Tuesday,9.7,1898.8799999999999
2024-03-12,Kolkata,West Bengal,43.9,37.6,40.8,80.4,2.7,19.3,231,Poor,997.7,47.1,2024,3,12,1,Tuesday,6.299999999999997,3280.32
2024-03-12,Hyderabad,Telangana,40.4,34.4,37.4,92.6,8.9,13.9,220,Poor,1006.2,34.9,2024,3,12,1,Tuesday,6.0,3463.24
2024-03-12,Ahmedabad,Gujarat,39.6,30.5,35.0,70.9,0.0,21.8,114,Moderate,1006.0,29.9,2024,3,12,1,Tuesday,9.100000000000001,2481.5
2024-03-12,Jaipur,Rajasthan,34.7,20.8,27.7,54.6,0.0,24.8,195,Moderate,1017.0,25.0,2024,3,12,1,Tuesday,13.900000000000002,1512.42
2024-03-12,Lucknow,Uttar Pradesh,29.7,20.6,25.1,80.7,26.0,15.6,227,Poor,1003.3,52.7,2024,3,12,1,Tuesday,9.099999999999998,2025.5700000000002
2024-03-12,Bhopal,Madhya Pradesh,36.2,26.3,31.3,62.8,0.0,5.0,333,Very Poor,1016.8,93.6,2024,3,12,1,Tuesday,9.900000000000002,1965.6399999999999
2024-03-13,Mumbai,Maharashtra,32.4,26.0,29.2,63.7,0.0,7.8,286,Poor,1004.2,41.4,2024,3,13,2,Wednesday,6.399999999999999,1860.04
2024-03-13,Delhi,Delhi,34.1,27.4,30.8,47.4,5.1,15.0,322,Very Poor,1015.0,94.1,2024,3,13,2,Wednesday,6.700000000000003,1459.92
2024-03-13,Bengaluru,Karnataka,43.9,36.5,40.2,38.6,72.7,21.8,171,Moderate,993.9,95.0,2024,3,13,2,Wednesday,7.399999999999999,1551.7200000000003
2024-03-13,Chennai,Tamil Nadu,25.2,15.8,20.5,33.0,0.0,16.1,174,Moderate,1020.4,67.9,2024,3,13,2,Wednesday,9.399999999999999,676.5
2024-03-13,Kolkata,West Bengal,41.4,27.3,34.4,37.8,0.0,17.4,291,Poor,1020.2,20.5,2024,3,13,2,Wednesday,14.099999999999998,1300.32
2024-03-13,Hyderabad,Telangana,42.1,27.9,35.0,47.2,0.0,3.2,177,Moderate,991.5,73.4,2024,3,13,2,Wednesday,14.200000000000003,1652.0
2024-03-13,Ahmedabad,Gujarat,30.1,23.2,26.7,73.5,0.0,6.4,150,Moderate,1003.5,51.1,2024,3,13,2,Wednesday,6.900000000000002,1962.45
2024-03-13,Jaipur,Rajasthan,31.4,16.8,24.1,71.7,40.1,8.9,227,Poor,993.3,77.0,2024,3,13,2,Wednesday,14.599999999999998,1727.9700000000003
2024-03-13,Lucknow,Uttar Pradesh,36.4,30.9,33.6,39.1,0.0,14.5,301,Very Poor,999.9,95.1,2024,3,13,2,Wednesday,5.5,1313.76
2024-03-13,Bhopal,Madhya Pradesh,39.4,33.7,36.6,36.9,21.2,5.6,238,Poor,1007.1,39.6,2024,3,13,2,Wednesday,5.699999999999996,1350.54
2024-03-14,Mumbai,Maharashtra,27.6,18.3,22.9,47.9,12.8,21.2,49,Good,1000.4,80.0,2024,3,14,3,Thursday,9.3,1096.9099999999999
2024-03-14,Delhi,Delhi,44.3,34.1,39.2,49.7,14.6,2.9,334,Very Poor,1012.9,47.1,2024,3,14,3,Thursday,10.199999999999996,1948.2400000000002
2024-03-14,Bengaluru,Karnataka,29.9,19.6,24.8,61.4,0.0,6.9,217,Poor,1015.8,23.0,2024,3,14,3,Thursday,10.299999999999997,1522.72
2024-03-14,Chennai,Tamil Nadu,29.3,15.7,22.5,91.2,0.0,3.1,205,Poor,999.4,67.2,2024,3,14,3,Thursday,13.600000000000001,2052.0
2024-03-14,Kolkata,West Bengal,43.9,34.9,39.4,75.1,0.0,12.5,331,Very Poor,1006.5,72.1,2024,3,14,3,Thursday,9.0,2958.9399999999996
2024-03-14,Hyderabad,Telangana,31.6,26.2,28.9,62.3,5.5,24.7,311,Very Poor,1023.1,23.7,2024,3,14,3,Thursday,5.400000000000002,1800.4699999999998
2024-03-14,Ahmedabad,Gujarat,39.1,29.6,34.3,65.1,0.0,13.3,319,Very Poor,1010.3,23.0,2024,3,14,3,Thursday,9.5,2232.93
2024-03-14,Jaipur,Rajasthan,38.5,27.2,32.8,36.5,0.0,14.1,67,Satisfactory,1004.1,60.9,2024,3,14,3,Thursday,11.3,1197.1999999999998
2024-03-14,Lucknow,Uttar Pradesh,33.6,26.9,30.2,94.2,0.0,4.2,171,Moderate,1024.2,32.2,2024,3,14,3,Thursday,6.700000000000003,2844.84
2024-03-14,Bhopal,Madhya Pradesh,38.0,32.8,35.4,82.7,0.0,5.7,117,Moderate,1021.3,70.2,2024,3,14,3,Thursday,5.200000000000003,2927.58
2024-03-15,Mumbai,Maharashtra,26.3,14.4,20.4,67.2,0.0,17.4,225,Poor,1024.0,21.7,2024,3,15,4,Friday,11.9,1370.8799999999999
2024-03-15,Delhi,Delhi,33.5,24.0,28.8,46.5,0.0,9.0,261,Poor,996.4,13.2,2024,3,15,4,Friday,9.5,1339.2
2024-03-15,Bengaluru,Karnataka,28.9,17.0,23.0,55.4,0.0,4.3,246,Poor,1000.8,68.1,2024,3,15,4,Friday,11.899999999999999,1274.2
2024-03-15,Chennai,Tamil Nadu,30.7,21.1,25.9,42.6,11.6,6.8,79,Satisfactory,998.0,31.6,2024,3,15,4,Friday,9.599999999999998,1103.34
2024-03-15,Kolkata,West Bengal,37.8,32.0,34.9,38.7,6.5,14.8,76,Satisfactory,999.0,66.8,2024,3,15,4,Friday,5.799999999999997,1350.63
2024-03-15,Hyderabad,Telangana,35.7,26.4,31.0,47.4,71.0,16.0,119,Moderate,1004.2,26.4,2024,3,15,4,Friday,9.300000000000004,1469.3999999999999
2024-03-15,Ahmedabad,Gujarat,34.6,25.9,30.3,89.4,0.0,21.2,143,Moderate,1012.8,63.3,2024,3,15,4,Friday,8.700000000000003,2708.82
2024-03-15,Jaipur,Rajasthan,41.4,36.0,38.7,86.6,0.0,17.4,178,Moderate,990.4,87.8,2024,3,15,4,Friday,5.399999999999999,3351.42
2024-03-15,Lucknow,Uttar Pradesh,31.9,25.5,28.7,58.6,5.0,11.7,290,Poor,1023.6,61.9,2024,3,15,4,Friday,6.399999999999999,1681.82
2024-03-15,Bhopal,Madhya Pradesh,27.2,18.2,22.7,51.9,0.0,3.7,247,Poor,1019.8,25.2,2024,3,15,4,Friday,9.0,1178.1299999999999
2024-03-16,Mumbai,Maharashtra,35.9,22.5,29.2,38.1,49.0,11.5,328,Very Poor,1001.4,62.6,2024,3,16,5,Saturday,13.399999999999999,1112.52
2024-03-16,Delhi,Delhi,41.7,26.8,34.3,31.5,1.2,8.6,57,Satisfactory,998.4,79.8,2024,3,16,5,Saturday,14.900000000000002,1080.4499999999998
2024-03-16,Bengaluru,Karnataka,32.4,22.3,27.4,66.4,7.3,15.5,120,Moderate,1009.2,65.8,2024,3,16,5,Saturday,10.099999999999998,1819.3600000000001
2024-03-16,Chennai,Tamil Nadu,26.7,20.5,23.6,44.6,5.1,20.1,162,Moderate,1002.3,43.4,2024,3,16,5,Saturday,6.199999999999999,1052.5600000000002
2024-03-16,Kolkata,West Bengal,28.8,23.2,26.0,68.4,0.0,19.9,258,Poor,998.8,83.8,2024,3,16,5,Saturday,5.600000000000001,1778.4
2024-03-16,Hyderabad,Telangana,43.9,34.8,39.4,73.0,0.0,6.3,291,Poor,1007.8,55.2,2024,3,16,5,Saturday,9.100000000000001,2876.2
2024-03-16,Ahmedabad,Gujarat,39.7,28.1,33.9,37.4,45.0,23.2,51,Satisfactory,991.9,83.0,2024,3,16,5,Saturday,11.600000000000001,1267.86
2024-03-16,Jaipur,Rajasthan,32.3,21.9,27.1,39.6,0.0,15.4,258,Poor,1015.0,92.1,2024,3,16,5,Saturday,10.399999999999999,1073.16
2024-03-16,Lucknow,Uttar Pradesh,38.4,29.5,34.0,30.1,1.3,11.6,62,Satisfactory,1015.6,54.6,2024,3,16,5,Saturday,8.899999999999999,1023.4000000000001
2024-03-16,Bhopal,Madhya Pradesh,28.8,15.4,22.1,77.1,18.2,6.8,127,Moderate,990.4,99.8,2024,3,16,5,Saturday,13.4,1703.91
2024-03-17,Mumbai,Maharashtra,38.4,31.6,35.0,67.7,9.0,6.3,105,Moderate,1011.9,37.0,2024,3,17,6,Sunday,6.799999999999997,2369.5
2024-03-17,Delhi,Delhi,31.3,24.5,27.9,88.6,0.0,9.4,175,Moderate,1016.1,97.3,2024,3,17,6,Sunday,6.800000000000001,2471.9399999999996
2024-03-17,Bengaluru,Karnataka,42.2,31.6,36.9,40.2,6.9,22.5,272,Poor,1005.4,90.6,2024,3,17,6,Sunday,10.600000000000001,1483.38
2024-03-17,Chennai,Tamil Nadu,34.8,23.7,29.3,51.2,0.0,9.5,47,Good,1011.8,10.4,2024,3,17,6,Sunday,11.099999999999998,1500.16
2024-03-17,Kolkata,West Bengal,34.0,25.7,29.8,58.5,2.7,13.8,223,Poor,997.0,35.4,2024,3,17,6,Sunday,8.3,1743.3
2024-03-17,Hyderabad,Telangana,26.4,20.0,23.2,34.8,8.1,18.5,239,Poor,1013.4,50.3,2024,3,17,6,Sunday,6.399999999999999,807.3599999999999
2024-03-17,Ahmedabad,Gujarat,25.8,14.6,20.2,80.6,0.0,16.8,146,Moderate,1014.2,87.7,2024,3,17,6,Sunday,11.200000000000001,1628.12
2024-03-17,Jaipur,Rajasthan,40.4,29.8,35.1,87.4,0.0,19.2,56,Satisfactory,1023.8,12.0,2024,3,17,6,Sunday,10.599999999999998,3067.7400000000002
2024-03-17,Lucknow,Uttar Pradesh,43.8,33.5,38.6,70.0,4.9,19.2,299,Poor,1000.9,34.1,2024,3,17,6,Sunday,10.299999999999997,2702.0
2024-03-17,Bhopal,Madhya Pradesh,26.4,12.6,19.5,46.7,6.0,11.5,125,Moderate,1014.1,37.7,2024,3,17,6,Sunday,13.799999999999999,910.6500000000001
2024-03-18,Mumbai,Maharashtra,44.9,32.4,38.7,71.9,0.0,14.7,300,Poor,1016.7,56.1,2024,3,18,0,Monday,12.5,2782.53
2024-03-18,Delhi,Delhi,25.7,17.0,21.3,45.4,15.1,7.1,345,Very Poor,1022.3,45.5,2024,3,18,0,Monday,8.7,967.02
2024-03-18,Bengaluru,Karnataka,36.1,21.8,28.9,30.3,0.0,4.2,208,Poor,1004.9,93.7,2024,3,18,0,Monday,14.3,875.67
2024-03-18,Chennai,Tamil Nadu,35.5,29.1,32.3,30.1,8.1,23.0,64,Satisfactory,997.3,68.2,2024,3,18,0,Monday,6.399999999999999,972.2299999999999
2024-03-18,Kolkata,West Bengal,37.1,30.4,33.8,77.8,0.0,5.9,245,Poor,1016.0,33.8,2024,3,18,0,Monday,6.700000000000003,2629.64
2024-03-18,Hyderabad,Telangana,28.2,16.3,22.2,38.3,4.3,8.0,100,Satisfactory,1020.9,89.7,2024,3,18,0,Monday,11.899999999999999,850.2599999999999
2024-03-18,Ahmedabad,Gujarat,37.3,31.4,34.3,55.4,7.2,8.5,262,Poor,1003.2,14.8,2024,3,18,0,Monday,5.899999999999999,1900.2199999999998
2024-03-18,Jaipur,Rajasthan,35.1,23.0,29.0,46.2,0.0,9.8,200,Moderate,1018.1,90.2,2024,3,18,0,Monday,12.100000000000001,1339.8000000000002
2024-03-18,Lucknow,Uttar Pradesh,34.1,28.8,31.5,87.1,0.0,9.9,220,Poor,1022.3,7.3,2024,3,18,0,Monday,5.300000000000001,2743.6499999999996
2024-03-18,Bhopal,Madhya Pradesh,36.0,28.8,32.4,57.9,0.0,23.5,121,Moderate,995.8,27.2,2024,3,18,0,Monday,7.199999999999999,1875.9599999999998
2024-03-19,Mumbai,Maharashtra,25.8,19.5,22.6,94.1,0.0,18.5,46,Good,1019.9,29.4,2024,3,19,1,Tuesday,6.300000000000001,2126.66
2024-03-19,Delhi,Delhi,29.5,23.9,26.7,36.7,0.0,7.8,215,Poor,1022.9,91.1,2024,3,19,1,Tuesday,5.600000000000001,979.8900000000001
2024-03-19,Bengaluru,Karnataka,32.1,23.3,27.7,56.8,41.6,23.7,69,Satisfactory,1001.8,58.3,2024,3,19,1,Tuesday,8.8,1573.36
2024-03-19,Chennai,Tamil Nadu,29.0,19.9,24.4,43.4,0.0,15.9,309,Very Poor,1014.2,41.4,2024,3,19,1,Tuesday,9.100000000000001,1058.9599999999998
2024-03-19,Kolkata,West Bengal,36.4,27.0,31.7,34.4,4.7,21.1,44,Good,1007.3,16.3,2024,3,19,1,Tuesday,9.399999999999999,1090.48
2024-03-19,Hyderabad,Telangana,31.1,19.1,25.1,81.4,0.0,11.4,100,Satisfactory,998.1,18.0,2024,3,19,1,Tuesday,12.0,2043.1400000000003
2024-03-19,Ahmedabad,Gujarat,26.1,19.1,22.6,30.6,32.1,6.5,42,Good,1002.1,39.0,2024,3,19,1,Tuesday,7.0,691.5600000000001
2024-03-19,Jaipur,Rajasthan,41.8,36.5,39.1,91.1,0.0,17.0,53,Satisfactory,1003.5,66.5,2024,3,19,1,Tuesday,5.299999999999997,3562.0099999999998
2024-03-19,Lucknow,Uttar Pradesh,26.1,16.5,21.3,65.7,8.9,6.8,164,Moderate,1003.8,35.1,2024,3,19,1,Tuesday,9.600000000000001,1399.41
2024-03-19,Bhopal,Madhya Pradesh,28.0,18.0,23.0,82.1,4.5,18.2,314,Very Poor,1007.2,29.5,2024,3,19,1,Tuesday,10.0,1888.3
2024-03-20,Mumbai,Maharashtra,36.5,29.3,32.9,47.5,13.1,5.0,192,Moderate,1017.9,42.5,2024,3,20,2,Wednesday,7.199999999999999,1562.75
2024-03-20,Delhi,Delhi,42.6,33.5,38.0,64.9,0.0,17.7,167,Moderate,994.2,15.8,2024,3,20,2,Wednesday,9.100000000000001,2466.2000000000003
2024-03-20,Bengaluru,Karnataka,38.0,25.8,31.9,41.6,0.0,21.6,92,Satisfactory,1020.2,78.4,2024,3,20,2,Wednesday,12.2,1327.04
2024-03-20,Chennai,Tamil Nadu,41.4,28.7,35.1,68.8,0.0,13.7,187,Moderate,1010.5,39.1,2024,3,20,2,Wednesday,12.7,2414.88
2024-03-20,Kolkata,West Bengal,32.3,20.9,26.6,88.6,0.0,16.4,126,Moderate,1015.5,93.5,2024,3,20,2,Wednesday,11.399999999999999,2356.7599999999998
2024-03-20,Hyderabad,Telangana,44.0,38.4,41.2,69.2,0.0,17.4,51,Satisfactory,1019.1,19.3,2024,3,20,2,Wednesday,5.600000000000001,2851.0400000000004
2024-03-20,Ahmedabad,Gujarat,42.6,34.4,38.5,38.4,0.0,8.3,317,Very Poor,991.1,44.9,2024,3,20,2,Wednesday,8.200000000000003,1478.3999999999999
2024-03-20,Jaipur,Rajasthan,44.7,33.3,39.0,40.5,0.0,23.2,259,Poor,1016.5,74.5,2024,3,20,2,Wednesday,11.400000000000006,1579.5
2024-03-20,Lucknow,Uttar Pradesh,29.0,21.9,25.5,74.7,2.3,20.0,299,Poor,1005.9,80.3,2024,3,20,2,Wednesday,7.100000000000001,1904.8500000000001
2024-03-20,Bhopal,Madhya Pradesh,38.1,30.8,34.5,47.8,0.0,6.8,72,Satisfactory,1005.9,91.3,2024,3,20,2,Wednesday,7.300000000000001,1649.1
2024-03-21,Mumbai,Maharashtra,39.4,27.5,33.5,36.2,0.0,19.4,52,Satisfactory,999.0,70.9,2024,3,21,3,Thursday,11.899999999999999,1212.7
2024-03-21,Delhi,Delhi,41.8,32.3,37.0,71.4,2.3,12.9,317,Very Poor,1011.6,48.4,2024,3,21,3,Thursday,9.5,2641.8
2024-03-21,Bengaluru,Karnataka,35.0,21.5,28.2,82.1,0.0,21.0,289,Poor,998.0,54.8,2024,3,21,3,Thursday,13.5,2315.22
2024-03-21,Chennai,Tamil Nadu,32.1,20.6,26.4,46.0,0.0,8.2,341,Very Poor,1019.9,37.9,2024,3,21,3,Thursday,11.5,1214.3999999999999
2024-03-21,Kolkata,West Bengal,44.6,36.9,40.8,32.7,0.0,18.3,82,Satisfactory,991.1,87.7,2024,3,21,3,Thursday,7.700000000000003,1334.16
2024-03-21,Hyderabad,Telangana,27.5,20.8,24.2,92.4,0.0,9.7,211,Poor,998.2,50.7,2024,3,21,3,Thursday,6.699999999999999,2236.08
2024-03-21,Ahmedabad,Gujarat,37.6,30.1,33.8,91.7,0.0,13.1,216,Poor,1001.7,47.7,2024,3,21,3,Thursday,7.5,3099.46
2024-03-21,Jaipur,Rajasthan,33.7,24.6,29.1,77.6,0.0,16.0,190,Moderate,1010.5,40.1,2024,3,21,3,Thursday,9.100000000000001,2258.16
2024-03-21,Lucknow,Uttar Pradesh,31.3,24.9,28.1,43.9,1.1,23.9,314,Very Poor,1015.5,9.9,2024,3,21,3,Thursday,6.400000000000002,1233.59
2024-03-21,Bhopal,Madhya Pradesh,42.3,32.8,37.5,68.1,47.3,3.9,221,Poor,996.7,46.9,2024,3,21,3,Thursday,9.5,2553.75
2024-03-22,Mumbai,Maharashtra,41.3,26.4,33.9,55.3,0.6,6.6,278,Poor,1007.3,75.5,2024,3,22,4,Friday,14.899999999999999,1874.6699999999998
2024-03-22,Delhi,Delhi,35.0,26.9,31.0,93.3,0.0,18.8,204,Poor,998.5,21.3,2024,3,22,4,Friday,8.100000000000001,2892.2999999999997
2024-03-22,Bengaluru,Karnataka,30.8,19.5,25.2,37.7,0.0,4.9,112,Moderate,1022.7,87.4,2024,3,22,4,Friday,11.3,950.0400000000001
2024-03-22,Chennai,Tamil Nadu,40.6,29.5,35.0,93.1,0.0,11.1,129,Moderate,1023.7,56.2,2024,3,22,4,Friday,11.100000000000001,3258.5
2024-03-22,Kolkata,West Bengal,27.4,15.4,21.4,71.9,0.0,9.0,118,Moderate,1022.2,35.5,2024,3,22,4,Friday,11.999999999999998,1538.66
2024-03-22,Hyderabad,Telangana,35.7,22.4,29.1,36.7,0.0,18.4,282,Poor,1003.5,43.2,2024,3,22,4,Friday,13.300000000000004,1067.97
2024-03-22,Ahmedabad,Gujarat,44.3,38.0,41.1,57.3,0.0,3.2,100,Satisfactory,1014.0,46.4,2024,3,22,4,Friday,6.299999999999997,2355.0299999999997
2024-03-22,Jaipur,Rajasthan,41.3,28.3,34.8,61.6,0.0,7.4,69,Satisfactory,1015.6,8.8,2024,3,22,4,Friday,12.999999999999996,2143.68
2024-03-22,Lucknow,Uttar Pradesh,25.1,18.6,21.9,34.5,0.0,7.5,153,Moderate,1022.8,54.4,2024,3,22,4,Friday,6.5,755.55
2024-03-22,Bhopal,Madhya Pradesh,42.5,33.5,38.0,51.8,0.0,17.6,60,Satisfactory,1000.1,59.8,2024,3,22,4,Friday,9.0,1968.3999999999999
2024-03-23,Mumbai,Maharashtra,28.8,19.8,24.3,90.9,0.0,4.9,88,Satisfactory,992.0,34.0,2024,3,23,5,Saturday,9.0,2208.8700000000003
2024-03-23,Delhi,Delhi,28.5,15.9,22.2,31.0,0.0,14.9,267,Poor,1001.0,33.0,2024,3,23,5,Saturday,12.6,688.1999999999999
2024-03-23,Bengaluru,Karnataka,42.4,35.5,39.0,36.3,0.0,10.3,202,Poor,994.4,61.0,2024,3,23,5,Saturday,6.899999999999999,1415.6999999999998
2024-03-23,Chennai,Tamil Nadu,29.1,19.5,24.3,81.8,0.0,18.2,87,Satisfactory,1017.7,64.8,2024,3,23,5,Saturday,9.600000000000001,1987.74
2024-03-23,Kolkata,West Bengal,39.2,27.4,33.3,31.6,4.2,7.0,287,Poor,1010.7,91.8,2024,3,23,5,Saturday,11.800000000000004,1052.28
2024-03-23,Hyderabad,Telangana,43.4,28.6,36.0,30.7,38.9,7.8,285,Poor,1024.3,63.3,2024,3,23,5,Saturday,14.799999999999997,1105.2
2024-03-23,Ahmedabad,Gujarat,26.7,19.9,23.3,79.3,0.0,17.1,255,Poor,1002.8,63.1,2024,3,23,5,Saturday,6.800000000000001,1847.69
2024-03-23,Jaipur,Rajasthan,31.8,25.8,28.8,34.5,5.9,13.7,48,Good,1004.8,42.8,2024,3,23,5,Saturday,6.0,993.6
2024-03-23,Lucknow,Uttar Pradesh,31.7,17.0,24.3,86.8,3.4,12.1,198,Moderate,990.6,12.1,2024,3,23,5,Saturday,14.7,2109.24
2024-03-23,Bhopal,Madhya Pradesh,44.4,32.5,38.4,34.6,2.0,16.2,296,Poor,1012.6,7.7,2024,3,23,5,Saturday,11.899999999999999,1328.64
2024-03-24,Mumbai,Maharashtra,40.8,33.2,37.0,76.1,0.0,6.1,197,Moderate,1001.8,44.8,2024,3,24,6,Sunday,7.599999999999994,2815.7
2024-03-24,Delhi,Delhi,34.5,26.8,30.7,31.9,0.0,21.9,193,Moderate,1016.1,86.5,2024,3,24,6,Sunday,7.699999999999999,979.3299999999999
2024-03-24,Bengaluru,Karnataka,27.6,15.7,21.6,43.4,4.5,4.9,184,Moderate,1021.6,87.1,2024,3,24,6,Sunday,11.900000000000002,937.44
2024-03-24,Chennai,Tamil Nadu,39.9,28.7,34.3,82.2,0.0,23.6,283,Poor,1007.0,48.9,2024,3,24,6,Sunday,11.2,2819.46
2024-03-24,Kolkata,West Bengal,41.4,30.9,36.2,41.7,4.7,20.7,240,Poor,991.1,49.4,2024,3,24,6,Sunday,10.5,1509.5400000000002
2024-03-24,Hyderabad,Telangana,41.6,36.1,38.9,85.4,0.0,8.5,89,Satisfactory,1008.6,9.9,2024,3,24,6,Sunday,5.5,3322.06
2024-03-24,Ahmedabad,Gujarat,41.3,34.9,38.1,45.2,4.6,12.3,75,Satisfactory,1017.6,63.7,2024,3,24,6,Sunday,6.399999999999999,1722.1200000000001
2024-03-24,Jaipur,Rajasthan,28.1,18.8,23.4,55.8,0.0,5.9,171,Moderate,997.9,59.7,2024,3,24,6,Sunday,9.3,1305.7199999999998
2024-03-24,Lucknow,Uttar Pradesh,35.3,28.6,31.9,73.1,0.0,24.4,67,Satisfactory,1001.7,61.5,2024,3,24,6,Sunday,6.699999999999996,2331.89
2024-03-24,Bhopal,Madhya Pradesh,37.1,31.2,34.2,92.4,7.2,15.6,336,Very Poor,1005.7,86.5,2024,3,24,6,Sunday,5.900000000000002,3160.0800000000004
2024-03-25,Mumbai,Maharashtra,35.0,20.7,27.8,67.9,0.0,2.1,157,Moderate,998.5,53.4,2024,3,25,0,Monday,14.3,1887.6200000000001
2024-03-25,Delhi,Delhi,34.0,19.2,26.6,52.8,0.0,19.8,86,Satisfactory,1010.0,77.3,2024,3,25,0,Monday,14.8,1404.48
2024-03-25,Bengaluru,Karnataka,36.4,28.9,32.7,44.8,0.0,4.7,80,Satisfactory,1024.5,34.3,2024,3,25,0,Monday,7.5,1464.96
2024-03-25,Chennai,Tamil Nadu,29.0,18.1,23.5,34.2,0.0,12.4,168,Moderate,990.8,65.9,2024,3,25,0,Monday,10.899999999999999,803.7
2024-03-25,Kolkata,West Bengal,30.4,23.3,26.9,72.5,4.2,15.0,283,Poor,1020.1,16.2,2024,3,25,0,Monday,7.099999999999998,1950.25
2024-03-25,Hyderabad,Telangana,38.5,32.3,35.4,75.2,0.0,16.8,142,Moderate,1003.4,95.9,2024,3,25,0,Monday,6.200000000000003,2662.08
2024-03-25,Ahmedabad,Gujarat,44.2,30.2,37.2,47.6,0.0,12.0,44,Good,1008.2,33.0,2024,3,25,0,Monday,14.000000000000004,1770.7200000000003
2024-03-25,Jaipur,Rajasthan,29.4,21.6,25.5,58.8,1.8,4.0,336,Very Poor,1012.8,67.1,2024,3,25,0,Monday,7.799999999999997,1499.3999999999999
2024-03-25,Lucknow,Uttar Pradesh,25.1,17.6,21.3,90.3,9.3,4.1,96,Satisfactory,1008.0,27.0,2024,3,25,0,Monday,7.5,1923.39
2024-03-25,Bhopal,Madhya Pradesh,41.2,34.9,38.0,60.5,23.0,24.9,137,Moderate,1009.4,21.2,2024,3,25,0,Monday,6.300000000000004,2299.0
2024-03-26,Mumbai,Maharashtra,33.5,25.4,29.4,48.2,9.7,2.0,129,Moderate,1010.9,92.0,2024,3,26,1,Tuesday,8.100000000000001,1417.08
2024-03-26,Delhi,Delhi,28.7,17.2,23.0,76.3,0.0,24.0,302,Very Poor,1022.3,48.4,2024,3,26,1,Tuesday,11.5,1754.8999999999999
2024-03-26,Bengaluru,Karnataka,34.0,24.8,29.4,40.2,0.0,12.2,236,Poor,1017.3,69.6,2024,3,26,1,Tuesday,9.2,1181.88
2024-03-26,Chennai,Tamil Nadu,43.2,38.0,40.6,66.2,0.0,5.1,312,Very Poor,1021.1,49.7,2024,3,26,1,Tuesday,5.200000000000003,2687.7200000000003
2024-03-26,Kolkata,West Bengal,36.7,25.0,30.8,82.3,0.0,20.5,69,Satisfactory,1003.1,41.9,2024,3,26,1,Tuesday,11.700000000000003,2534.84
2024-03-26,Hyderabad,Telangana,43.3,37.4,40.3,72.1,4.2,3.5,296,Poor,1010.8,78.3,2024,3,26,1,Tuesday,5.899999999999999,2905.6299999999997
2024-03-26,Ahmedabad,Gujarat,28.4,14.4,21.4,72.6,0.0,23.1,125,Moderate,1021.5,47.6,2024,3,26,1,Tuesday,13.999999999999998,1553.6399999999999
2024-03-26,Jaipur,Rajasthan,32.9,24.0,28.4,48.6,0.0,17.6,59,Satisfactory,996.0,37.7,2024,3,26,1,Tuesday,8.899999999999999,1380.24
2024-03-26,Lucknow,Uttar Pradesh,30.4,17.7,24.1,87.5,0.0,22.1,247,Poor,1016.7,53.7,2024,3,26,1,Tuesday,12.7,2108.75
2024-03-26,Bhopal,Madhya Pradesh,41.9,36.9,39.4,56.2,0.0,14.2,243,Poor,1002.2,54.4,2024,3,26,1,Tuesday,5.0,2214.28
2024-03-27,Mumbai,Maharashtra,33.4,21.2,27.3,86.0,0.0,17.8,312,Very Poor,998.7,65.8,2024,3,27,2,Wednesday,12.2,2347.8
2024-03-27,Delhi,Delhi,33.4,19.3,26.3,94.6,26.3,24.0,89,Satisfactory,993.4,6.4,2024,3,27,2,Wednesday,14.099999999999998,2487.98
2024-03-27,Bengaluru,Karnataka,44.9,38.1,41.5,62.7,8.5,8.4,252,Poor,1020.2,31.9,2024,3,27,2,Wednesday,6.799999999999997,2602.05
2024-03-27,Chennai,Tamil Nadu,38.5,31.3,34.9,32.3,4.2,20.4,227,Poor,1006.0,62.6,2024,3,27,2,Wednesday,7.199999999999999,1127.2699999999998
2024-03-27,Kolkata,West Bengal,41.5,32.3,36.9,47.9,0.0,12.1,106,Moderate,993.2,73.3,2024,3,27,2,Wednesday,9.200000000000003,1767.51
2024-03-27,Hyderabad,Telangana,28.9,19.8,24.4,44.8,0.0,14.4,312,Very Poor,997.1,19.8,2024,3,27,2,Wednesday,9.099999999999998,1093.12
2024-03-27,Ahmedabad,Gujarat,33.7,24.6,29.1,32.3,0.0,18.3,291,Poor,996.2,29.0,2024,3,27,2,Wednesday,9.100000000000001,939.93
2024-03-27,Jaipur,Rajasthan,43.9,37.6,40.8,62.3,0.0,5.3,84,Satisfactory,1014.8,55.7,2024,3,27,2,Wednesday,6.299999999999997,2541.8399999999997
2024-03-27,Lucknow,Uttar Pradesh,25.2,12.1,18.6,41.5,0.0,9.3,98,Satisfactory,993.0,26.2,2024,3,27,2,Wednesday,13.1,771.9000000000001
2024-03-27,Bhopal,Madhya Pradesh,33.6,22.0,27.8,47.1,0.2,24.1,217,Poor,1010.6,49.8,2024,3,27,2,Wednesday,11.600000000000001,1309.38
2024-03-28,Mumbai,Maharashtra,43.6,30.3,36.9,51.0,0.0,19.1,264,Poor,1007.6,11.4,2024,3,28,3,Thursday,13.3,1881.8999999999999
2024-03-28,Delhi,Delhi,41.1,33.2,37.2,73.2,4.3,14.1,193,Moderate,1014.2,88.9,2024,3,28,3,Thursday,7.899999999999999,2723.0400000000004
2024-03-28,Bengaluru,Karnataka,31.3,18.7,25.0,44.3,3.9,11.3,128,Moderate,997.5,38.8,2024,3,28,3,Thursday,12.600000000000001,1107.5
2024-03-28,Chennai,Tamil Nadu,28.5,16.1,22.3,46.4,37.0,11.0,223,Poor,992.8,13.5,2024,3,28,3,Thursday,12.399999999999999,1034.72
2024-03-28,Kolkata,West Bengal,37.0,27.8,32.4,58.1,0.0,5.4,71,Satisfactory,993.6,16.7,2024,3,28,3,Thursday,9.2,1882.44
2024-03-28,Hyderabad,Telangana,37.2,30.2,33.7,46.3,77.0,7.3,192,Moderate,1001.5,24.9,2024,3,28,3,Thursday,7.0000000000000036,1560.31
2024-03-28,Ahmedabad,Gujarat,25.4,13.7,19.5,64.0,9.0,20.2,92,Satisfactory,994.5,42.9,2024,3,28,3,Thursday,11.7,1248.0
2024-03-28,Jaipur,Rajasthan,30.1,22.5,26.3,66.2,0.0,24.4,145,Moderate,998.1,78.4,2024,3,28,3,Thursday,7.600000000000001,1741.0600000000002
2024-03-28,Lucknow,Uttar Pradesh,27.9,14.3,21.1,50.1,0.0,13.4,247,Poor,1015.6,13.3,2024,3,28,3,Thursday,13.599999999999998,1057.1100000000001
2024-03-28,Bhopal,Madhya Pradesh,42.9,37.3,40.1,39.1,0.0,5.2,187,Moderate,1007.7,17.0,2024,3,28,3,Thursday,5.600000000000001,1567.91
2024-03-29,Mumbai,Maharashtra,40.3,32.7,36.5,61.3,9.9,11.5,78,Satisfactory,1016.9,8.8,2024,3,29,4,Friday,7.599999999999994,2237.45
2024-03-29,Delhi,Delhi,29.1,20.0,24.6,85.0,3.5,15.5,146,Moderate,1002.5,59.8,2024,3,29,4,Friday,9.100000000000001,2091.0
2024-03-29,Bengaluru,Karnataka,26.7,11.7,19.2,38.3,0.0,17.0,121,Moderate,1001.5,42.2,2024,3,29,4,Friday,15.0,735.3599999999999
2024-03-29,Chennai,Tamil Nadu,31.9,22.8,27.3,76.8,0.0,13.6,55,Satisfactory,1010.4,92.4,2024,3,29,4,Friday,9.099999999999998,2096.64
2024-03-29,Kolkata,West Bengal,36.5,22.9,29.7,45.7,8.8,23.5,53,Satisfactory,1013.0,46.7,2024,3,29,4,Friday,13.600000000000001,1357.29
2024-03-29,Hyderabad,Telangana,43.4,33.7,38.6,31.9,0.0,6.9,232,Poor,992.3,59.6,2024,3,29,4,Friday,9.699999999999996,1231.34
2024-03-29,Ahmedabad,Gujarat,35.1,21.9,28.5,86.0,6.2,11.6,148,Moderate,1009.8,66.7,2024,3,29,4,Friday,13.200000000000003,2451.0
2024-03-29,Jaipur,Rajasthan,43.3,37.0,40.2,73.6,0.0,4.2,106,Moderate,1001.7,40.5,2024,3,29,4,Friday,6.299999999999997,2958.72
2024-03-29,Lucknow,Uttar Pradesh,36.7,27.3,32.0,32.2,3.3,18.7,70,Satisfactory,1014.4,34.5,2024,3,29,4,Friday,9.400000000000002,1030.4
2024-03-29,Bhopal,Madhya Pradesh,30.4,17.1,23.8,93.7,0.0,9.4,332,Very Poor,1010.3,12.1,2024,3,29,4,Friday,13.299999999999997,2230.06
2024-03-30,Mumbai,Maharashtra,32.3,18.2,25.2,80.7,7.6,16.7,345,Very Poor,1012.0,57.6,2024,3,30,5,Saturday,14.099999999999998,2033.64
2024-03-30,Delhi,Delhi,39.6,26.9,33.3,86.7,0.0,13.8,216,Poor,1019.0,47.2,2024,3,30,5,Saturday,12.700000000000003,2887.1099999999997
2024-03-30,Bengaluru,Karnataka,35.5,30.2,32.9,70.0,0.0,15.7,343,Very Poor,995.7,16.7,2024,3,30,5,Saturday,5.300000000000001,2303.0
2024-03-30,Chennai,Tamil Nadu,32.9,25.6,29.2,41.1,6.7,4.0,137,Moderate,1021.3,42.0,2024,3,30,5,Saturday,7.299999999999997,1200.1200000000001
2024-03-30,Kolkata,West Bengal,34.2,25.3,29.8,86.1,31.2,20.0,218,Poor,1022.6,28.3,2024,3,30,5,Saturday,8.900000000000002,2565.7799999999997
2024-03-30,Hyderabad,Telangana,30.5,17.2,23.9,30.3,0.0,16.8,304,Very Poor,1019.8,62.9,2024,3,30,5,Saturday,13.3,724.17
2024-03-30,Ahmedabad,Gujarat,30.3,20.1,25.2,59.3,0.2,15.6,60,Satisfactory,1015.8,59.3,2024,3,30,5,Saturday,10.2,1494.36
2024-03-30,Jaipur,Rajasthan,27.3,16.4,21.8,47.9,0.0,9.6,143,Moderate,1015.2,66.2,2024,3,30,5,Saturday,10.900000000000002,1044.22
2024-03-30,Lucknow,Uttar Pradesh,40.1,28.6,34.4,71.4,5.6,10.6,222,Poor,1023.0,82.7,2024,3,30,5,Saturday,11.5,2456.1600000000003
2024-03-30,Bhopal,Madhya Pradesh,30.0,23.0,26.5,52.1,0.0,5.8,328,Very Poor,1024.2,15.3,2024,3,30,5,Saturday,7.0,1380.65
2024-03-31,Mumbai,Maharashtra,43.3,33.0,38.1,77.1,0.0,8.9,219,Poor,1010.2,52.3,2024,3,31,6,Sunday,10.299999999999997,2937.5099999999998
2024-03-31,Delhi,Delhi,30.7,22.1,26.4,35.5,0.0,4.4,244,Poor,1018.5,8.7,2024,3,31,6,Sunday,8.599999999999998,937.1999999999999
2024-03-31,Bengaluru,Karnataka,30.5,16.7,23.6,61.5,0.0,15.0,171,Moderate,994.0,99.7,2024,3,31,6,Sunday,13.8,1451.4
2024-03-31,Chennai,Tamil Nadu,32.0,19.9,25.9,53.7,8.3,4.5,105,Moderate,1019.6,74.9,2024,3,31,6,Sunday,12.100000000000001,1390.83
2024-03-31,Kolkata,West Bengal,27.9,19.7,23.8,93.4,0.0,11.1,200,Moderate,1010.0,95.5,2024,3,31,6,Sunday,8.2,2222.92
2024-03-31,Hyderabad,Telangana,41.4,30.9,36.1,32.7,50.3,21.8,102,Moderate,998.0,25.9,2024,3,31,6,Sunday,10.5,1180.4700000000003
2024-03-31,Ahmedabad,Gujarat,43.4,29.9,36.7,80.4,0.0,7.8,80,Satisfactory,1007.7,7.9,2024,3,31,6,Sunday,13.5,2950.6800000000003
2024-03-31,Jaipur,Rajasthan,42.7,30.2,36.5,57.5,5.2,20.0,103,Moderate,1016.7,73.6,2024,3,31,6,Sunday,12.500000000000004,2098.75
2024-03-31,Lucknow,Uttar Pradesh,31.8,22.1,26.9,51.5,0.0,11.2,229,Poor,1024.3,26.5,2024,3,31,6,Sunday,9.7,1385.35
2024-03-31,Bhopal,Madhya Pradesh,33.7,27.9,30.8,61.7,45.9,8.6,157,Moderate,993.0,94.0,2024,3,31,6,Sunday,5.800000000000004,1900.3600000000001
2024-04-01,Mumbai,Maharashtra,36.5,23.6,30.1,51.1,0.0,5.3,262,Poor,1018.4,26.2,2024,4,1,0,Monday,12.899999999999999,1538.1100000000001
2024-04-01,Delhi,Delhi,43.9,33.6,38.7,65.1,0.0,15.9,307,Very Poor,1024.5,94.1,2024,4,1,0,Monday,10.299999999999997,2519.37
2024-04-01,Bengaluru,Karnataka,42.8,33.1,37.9,72.7,37.5,11.6,334,Very Poor,1011.0,72.4,2024,4,1,0,Monday,9.699999999999996,2755.33
2024-04-01,Chennai,Tamil Nadu,29.9,17.4,23.7,63.9,0.0,17.2,231,Poor,1001.3,50.7,2024,4,1,0,Monday,12.5,1514.4299999999998
2024-04-01,Kolkata,West Bengal,33.1,26.1,29.6,92.5,0.0,10.2,208,Poor,1004.3,43.9,2024,4,1,0,Monday,7.0,2738.0
2024-04-01,Hyderabad,Telangana,35.9,25.9,30.9,38.8,0.0,23.5,164,Moderate,1011.2,67.7,2024,4,1,0,Monday,10.0,1198.9199999999998
2024-04-01,Ahmedabad,Gujarat,43.2,31.8,37.5,80.0,3.7,21.6,128,Moderate,996.0,30.7,2024,4,1,0,Monday,11.400000000000002,3000.0
2024-04-01,Jaipur,Rajasthan,30.4,16.9,23.6,32.1,0.0,7.3,41,Good,1017.9,58.5,2024,4,1,0,Monday,13.5,757.5600000000001
2024-04-01,Lucknow,Uttar Pradesh,33.6,24.5,29.0,37.4,6.8,18.8,292,Poor,990.0,95.6,2024,4,1,0,Monday,9.100000000000001,1084.6
2024-04-01,Bhopal,Madhya Pradesh,43.1,37.9,40.5,90.7,0.0,19.0,216,Poor,1023.6,69.5,2024,4,1,0,Monday,5.200000000000003,3673.35
2024-04-02,Mumbai,Maharashtra,43.9,34.5,39.2,69.0,0.0,13.5,220,Poor,1014.0,80.2,2024,4,2,1,Tuesday,9.399999999999999,2704.8
2024-04-02,Delhi,Delhi,43.2,28.8,36.0,34.2,0.0,14.3,79,Satisfactory,1021.9,85.4,2024,4,2,1,Tuesday,14.400000000000002,1231.2
2024-04-02,Bengaluru,Karnataka,26.9,16.0,21.4,64.6,73.0,11.3,268,Poor,1021.2,41.5,2024,4,2,1,Tuesday,10.899999999999999,1382.4399999999998
2024-04-02,Chennai,Tamil Nadu,34.5,28.3,31.4,90.3,0.0,2.4,253,Poor,993.5,52.1,2024,4,2,1,Tuesday,6.199999999999999,2835.4199999999996
2024-04-02,Kolkata,West Bengal,31.7,19.7,25.7,75.4,44.5,13.3,135,Moderate,1005.8,23.9,2024,4,2,1,Tuesday,12.0,1937.7800000000002
2024-04-02,Hyderabad,Telangana,25.8,14.5,20.2,46.2,0.0,7.6,80,Satisfactory,995.9,78.6,2024,4,2,1,Tuesday,11.3,933.24
2024-04-02,Ahmedabad,Gujarat,34.1,24.0,29.0,74.7,0.0,8.8,129,Moderate,999.8,18.9,2024,4,2,1,Tuesday,10.100000000000001,2166.3
2024-04-02,Jaipur,Rajasthan,31.2,21.0,26.1,73.1,0.0,8.7,64,Satisfactory,1008.9,7.3,2024,4,2,1,Tuesday,10.2,1907.9099999999999
2024-04-02,Lucknow,Uttar Pradesh,33.4,18.9,26.1,76.9,1.0,16.1,108,Moderate,1018.7,43.4,2024,4,2,1,Tuesday,14.5,2007.0900000000001
2024-04-02,Bhopal,Madhya Pradesh,35.2,24.8,30.0,65.0,76.4,22.1,70,Satisfactory,1018.0,94.6,2024,4,2,1,Tuesday,10.400000000000002,1950.0
2024-04-03,Mumbai,Maharashtra,30.3,20.4,25.3,85.0,0.0,7.8,148,Moderate,1015.6,20.6,2024,4,3,2,Wednesday,9.900000000000002,2150.5
2024-04-03,Delhi,Delhi,30.3,21.8,26.0,76.0,0.0,20.5,264,Poor,1002.9,66.6,2024,4,3,2,Wednesday,8.5,1976.0
2024-04-03,Bengaluru,Karnataka,29.2,15.3,22.3,70.1,22.8,19.4,290,Poor,997.3,37.1,2024,4,3,2,Wednesday,13.899999999999999,1563.23
2024-04-03,Chennai,Tamil Nadu,38.9,26.3,32.6,58.7,0.0,16.6,182,Moderate,1024.2,34.5,2024,4,3,2,Wednesday,12.599999999999998,1913.6200000000001
2024-04-03,Kolkata,West Bengal,38.5,28.1,33.3,84.8,14.1,19.3,305,Very Poor,1020.2,66.9,2024,4,3,2,Wednesday,10.399999999999999,2823.8399999999997
2024-04-03,Hyderabad,Telangana,27.2,18.8,23.0,87.0,2.1,21.2,252,Poor,995.7,86.2,2024,4,3,2,Wednesday,8.399999999999999,2001.0
2024-04-03,Ahmedabad,Gujarat,35.4,22.1,28.8,57.3,0.0,14.2,220,Poor,1018.2,80.2,2024,4,3,2,Wednesday,13.299999999999997,1650.24
2024-04-03,Jaipur,Rajasthan,40.6,33.7,37.2,33.3,0.0,18.0,132,Moderate,1004.3,88.2,2024,4,3,2,Wednesday,6.899999999999999,1238.76
2024-04-03,Lucknow,Uttar Pradesh,25.2,17.2,21.2,67.6,47.4,23.0,210,Poor,999.3,48.9,2024,4,3,2,Wednesday,8.0,1433.12
2024-04-03,Bhopal,Madhya Pradesh,44.0,29.0,36.5,45.3,0.0,2.2,46,Good,1006.1,51.4,2024,4,3,2,Wednesday,15.0,1653.4499999999998
2024-04-04,Mumbai,Maharashtra,38.7,30.8,34.8,66.4,0.0,7.3,197,Moderate,1008.7,23.9,2024,4,4,3,Thursday,7.900000000000002,2310.72
2024-04-04,Delhi,Delhi,28.1,16.4,22.3,79.0,0.0,15.8,200,Moderate,999.3,55.1,2024,4,4,3,Thursday,11.700000000000003,1761.7
2024-04-04,Bengaluru,Karnataka,43.5,33.0,38.2,67.9,4.1,8.6,296,Poor,1019.5,46.1,2024,4,4,3,Thursday,10.5,2593.78
2024-04-04,Chennai,Tamil Nadu,41.5,34.6,38.0,75.6,0.0,18.7,261,Poor,998.0,5.1,2024,4,4,3,Thursday,6.899999999999999,2872.7999999999997
2024-04-04,Kolkata,West Bengal,28.4,22.4,25.4,45.4,0.0,24.3,138,Moderate,1015.1,35.7,2024,4,4,3,Thursday,6.0,1153.1599999999999
2024-04-04,Hyderabad,Telangana,34.0,22.7,28.3,39.5,0.0,10.7,145,Moderate,1020.5,68.0,2024,4,4,3,Thursday,11.3,1117.8500000000001
2024-04-04,Ahmedabad,Gujarat,38.7,33.5,36.1,77.8,66.9,23.3,151,Moderate,1021.8,53.7,2024,4,4,3,Thursday,5.200000000000003,2808.58
2024-04-04,Jaipur,Rajasthan,34.3,22.4,28.4,87.5,2.1,24.5,72,Satisfactory,1020.8,31.6,2024,4,4,3,Thursday,11.899999999999999,2485.0
2024-04-04,Lucknow,Uttar Pradesh,27.2,19.3,23.3,69.9,8.1,2.1,152,Moderate,996.5,14.5,2024,4,4,3,Thursday,7.899999999999999,1628.67
2024-04-04,Bhopal,Madhya Pradesh,35.0,29.6,32.3,52.7,0.0,13.4,106,Moderate,1005.0,95.8,2024,4,4,3,Thursday,5.399999999999999,1702.21
2024-04-05,Mumbai,Maharashtra,35.3,23.0,29.2,66.2,0.0,4.0,89,Satisfactory,1011.3,32.4,2024,4,5,4,Friday,12.299999999999997,1933.04
2024-04-05,Delhi,Delhi,35.9,25.6,30.7,34.9,0.0,12.8,162,Moderate,1015.2,55.3,2024,4,5,4,Friday,10.299999999999997,1071.4299999999998
2024-04-05,Bengaluru,Karnataka,31.4,20.3,25.9,91.0,0.0,22.5,334,Very Poor,993.3,98.9,2024,4,5,4,Friday,11.099999999999998,2356.9
2024-04-05,Chennai,Tamil Nadu,26.6,12.2,19.4,53.6,0.0,16.6,223,Poor,1017.1,8.2,2024,4,5,4,Friday,14.400000000000002,1039.84
2024-04-05,Kolkata,West Bengal,28.7,20.3,24.5,52.6,0.0,5.3,335,Very Poor,991.2,49.7,2024,4,5,4,Friday,8.399999999999999,1288.7
2024-04-05,Hyderabad,Telangana,27.3,12.9,20.1,77.7,6.4,4.5,221,Poor,1007.7,71.2,2024,4,5,4,Friday,14.4,1561.7700000000002
2024-04-05,Ahmedabad,Gujarat,41.7,35.9,38.8,74.9,0.0,16.3,295,Poor,1021.2,52.1,2024,4,5,4,Friday,5.800000000000004,2906.12
2024-04-05,Jaipur,Rajasthan,33.0,27.0,30.0,34.0,0.0,18.5,108,Moderate,1016.0,9.8,2024,4,5,4,Friday,6.0,1020.0
2024-04-05,Lucknow,Uttar Pradesh,30.5,20.0,25.2,39.4,1.4,6.2,285,Poor,1004.2,38.8,2024,4,5,4,Friday,10.5,992.8799999999999
2024-04-05,Bhopal,Madhya Pradesh,35.2,28.9,32.1,78.0,0.0,13.4,163,Moderate,1002.0,28.0,2024,4,5,4,Friday,6.300000000000004,2503.8
2024-04-06,Mumbai,Maharashtra,25.4,12.7,19.0,41.1,0.5,20.7,268,Poor,1007.3,24.5,2024,4,6,5,Saturday,12.7,780.9
2024-04-06,Delhi,Delhi,39.0,31.5,35.3,88.7,78.8,17.8,99,Satisfactory,1022.9,73.6,2024,4,6,5,Saturday,7.5,3131.1099999999997
2024-04-06,Bengaluru,Karnataka,33.8,28.1,31.0,55.3,0.0,15.7,159,Moderate,1020.5,9.5,2024,4,6,5,Saturday,5.699999999999996,1714.3
2024-04-06,Chennai,Tamil Nadu,28.2,16.2,22.2,36.9,0.0,23.5,46,Good,990.6,46.6,2024,4,6,5,Saturday,12.0,819.18
2024-04-06,Kolkata,West Bengal,34.7,24.7,29.7,50.9,1.4,20.0,102,Moderate,1008.6,61.0,2024,4,6,5,Saturday,10.000000000000004,1511.73
2024-04-06,Hyderabad,Telangana,30.7,24.1,27.4,46.2,0.0,23.7,293,Poor,996.8,66.0,2024,4,6,5,Saturday,6.599999999999998,1265.88
2024-04-06,Ahmedabad,Gujarat,36.2,28.7,32.4,47.1,0.5,3.1,282,Poor,997.7,72.1,2024,4,6,5,Saturday,7.5000000000000036,1526.04
2024-04-06,Jaipur,Rajasthan,34.1,22.1,28.1,55.2,0.0,23.8,141,Moderate,992.4,53.2,2024,4,6,5,Saturday,12.0,1551.1200000000001
2024-04-06,Lucknow,Uttar Pradesh,35.2,29.9,32.5,50.3,0.0,8.6,299,Poor,1000.4,41.4,2024,4,6,5,Saturday,5.300000000000004,1634.75
2024-04-06,Bhopal,Madhya Pradesh,44.3,35.0,39.7,55.6,0.0,7.3,290,Poor,1016.0,55.5,2024,4,6,5,Saturday,9.299999999999997,2207.32
2024-04-07,Mumbai,Maharashtra,40.6,33.5,37.0,76.5,0.0,2.1,212,Poor,1005.8,38.5,2024,4,7,6,Sunday,7.100000000000001,2830.5
2024-04-07,Delhi,Delhi,28.8,15.2,22.0,46.8,0.0,6.9,262,Poor,999.5,21.1,2024,4,7,6,Sunday,13.600000000000001,1029.6
2024-04-07,Bengaluru,Karnataka,40.4,30.8,35.6,76.4,19.7,20.9,78,Satisfactory,997.2,22.7,2024,4,7,6,Sunday,9.599999999999998,2719.84
2024-04-07,Chennai,Tamil Nadu,27.8,15.3,21.5,60.5,7.9,17.8,237,Poor,990.6,34.6,2024,4,7,6,Sunday,12.5,1300.75
2024-04-07,Kolkata,West Bengal,25.2,19.9,22.5,85.4,6.9,20.2,329,Very Poor,1000.7,8.4,2024,4,7,6,Sunday,5.300000000000001,1921.5000000000002
2024-04-07,Hyderabad,Telangana,31.9,25.8,28.9,62.0,0.0,7.6,218,Poor,1024.7,23.8,2024,4,7,6,Sunday,6.099999999999998,1791.8
2024-04-07,Ahmedabad,Gujarat,43.5,37.0,40.3,93.1,0.0,16.6,95,Satisfactory,1016.6,98.7,2024,4,7,6,Sunday,6.5,3751.9299999999994
2024-04-07,Jaipur,Rajasthan,40.3,31.9,36.1,41.4,0.0,14.4,230,Poor,1024.8,42.9,2024,4,7,6,Sunday,8.399999999999999,1494.54
2024-04-07,Lucknow,Uttar Pradesh,32.3,23.4,27.8,75.2,9.4,4.1,46,Good,997.4,52.7,2024,4,7,6,Sunday,8.899999999999999,2090.56
2024-04-07,Bhopal,Madhya Pradesh,30.1,19.9,25.0,31.0,0.0,23.3,328,Very Poor,1012.6,44.4,2024,4,7,6,Sunday,10.200000000000003,775.0
2024-04-08,Mumbai,Maharashtra,40.7,33.7,37.2,38.5,6.8,19.0,205,Poor,1011.9,98.7,2024,4,8,0,Monday,7.0,1432.2
2024-04-08,Delhi,Delhi,27.3,14.0,20.6,46.4,7.8,15.7,149,Moderate,1006.1,39.6,2024,4,8,0,Monday,13.3,955.84
2024-04-08,Bengaluru,Karnataka,37.7,25.2,31.5,74.1,2.1,12.9,244,Poor,1008.8,78.3,2024,4,8,0,Monday,12.500000000000004,2334.1499999999996
2024-04-08,Chennai,Tamil Nadu,33.2,19.2,26.2,40.6,0.0,22.5,291,Poor,998.6,74.3,2024,4,8,0,Monday,14.000000000000004,1063.72
2024-04-08,Kolkata,West Bengal,42.2,27.3,34.7,49.1,0.0,21.5,196,Moderate,1002.9,61.2,2024,4,8,0,Monday,14.900000000000002,1703.7700000000002
2024-04-08,Hyderabad,Telangana,37.9,23.2,30.6,33.6,0.0,3.8,88,Satisfactory,1009.6,36.5,2024,4,8,0,Monday,14.7,1028.16
2024-04-08,Ahmedabad,Gujarat,42.0,31.8,36.9,90.7,0.0,11.8,94,Satisfactory,996.9,91.5,2024,4,8,0,Monday,10.2,3346.83
2024-04-08,Jaipur,Rajasthan,30.7,20.6,25.6,47.1,0.0,3.3,211,Poor,1003.0,73.5,2024,4,8,0,Monday,10.099999999999998,1205.76
2024-04-08,Lucknow,Uttar Pradesh,33.5,22.8,28.1,53.8,9.4,22.5,131,Moderate,1018.1,22.5,2024,4,8,0,Monday,10.7,1511.78
2024-04-08,Bhopal,Madhya Pradesh,39.3,33.5,36.4,82.8,0.0,18.5,52,Satisfactory,1013.8,83.9,2024,4,8,0,Monday,5.799999999999997,3013.9199999999996
2024-04-09,Mumbai,Maharashtra,25.5,16.7,21.1,39.7,0.0,21.4,49,Good,990.0,21.0,2024,4,9,1,Tuesday,8.8,837.6700000000001
2024-04-09,Delhi,Delhi,31.6,17.5,24.5,36.3,41.6,4.8,174,Moderate,997.4,7.8,2024,4,9,1,Tuesday,14.100000000000001,889.3499999999999
2024-04-09,Bengaluru,Karnataka,30.6,16.9,23.7,69.3,0.0,12.2,316,Very Poor,1025.0,84.3,2024,4,9,1,Tuesday,13.700000000000003,1642.4099999999999
2024-04-09,Chennai,Tamil Nadu,41.5,35.4,38.4,44.8,0.0,12.9,272,Poor,1013.7,88.1,2024,4,9,1,Tuesday,6.100000000000001,1720.32
2024-04-09,Kolkata,West Bengal,43.8,38.2,41.0,30.8,0.0,9.6,176,Moderate,999.4,53.6,2024,4,9,1,Tuesday,5.599999999999994,1262.8
2024-04-09,Hyderabad,Telangana,35.2,23.5,29.4,55.2,0.0,19.1,112,Moderate,1016.5,68.4,2024,4,9,1,Tuesday,11.700000000000003,1622.88
2024-04-09,Ahmedabad,Gujarat,36.8,26.1,31.4,61.5,0.0,18.5,82,Satisfactory,993.8,76.2,2024,4,9,1,Tuesday,10.699999999999996,1931.1
2024-04-09,Jaipur,Rajasthan,26.3,11.6,19.0,92.2,0.0,13.2,236,Poor,1019.1,95.3,2024,4,9,1,Tuesday,14.700000000000001,1751.8
2024-04-09,Lucknow,Uttar Pradesh,32.1,21.0,26.6,50.3,0.0,9.5,292,Poor,1000.3,8.2,2024,4,9,1,Tuesday,11.100000000000001,1337.98
2024-04-09,Bhopal,Madhya Pradesh,34.0,25.8,29.9,60.6,18.7,22.6,107,Moderate,1023.1,42.8,2024,4,9,1,Tuesday,8.2,1811.94
2024-04-10,Mumbai,Maharashtra,32.5,24.1,28.3,41.5,43.4,2.7,275,Poor,1012.5,77.5,2024,4,10,2,Wednesday,8.399999999999999,1174.45
2024-04-10,Delhi,Delhi,42.7,30.4,36.6,90.3,0.0,2.2,120,Moderate,998.4,14.6,2024,4,10,2,Wednesday,12.300000000000004,3304.98
2024-04-10,Bengaluru,Karnataka,28.5,23.3,25.9,89.1,0.0,23.0,248,Poor,1021.2,67.1,2024,4,10,2,Wednesday,5.199999999999999,2307.6899999999996
2024-04-10,Chennai,Tamil Nadu,25.1,10.3,17.7,87.1,0.0,22.6,70,Satisfactory,1000.2,58.5,2024,4,10,2,Wednesday,14.8,1541.6699999999998
2024-04-10,Kolkata,West Bengal,43.4,37.0,40.2,44.6,5.6,7.3,345,Very Poor,990.0,76.9,2024,4,10,2,Wednesday,6.399999999999999,1792.92
2024-04-10,Hyderabad,Telangana,41.2,31.6,36.4,88.7,0.0,12.3,138,Moderate,1017.1,55.0,2024,4,10,2,Wednesday,9.600000000000001,3228.68
2024-04-10,Ahmedabad,Gujarat,30.2,24.8,27.5,67.9,2.4,17.7,317,Very Poor,1016.3,52.8,2024,4,10,2,Wednesday,5.399999999999999,1867.2500000000002
2024-04-10,Jaipur,Rajasthan,43.7,30.7,37.2,71.3,0.0,6.7,343,Very Poor,1005.5,10.4,2024,4,10,2,Wednesday,13.000000000000004,2652.36
2024-04-10,Lucknow,Uttar Pradesh,36.8,26.2,31.5,72.6,5.0,18.5,110,Moderate,1004.6,76.9,2024,4,10,2,Wednesday,10.599999999999998,2286.8999999999996
2024-04-10,Bhopal,Madhya Pradesh,29.4,22.8,26.1,54.2,0.0,15.5,92,Satisfactory,1015.2,27.9,2024,4,10,2,Wednesday,6.599999999999998,1414.6200000000001
2024-04-11,Mumbai,Maharashtra,44.4,33.3,38.9,93.8,0.0,8.0,91,Satisfactory,1007.9,35.4,2024,4,11,3,Thursday,11.100000000000001,3648.8199999999997
2024-04-11,Delhi,Delhi,30.3,24.9,27.6,75.8,0.0,4.4,273,Poor,1011.4,13.9,2024,4,11,3,Thursday,5.400000000000002,2092.08
2024-04-11,Bengaluru,Karnataka,25.4,17.9,21.7,87.9,7.2,13.3,251,Poor,1019.6,62.1,2024,4,11,3,Thursday,7.5,1907.43
2024-04-11,Chennai,Tamil Nadu,44.9,37.5,41.2,70.6,0.0,4.7,211,Poor,1012.7,58.9,2024,4,11,3,Thursday,7.399999999999999,2908.72
2024-04-11,Kolkata,West Bengal,25.6,15.9,20.8,90.1,4.0,20.0,161,Moderate,1008.2,86.5,2024,4,11,3,Thursday,9.700000000000001,1874.08
2024-04-11,Hyderabad,Telangana,42.8,35.4,39.1,48.2,0.0,7.3,298,Poor,998.1,90.6,2024,4,11,3,Thursday,7.399999999999999,1884.6200000000001
2024-04-11,Ahmedabad,Gujarat,36.1,24.9,30.5,60.8,0.0,11.6,181,Moderate,1002.1,52.3,2024,4,11,3,Thursday,11.200000000000003,1854.3999999999999
2024-04-11,Jaipur,Rajasthan,35.4,29.0,32.2,63.4,0.0,19.5,265,Poor,1005.0,64.5,2024,4,11,3,Thursday,6.399999999999999,2041.4800000000002
2024-04-11,Lucknow,Uttar Pradesh,38.6,28.9,33.7,55.2,0.0,21.5,82,Satisfactory,1020.6,21.2,2024,4,11,3,Thursday,9.700000000000003,1860.2400000000002
2024-04-11,Bhopal,Madhya Pradesh,37.6,29.6,33.6,31.2,25.9,18.5,112,Moderate,1016.7,24.1,2024,4,11,3,Thursday,8.0,1048.32
2024-04-12,Mumbai,Maharashtra,35.4,28.7,32.1,49.9,0.0,20.1,235,Poor,995.9,7.7,2024,4,12,4,Friday,6.699999999999999,1601.79
2024-04-12,Delhi,Delhi,44.5,36.2,40.4,37.7,5.7,16.3,68,Satisfactory,1001.0,56.5,2024,4,12,4,Friday,8.299999999999997,1523.0800000000002
2024-04-12,Bengaluru,Karnataka,38.6,26.3,32.5,92.7,0.0,18.3,121,Moderate,1017.7,23.4,2024,4,12,4,Friday,12.3,3012.75
2024-04-12,Chennai,Tamil Nadu,35.3,26.9,31.1,85.9,0.0,19.8,125,Moderate,1001.6,84.0,2024,4,12,4,Friday,8.399999999999999,2671.4900000000002
2024-04-12,Kolkata,West Bengal,35.9,28.8,32.4,60.9,28.7,5.7,46,Good,1017.6,98.5,2024,4,12,4,Friday,7.099999999999998,1973.1599999999999
2024-04-12,Hyderabad,Telangana,39.0,31.5,35.2,32.6,0.0,15.5,66,Satisfactory,1007.5,88.0,2024,4,12,4,Friday,7.5,1147.5200000000002
2024-04-12,Ahmedabad,Gujarat,38.6,26.8,32.7,73.5,0.0,12.8,179,Moderate,1003.9,34.5,2024,4,12,4,Friday,11.8,2403.4500000000003
2024-04-12,Jaipur,Rajasthan,32.7,23.4,28.0,93.7,0.0,16.3,173,Moderate,1019.1,39.2,2024,4,12,4,Friday,9.300000000000004,2623.6
2024-04-12,Lucknow,Uttar Pradesh,33.2,24.4,28.8,90.2,0.0,11.8,84,Satisfactory,993.5,63.8,2024,4,12,4,Friday,8.800000000000004,2597.76
2024-04-12,Bhopal,Madhya Pradesh,35.4,30.4,32.9,50.6,43.9,22.1,302,Very Poor,1002.6,9.3,2024,4,12,4,Friday,5.0,1664.74
2024-04-13,Mumbai,Maharashtra,43.2,30.0,36.6,38.3,10.0,22.9,135,Moderate,998.2,91.3,2024,4,13,5,Saturday,13.200000000000003,1401.78
2024-04-13,Delhi,Delhi,44.5,36.7,40.6,92.0,0.0,13.0,99,Satisfactory,997.8,72.0,2024,4,13,5,Saturday,7.799999999999997,3735.2000000000003
2024-04-13,Bengaluru,Karnataka,36.1,28.5,32.3,92.1,0.0,11.5,310,Very Poor,998.1,51.7,2024,4,13,5,Saturday,7.600000000000001,2974.8299999999995
2024-04-13,Chennai,Tamil Nadu,39.2,28.4,33.8,35.8,7.0,7.8,306,Very Poor,1004.6,38.3,2024,4,13,5,Saturday,10.800000000000004,1210.0399999999997
2024-04-13,Kolkata,West Bengal,27.5,16.9,22.2,39.2,0.0,13.2,191,Moderate,1022.5,54.5,2024,4,13,5,Saturday,10.600000000000001,870.24
2024-04-13,Hyderabad,Telangana,36.6,24.7,30.6,36.9,0.0,20.1,236,Poor,1003.2,14.5,2024,4,13,5,Saturday,11.900000000000002,1129.14
2024-04-13,Ahmedabad,Gujarat,42.6,28.7,35.7,92.2,0.0,20.8,227,Poor,1002.8,62.1,2024,4,13,5,Saturday,13.900000000000002,3291.5400000000004
2024-04-13,Jaipur,Rajasthan,32.3,18.3,25.3,62.7,0.0,6.1,280,Poor,1008.0,82.3,2024,4,13,5,Saturday,13.999999999999996,1586.3100000000002
2024-04-13,Lucknow,Uttar Pradesh,40.8,28.7,34.7,46.5,0.0,5.0,316,Very Poor,1024.1,87.5,2024,4,13,5,Saturday,12.099999999999998,1613.5500000000002
2024-04-13,Bhopal,Madhya Pradesh,42.7,32.3,37.5,72.0,5.5,13.6,192,Moderate,1012.7,52.8,2024,4,13,5,Saturday,10.400000000000006,2700.0
2024-04-14,Mumbai,Maharashtra,28.4,20.6,24.5,40.3,0.0,8.2,87,Satisfactory,1010.7,63.0,2024,4,14,6,Sunday,7.799999999999997,987.3499999999999
2024-04-14,Delhi,Delhi,40.9,28.0,34.4,45.4,3.0,18.0,213,Poor,992.9,44.7,2024,4,14,6,Sunday,12.899999999999999,1561.76
2024-04-14,Bengaluru,Karnataka,28.7,19.3,24.0,69.1,3.3,9.4,299,Poor,1019.4,14.8,2024,4,14,6,Sunday,9.399999999999999,1658.3999999999999
2024-04-14,Chennai,Tamil Nadu,28.1,22.2,25.1,71.7,0.0,8.6,146,Moderate,1007.5,48.3,2024,4,14,6,Sunday,5.900000000000002,1799.67
2024-04-14,Kolkata,West Bengal,38.9,26.3,32.6,85.4,9.7,11.1,348,Very Poor,1013.7,50.2,2024,4,14,6,Sunday,12.599999999999998,2784.0400000000004
2024-04-14,Hyderabad,Telangana,39.6,25.1,32.3,84.3,0.0,7.8,202,Poor,1003.0,6.9,2024,4,14,6,Sunday,14.5,2722.89
2024-04-14,Ahmedabad,Gujarat,35.1,24.8,30.0,93.3,0.0,11.8,202,Poor,1002.6,80.9,2024,4,14,6,Sunday,10.3,2799.0
2024-04-14,Jaipur,Rajasthan,36.4,22.9,29.7,82.4,0.0,8.8,150,Moderate,991.8,51.3,2024,4,14,6,Sunday,13.5,2447.28
2024-04-14,Lucknow,Uttar Pradesh,30.0,18.1,24.1,80.0,2.5,2.2,139,Moderate,1022.8,64.6,2024,4,14,6,Sunday,11.899999999999999,1928.0
2024-04-14,Bhopal,Madhya Pradesh,29.9,24.8,27.4,45.3,0.0,14.2,50,Good,1010.7,33.3,2024,4,14,6,Sunday,5.099999999999998,1241.2199999999998
2024-04-15,Mumbai,Maharashtra,25.7,20.5,23.1,78.0,0.0,12.4,124,Moderate,1008.0,72.7,2024,4,15,0,Monday,5.199999999999999,1801.8000000000002
2024-04-15,Delhi,Delhi,27.4,16.9,22.2,51.3,0.0,16.3,258,Poor,1009.0,75.3,2024,4,15,0,Monday,10.5,1138.86
2024-04-15,Bengaluru,Karnataka,35.7,23.9,29.8,86.8,4.4,15.4,49,Good,992.5,89.8,2024,4,15,0,Monday,11.800000000000004,2586.64
2024-04-15,Chennai,Tamil Nadu,40.0,27.4,33.7,92.0,0.0,9.6,188,Moderate,993.2,58.5,2024,4,15,0,Monday,12.600000000000001,3100.4
2024-04-15,Kolkata,West Bengal,27.1,16.0,21.5,78.0,0.0,23.9,89,Satisfactory,1020.3,33.2,2024,4,15,0,Monday,11.100000000000001,1677.0
2024-04-15,Hyderabad,Telangana,33.7,24.7,29.2,67.4,0.0,4.4,341,Very Poor,1020.0,34.4,2024,4,15,0,Monday,9.000000000000004,1968.0800000000002
2024-04-15,Ahmedabad,Gujarat,27.4,12.8,20.1,35.9,2.4,21.6,222,Poor,1005.2,93.2,2024,4,15,0,Monday,14.599999999999998,721.59
2024-04-15,Jaipur,Rajasthan,37.6,24.1,30.9,49.3,73.4,24.5,295,Poor,1021.6,17.1,2024,4,15,0,Monday,13.5,1523.37
2024-04-15,Lucknow,Uttar Pradesh,33.2,18.3,25.7,60.7,0.0,3.7,83,Satisfactory,1021.3,81.3,2024,4,15,0,Monday,14.900000000000002,1559.99
2024-04-15,Bhopal,Madhya Pradesh,40.5,29.3,34.9,56.6,2.6,14.6,186,Moderate,1011.3,13.7,2024,4,15,0,Monday,11.2,1975.34
2024-04-16,Mumbai,Maharashtra,28.9,21.8,25.3,73.0,0.0,16.9,309,Very Poor,1020.5,76.1,2024,4,16,1,Tuesday,7.099999999999998,1846.9
2024-04-16,Delhi,Delhi,35.7,23.2,29.5,39.1,0.0,23.4,93,Satisfactory,1020.6,17.8,2024,4,16,1,Tuesday,12.500000000000004,1153.45
2024-04-16,Bengaluru,Karnataka,32.2,24.2,28.2,70.0,9.0,21.3,202,Poor,1008.4,24.8,2024,4,16,1,Tuesday,8.000000000000004,1974.0
2024-04-16,Chennai,Tamil Nadu,36.1,23.7,29.9,44.3,35.5,12.2,122,Moderate,1016.4,76.3,2024,4,16,1,Tuesday,12.400000000000002,1324.57
2024-04-16,Kolkata,West Bengal,36.4,22.5,29.5,60.9,0.0,22.5,250,Poor,1019.7,99.3,2024,4,16,1,Tuesday,13.899999999999999,1796.55
2024-04-16,Hyderabad,Telangana,43.7,30.5,37.1,84.9,36.8,11.9,215,Poor,1008.9,47.4,2024,4,16,1,Tuesday,13.200000000000003,3149.7900000000004
2024-04-16,Ahmedabad,Gujarat,34.4,28.9,31.7,87.3,0.0,2.1,70,Satisfactory,998.6,71.9,2024,4,16,1,Tuesday,5.5,2767.41
2024-04-16,Jaipur,Rajasthan,43.2,36.0,39.6,43.3,1.9,22.1,128,Moderate,1011.5,22.9,2024,4,16,1,Tuesday,7.200000000000003,1714.6799999999998
2024-04-16,Lucknow,Uttar Pradesh,34.5,20.0,27.2,46.1,0.0,12.5,115,Moderate,992.5,80.9,2024,4,16,1,Tuesday,14.5,1253.92
2024-04-16,Bhopal,Madhya Pradesh,39.5,33.8,36.7,92.1,2.0,24.3,154,Moderate,1006.7,74.1,2024,4,16,1,Tuesday,5.700000000000003,3380.07
2024-04-17,Mumbai,Maharashtra,28.7,19.3,24.0,40.8,0.0,16.4,76,Satisfactory,1008.8,67.9,2024,4,17,2,Wednesday,9.399999999999999,979.1999999999999
2024-04-17,Delhi,Delhi,36.1,28.2,32.2,91.1,0.0,8.6,115,Moderate,996.8,6.1,2024,4,17,2,Wednesday,7.900000000000002,2933.42
2024-04-17,Bengaluru,Karnataka,38.6,31.3,34.9,63.1,0.0,10.6,236,Poor,1006.0,21.8,2024,4,17,2,Wednesday,7.300000000000001,2202.19
2024-04-17,Chennai,Tamil Nadu,32.3,18.8,25.5,79.2,0.0,19.9,100,Satisfactory,1007.0,26.4,2024,4,17,2,Wednesday,13.499999999999996,2019.6000000000001
2024-04-17,Kolkata,West Bengal,28.3,15.5,21.9,44.9,0.0,22.2,44,Good,1020.4,47.9,2024,4,17,2,Wednesday,12.8,983.31
2024-04-17,Hyderabad,Telangana,33.5,22.5,28.0,66.3,6.5,6.2,260,Poor,1016.3,37.2,2024,4,17,2,Wednesday,11.0,1856.3999999999999
2024-04-17,Ahmedabad,Gujarat,26.0,16.9,21.4,75.8,2.3,15.5,225,Poor,1002.4,50.8,2024,4,17,2,Wednesday,9.100000000000001,1622.12
2024-04-17,Jaipur,Rajasthan,34.4,22.5,28.5,58.2,0.0,8.9,102,Moderate,1016.2,80.4,2024,4,17,2,Wednesday,11.899999999999999,1658.7
2024-04-17,Lucknow,Uttar Pradesh,44.2,34.2,39.2,89.6,0.0,7.1,146,Moderate,990.3,73.0,2024,4,17,2,Wednesday,10.0,3512.32
2024-04-17,Bhopal,Madhya Pradesh,40.7,32.3,36.5,83.3,0.0,11.4,70,Satisfactory,1002.2,77.5,2024,4,17,2,Wednesday,8.400000000000006,3040.45
2024-04-18,Mumbai,Maharashtra,32.0,18.7,25.3,34.3,0.0,8.7,224,Poor,1003.0,78.8,2024,4,18,3,Thursday,13.3,867.79
2024-04-18,Delhi,Delhi,37.9,25.3,31.6,37.7,0.0,22.5,173,Moderate,1014.5,24.2,2024,4,18,3,Thursday,12.599999999999998,1191.3200000000002
2024-04-18,Bengaluru,Karnataka,34.9,29.3,32.1,92.1,0.0,2.6,202,Poor,1022.4,85.9,2024,4,18,3,Thursday,5.599999999999998,2956.41
2024-04-18,Chennai,Tamil Nadu,29.6,23.4,26.5,53.6,45.5,15.2,187,Moderate,1021.1,66.8,2024,4,18,3,Thursday,6.200000000000003,1420.4
2024-04-18,Kolkata,West Bengal,42.1,32.4,37.2,86.5,19.0,15.5,56,Satisfactory,1021.1,94.1,2024,4,18,3,Thursday,9.700000000000003,3217.8
2024-04-18,Hyderabad,Telangana,35.0,26.3,30.6,70.7,0.0,18.3,227,Poor,994.7,82.3,2024,4,18,3,Thursday,8.7,2163.42
2024-04-18,Ahmedabad,Gujarat,44.0,35.6,39.8,37.0,16.0,2.9,154,Moderate,1016.4,54.9,2024,4,18,3,Thursday,8.399999999999999,1472.6
2024-04-18,Jaipur,Rajasthan,26.3,15.1,20.7,68.0,0.0,12.3,328,Very Poor,1009.0,14.5,2024,4,18,3,Thursday,11.200000000000001,1407.6
2024-04-18,Lucknow,Uttar Pradesh,32.5,26.7,29.6,55.2,6.0,3.3,64,Satisfactory,1000.0,82.8,2024,4,18,3,Thursday,5.800000000000001,1633.92
2024-04-18,Bhopal,Madhya Pradesh,42.1,36.2,39.2,84.2,0.0,3.5,136,Moderate,997.6,17.1,2024,4,18,3,Thursday,5.899999999999999,3300.6400000000003
2024-04-19,Mumbai,Maharashtra,35.3,24.4,29.8,81.3,0.0,12.9,111,Moderate,1004.5,85.0,2024,4,19,4,Friday,10.899999999999999,2422.74
2024-04-19,Delhi,Delhi,25.1,13.6,19.4,43.2,0.0,4.4,125,Moderate,1007.3,62.9,2024,4,19,4,Friday,11.500000000000002,838.08
2024-04-19,Bengaluru,Karnataka,39.3,28.4,33.9,51.1,0.0,21.2,310,Very Poor,1004.7,59.8,2024,4,19,4,Friday,10.899999999999999,1732.29
2024-04-19,Chennai,Tamil Nadu,42.3,33.6,37.9,43.6,0.0,22.8,46,Good,996.9,7.5,2024,4,19,4,Friday,8.699999999999996,1652.44
2024-04-19,Kolkata,West Bengal,37.4,25.8,31.6,50.2,3.3,3.3,349,Very Poor,1022.5,26.1,2024,4,19,4,Friday,11.599999999999998,1586.3200000000002
2024-04-19,Hyderabad,Telangana,28.4,15.7,22.1,44.5,71.2,11.3,304,Very Poor,1014.6,57.9,2024,4,19,4,Friday,12.7,983.45
2024-04-19,Ahmedabad,Gujarat,31.3,21.1,26.2,61.5,0.0,5.4,100,Satisfactory,1010.2,67.5,2024,4,19,4,Friday,10.2,1611.3
2024-04-19,Jaipur,Rajasthan,32.8,18.3,25.6,46.0,0.0,23.6,216,Poor,1015.8,48.5,2024,4,19,4,Friday,14.499999999999996,1177.6000000000001
2024-04-19,Lucknow,Uttar Pradesh,38.9,27.9,33.4,87.1,0.0,2.9,250,Poor,991.5,87.7,2024,4,19,4,Friday,11.0,2909.14
2024-04-19,Bhopal,Madhya Pradesh,38.2,27.1,32.6,85.2,0.0,23.3,214,Poor,1014.5,29.4,2024,4,19,4,Friday,11.100000000000001,2777.5200000000004
2024-04-20,Mumbai,Maharashtra,35.7,29.3,32.5,68.4,13.7,16.8,150,Moderate,1020.7,69.2,2024,4,20,5,Saturday,6.400000000000002,2223.0
2024-04-20,Delhi,Delhi,35.3,23.5,29.4,92.4,71.2,17.4,335,Very Poor,1022.6,42.8,2024,4,20,5,Saturday,11.799999999999997,2716.56
2024-04-20,Bengaluru,Karnataka,39.1,33.6,36.3,88.9,0.0,5.4,44,Good,1006.4,84.0,2024,4,20,5,Saturday,5.5,3227.07
2024-04-20,Chennai,Tamil Nadu,30.5,25.4,27.9,57.0,65.9,16.0,280,Poor,998.9,92.8,2024,4,20,5,Saturday,5.100000000000001,1590.3
2024-04-20,Kolkata,West Bengal,36.5,24.5,30.5,90.1,7.2,2.9,91,Satisfactory,1003.5,43.6,2024,4,20,5,Saturday,12.0,2748.0499999999997
2024-04-20,Hyderabad,Telangana,25.5,19.1,22.3,72.6,0.0,15.8,262,Poor,1022.8,20.9,2024,4,20,5,Saturday,6.399999999999999,1618.98
2024-04-20,Ahmedabad,Gujarat,40.1,34.2,37.2,86.0,0.0,3.1,205,Poor,1001.7,53.4,2024,4,20,5,Saturday,5.899999999999999,3199.2000000000003
2024-04-20,Jaipur,Rajasthan,30.4,16.2,23.3,53.9,0.0,11.4,293,Poor,999.6,17.5,2024,4,20,5,Saturday,14.2,1255.8700000000001
2024-04-20,Lucknow,Uttar Pradesh,44.9,36.6,40.8,54.8,0.0,22.8,240,Poor,1009.6,47.8,2024,4,20,5,Saturday,8.299999999999997,2235.8399999999997
2024-04-20,Bhopal,Madhya Pradesh,44.1,31.1,37.6,32.6,0.0,18.1,346,Very Poor,1018.9,74.5,2024,4,20,5,Saturday,13.0,1225.76
2024-04-21,Mumbai,Maharashtra,30.5,16.7,23.6,79.8,0.0,20.2,243,Poor,1008.6,32.8,2024,4,21,6,Sunday,13.8,1883.28
2024-04-21,Delhi,Delhi,37.8,30.7,34.3,32.0,49.9,23.3,176,Moderate,1008.5,76.6,2024,4,21,6,Sunday,7.099999999999998,1097.6
2024-04-21,Bengaluru,Karnataka,39.9,32.9,36.4,54.1,6.4,21.2,303,Very Poor,1004.0,47.6,2024,4,21,6,Sunday,7.0,1969.24
2024-04-21,Chennai,Tamil Nadu,40.5,32.6,36.6,51.1,0.0,9.1,345,Very Poor,1021.5,70.4,2024,4,21,6,Sunday,7.899999999999999,1870.2600000000002
2024-04-21,Kolkata,West Bengal,40.3,25.9,33.1,44.1,7.7,12.8,304,Very Poor,1002.1,86.9,2024,4,21,6,Sunday,14.399999999999999,1459.71
2024-04-21,Hyderabad,Telangana,25.4,14.4,19.9,53.9,0.0,23.7,248,Poor,996.3,68.0,2024,4,21,6,Sunday,10.999999999999998,1072.61
2024-04-21,Ahmedabad,Gujarat,30.0,21.8,25.9,84.3,0.0,3.4,66,Satisfactory,997.3,51.2,2024,4,21,6,Sunday,8.2,2183.37
2024-04-21,Jaipur,Rajasthan,41.9,29.7,35.8,91.3,0.0,15.8,49,Good,1024.2,66.0,2024,4,21,6,Sunday,12.2,3268.5399999999995
2024-04-21,Lucknow,Uttar Pradesh,39.5,25.4,32.4,81.7,57.0,4.1,238,Poor,1013.4,31.9,2024,4,21,6,Sunday,14.100000000000001,2647.08
2024-04-21,Bhopal,Madhya Pradesh,37.2,30.6,33.9,43.4,0.0,21.2,331,Very Poor,1001.4,51.4,2024,4,21,6,Sunday,6.600000000000001,1471.26
2024-04-22,Mumbai,Maharashtra,29.5,20.6,25.1,69.4,73.1,19.9,158,Moderate,998.0,7.4,2024,4,22,0,Monday,8.899999999999999,1741.9400000000003
2024-04-22,Delhi,Delhi,27.8,15.7,21.8,73.0,0.0,11.9,176,Moderate,1013.4,45.8,2024,4,22,0,Monday,12.100000000000001,1591.4
2024-04-22,Bengaluru,Karnataka,26.3,17.3,21.8,79.7,0.0,18.2,176,Moderate,1023.0,30.4,2024,4,22,0,Monday,9.0,1737.46
2024-04-22,Chennai,Tamil Nadu,40.9,29.8,35.4,37.2,0.0,14.2,126,Moderate,1020.7,48.9,2024,4,22,0,Monday,11.099999999999998,1316.88
2024-04-22,Kolkata,West Bengal,29.6,15.9,22.7,41.1,4.3,12.9,304,Very Poor,1002.3,39.3,2024,4,22,0,Monday,13.700000000000001,932.97
2024-04-22,Hyderabad,Telangana,36.1,23.9,30.0,88.3,33.0,2.6,125,Moderate,1003.2,90.1,2024,4,22,0,Monday,12.200000000000003,2649.0
2024-04-22,Ahmedabad,Gujarat,30.5,22.4,26.4,69.8,60.9,17.5,121,Moderate,997.2,93.6,2024,4,22,0,Monday,8.100000000000001,1842.7199999999998
2024-04-22,Jaipur,Rajasthan,28.0,22.1,25.0,66.6,0.0,8.5,276,Poor,1011.1,82.6,2024,4,22,0,Monday,5.899999999999999,1664.9999999999998
2024-04-22,Lucknow,Uttar Pradesh,30.2,22.8,26.5,92.8,0.0,23.8,259,Poor,1002.0,46.8,2024,4,22,0,Monday,7.399999999999999,2459.2
2024-04-22,Bhopal,Madhya Pradesh,36.8,28.6,32.7,66.0,0.0,12.5,106,Moderate,994.6,68.1,2024,4,22,0,Monday,8.199999999999996,2158.2000000000003
2024-04-23,Mumbai,Maharashtra,33.7,26.7,30.2,65.7,0.0,23.9,61,Satisfactory,995.0,72.3,2024,4,23,1,Tuesday,7.0000000000000036,1984.14
2024-04-23,Delhi,Delhi,27.2,17.1,22.1,60.2,9.5,15.8,333,Very Poor,1005.9,38.8,2024,4,23,1,Tuesday,10.099999999999998,1330.42
2024-04-23,Bengaluru,Karnataka,37.1,26.3,31.7,45.1,0.0,12.2,48,Good,994.0,84.5,2024,4,23,1,Tuesday,10.8,1429.67
2024-04-23,Chennai,Tamil Nadu,41.7,35.3,38.5,87.6,0.0,9.2,165,Moderate,996.2,86.6,2024,4,23,1,Tuesday,6.400000000000006,3372.6
2024-04-23,Kolkata,West Bengal,33.0,26.3,29.6,54.9,35.4,23.8,307,Very Poor,995.1,21.8,2024,4,23,1,Tuesday,6.699999999999999,1625.04
2024-04-23,Hyderabad,Telangana,32.9,27.8,30.3,47.8,0.0,4.5,222,Poor,1022.3,76.4,2024,4,23,1,Tuesday,5.099999999999998,1448.34
2024-04-23,Ahmedabad,Gujarat,40.4,31.1,35.7,79.3,3.8,11.7,325,Very Poor,1024.3,38.2,2024,4,23,1,Tuesday,9.299999999999997,2831.01
2024-04-23,Jaipur,Rajasthan,43.7,36.2,39.9,81.9,0.0,19.1,101,Moderate,1006.3,26.6,2024,4,23,1,Tuesday,7.5,3267.81
2024-04-23,Lucknow,Uttar Pradesh,33.5,21.0,27.2,69.3,0.0,3.0,166,Moderate,1018.6,99.0,2024,4,23,1,Tuesday,12.5,1884.9599999999998
2024-04-23,Bhopal,Madhya Pradesh,25.2,18.5,21.9,72.4,0.0,19.6,209,Poor,1014.1,35.7,2024,4,23,1,Tuesday,6.699999999999999,1585.56
2024-04-24,Mumbai,Maharashtra,27.9,18.4,23.2,87.3,0.0,6.4,163,Moderate,1010.3,53.1,2024,4,24,2,Wednesday,9.5,2025.36
2024-04-24,Delhi,Delhi,27.4,18.2,22.8,34.7,0.0,23.3,204,Poor,1003.1,77.0,2024,4,24,2,Wednesday,9.2,791.1600000000001
2024-04-24,Bengaluru,Karnataka,39.1,31.5,35.3,91.2,0.0,4.3,187,Moderate,1013.6,5.7,2024,4,24,2,Wednesday,7.600000000000001,3219.3599999999997
2024-04-24,Chennai,Tamil Nadu,28.9,17.6,23.2,93.7,0.0,13.4,283,Poor,1022.6,89.5,2024,4,24,2,Wednesday,11.299999999999997,2173.84
2024-04-24,Kolkata,West Bengal,30.9,20.5,25.7,44.6,4.5,22.6,307,Very Poor,1004.5,6.7,2024,4,24,2,Wednesday,10.399999999999999,1146.22
2024-04-24,Hyderabad,Telangana,28.5,17.3,22.9,31.6,0.0,11.7,309,Very Poor,1000.8,91.0,2024,4,24,2,Wednesday,11.2,723.64
2024-04-24,Ahmedabad,Gujarat,29.8,23.9,26.8,70.8,0.0,5.1,305,Very Poor,1014.0,25.2,2024,4,24,2,Wednesday,5.900000000000002,1897.44
2024-04-24,Jaipur,Rajasthan,26.2,19.0,22.6,94.9,0.0,16.0,296,Poor,1015.4,34.9,2024,4,24,2,Wednesday,7.199999999999999,2144.7400000000002
2024-04-24,Lucknow,Uttar Pradesh,37.1,28.2,32.6,66.2,0.0,9.9,189,Moderate,1004.0,77.3,2024,4,24,2,Wednesday,8.900000000000002,2158.1200000000003
2024-04-24,Bhopal,Madhya Pradesh,43.8,35.9,39.8,57.0,0.0,3.2,349,Very Poor,1004.0,30.7,2024,4,24,2,Wednesday,7.899999999999999,2268.6
2024-04-25,Mumbai,Maharashtra,31.2,17.3,24.2,74.0,3.5,22.3,143,Moderate,995.6,37.3,2024,4,25,3,Thursday,13.899999999999999,1790.8
2024-04-25,Delhi,Delhi,25.8,14.9,20.3,85.6,3.9,10.6,304,Very Poor,994.9,72.4,2024,4,25,3,Thursday,10.9,1737.6799999999998
2024-04-25,Bengaluru,Karnataka,38.7,33.5,36.1,44.1,0.8,4.5,253,Poor,1019.3,57.8,2024,4,25,3,Thursday,5.200000000000003,1592.0100000000002
2024-04-25,Chennai,Tamil Nadu,44.4,38.6,41.5,88.6,37.5,22.8,259,Poor,1007.7,61.4,2024,4,25,3,Thursday,5.799999999999997,3676.8999999999996
2024-04-25,Kolkata,West Bengal,41.7,35.4,38.5,82.7,0.0,13.7,335,Very Poor,1023.1,57.1,2024,4,25,3,Thursday,6.300000000000004,3183.9500000000003
2024-04-25,Hyderabad,Telangana,28.6,16.4,22.5,82.8,0.0,21.8,303,Very Poor,1018.8,16.6,2024,4,25,3,Thursday,12.200000000000003,1863.0
2024-04-25,Ahmedabad,Gujarat,33.3,25.7,29.5,86.5,0.0,2.1,273,Poor,1007.3,14.5,2024,4,25,3,Thursday,7.599999999999998,2551.75
2024-04-25,Jaipur,Rajasthan,30.5,21.1,25.8,35.7,0.0,16.9,291,Poor,1022.1,69.6,2024,4,25,3,Thursday,9.399999999999999,921.0600000000001
2024-04-25,Lucknow,Uttar Pradesh,27.2,19.7,23.4,88.1,7.2,11.5,250,Poor,991.6,79.5,2024,4,25,3,Thursday,7.5,2061.54
2024-04-25,Bhopal,Madhya Pradesh,34.5,20.5,27.5,51.9,3.0,13.8,243,Poor,994.6,25.4,2024,4,25,3,Thursday,14.0,1427.25
2024-04-26,Mumbai,Maharashtra,32.7,19.3,26.0,91.7,8.1,10.1,159,Moderate,995.8,8.2,2024,4,26,4,Friday,13.400000000000002,2384.2000000000003
2024-04-26,Delhi,Delhi,43.1,35.7,39.4,43.4,9.7,9.4,83,Satisfactory,991.3,92.2,2024,4,26,4,Friday,7.399999999999999,1709.9599999999998
2024-04-26,Bengaluru,Karnataka,36.0,28.3,32.2,34.2,0.0,19.5,169,Moderate,1007.0,37.6,2024,4,26,4,Friday,7.699999999999999,1101.2400000000002
2024-04-26,Chennai,Tamil Nadu,43.6,29.5,36.5,76.5,0.0,16.1,164,Moderate,1011.8,50.8,2024,4,26,4,Friday,14.100000000000001,2792.25
2024-04-26,Kolkata,West Bengal,44.7,31.5,38.1,58.3,0.0,10.1,292,Poor,1004.1,6.6,2024,4,26,4,Friday,13.200000000000003,2221.23
2024-04-26,Hyderabad,Telangana,32.2,21.4,26.8,34.8,1.8,23.9,132,Moderate,1025.0,40.3,2024,4,26,4,Friday,10.800000000000004,932.64
2024-04-26,Ahmedabad,Gujarat,42.2,27.2,34.7,70.9,0.0,15.2,46,Good,1019.2,70.4,2024,4,26,4,Friday,15.000000000000004,2460.2300000000005
2024-04-26,Jaipur,Rajasthan,31.7,25.3,28.5,45.1,0.0,9.1,107,Moderate,1011.6,55.7,2024,4,26,4,Friday,6.399999999999999,1285.3500000000001
2024-04-26,Lucknow,Uttar Pradesh,28.3,20.9,24.6,62.7,0.0,3.4,242,Poor,1015.5,36.2,2024,4,26,4,Friday,7.400000000000002,1542.42
2024-04-26,Bhopal,Madhya Pradesh,30.6,19.9,25.2,80.2,0.0,12.7,67,Satisfactory,1022.5,90.6,2024,4,26,4,Friday,10.700000000000003,2021.04
2024-04-27,Mumbai,Maharashtra,27.6,17.7,22.7,36.9,3.5,23.8,225,Poor,1024.9,40.6,2024,4,27,5,Saturday,9.900000000000002,837.63
2024-04-27,Delhi,Delhi,42.1,36.0,39.0,74.8,0.0,3.7,136,Moderate,1014.3,29.0,2024,4,27,5,Saturday,6.100000000000001,2917.2
2024-04-27,Bengaluru,Karnataka,27.4,13.8,20.6,62.1,0.0,6.4,72,Satisfactory,1016.1,17.1,2024,4,27,5,Saturday,13.599999999999998,1279.2600000000002
2024-04-27,Chennai,Tamil Nadu,39.2,32.1,35.7,49.9,4.8,16.3,130,Moderate,1012.6,72.8,2024,4,27,5,Saturday,7.100000000000001,1781.43
2024-04-27,Kolkata,West Bengal,31.4,22.1,26.8,50.0,0.0,2.1,75,Satisfactory,991.5,28.2,2024,4,27,5,Saturday,9.299999999999997,1340.0
2024-04-27,Hyderabad,Telangana,35.7,22.1,28.9,77.9,0.0,20.6,197,Moderate,1019.4,91.4,2024,4,27,5,Saturday,13.600000000000001,2251.31
2024-04-27,Ahmedabad,Gujarat,38.9,32.8,35.8,66.7,2.6,7.9,46,Good,991.8,6.0,2024,4,27,5,Saturday,6.100000000000001,2387.86
2024-04-27,Jaipur,Rajasthan,25.2,19.1,22.1,45.6,0.0,4.9,250,Poor,1009.1,86.5,2024,4,27,5,Saturday,6.099999999999998,1007.7600000000001
2024-04-27,Lucknow,Uttar Pradesh,30.9,20.3,25.6,76.5,56.7,22.0,238,Poor,1010.3,45.8,2024,4,27,5,Saturday,10.599999999999998,1958.4
2024-04-27,Bhopal,Madhya Pradesh,41.4,36.3,38.8,94.5,42.9,7.2,162,Moderate,1006.7,17.6,2024,4,27,5,Saturday,5.100000000000001,3666.6
2024-04-28,Mumbai,Maharashtra,28.5,19.9,24.2,54.3,0.0,18.7,72,Satisfactory,991.8,7.9,2024,4,28,6,Sunday,8.600000000000001,1314.06
2024-04-28,Delhi,Delhi,44.3,29.9,37.1,42.6,0.0,15.1,135,Moderate,997.8,76.9,2024,4,28,6,Sunday,14.399999999999999,1580.46
2024-04-28,Bengaluru,Karnataka,43.4,31.9,37.7,58.4,0.0,9.8,53,Satisfactory,1022.8,20.7,2024,4,28,6,Sunday,11.5,2201.6800000000003
2024-04-28,Chennai,Tamil Nadu,34.1,21.1,27.6,80.2,0.0,15.5,93,Satisfactory,1017.2,13.9,2024,4,28,6,Sunday,13.0,2213.52
2024-04-28,Kolkata,West Bengal,25.2,14.3,19.8,87.6,0.0,22.8,341,Very Poor,1018.5,34.9,2024,4,28,6,Sunday,10.899999999999999,1734.48
2024-04-28,Hyderabad,Telangana,30.8,16.9,23.8,87.2,0.0,14.2,275,Poor,1002.5,80.3,2024,4,28,6,Sunday,13.900000000000002,2075.36
2024-04-28,Ahmedabad,Gujarat,43.2,38.1,40.6,82.6,0.0,3.9,235,Poor,990.7,64.7,2024,4,28,6,Sunday,5.100000000000001,3353.56
2024-04-28,Jaipur,Rajasthan,44.7,35.8,40.2,51.6,67.8,20.5,305,Very Poor,1004.9,65.3,2024,4,28,6,Sunday,8.900000000000006,2074.32
2024-04-28,Lucknow,Uttar Pradesh,34.8,27.6,31.2,41.0,0.0,7.6,163,Moderate,1000.4,58.2,2024,4,28,6,Sunday,7.199999999999996,1279.2
2024-04-28,Bhopal,Madhya Pradesh,38.5,32.9,35.7,38.1,0.0,3.5,77,Satisfactory,1021.4,70.7,2024,4,28,6,Sunday,5.600000000000001,1360.17
2024-04-29,Mumbai,Maharashtra,26.3,11.6,18.9,74.3,4.2,19.9,43,Good,1006.7,45.8,2024,4,29,0,Monday,14.700000000000001,1404.2699999999998
2024-04-29,Delhi,Delhi,43.5,32.5,38.0,43.2,74.0,22.1,301,Very Poor,1024.9,28.2,2024,4,29,0,Monday,11.0,1641.6000000000001
2024-04-29,Bengaluru,Karnataka,41.5,34.2,37.8,36.4,30.7,2.1,114,Moderate,990.7,49.3,2024,4,29,0,Monday,7.299999999999997,1375.9199999999998
2024-04-29,Chennai,Tamil Nadu,38.8,28.1,33.5,35.0,0.0,20.2,190,Moderate,1004.6,13.9,2024,4,29,0,Monday,10.699999999999996,1172.5
2024-04-29,Kolkata,West Bengal,26.8,20.5,23.7,45.6,8.6,9.7,263,Poor,999.5,57.2,2024,4,29,0,Monday,6.300000000000001,1080.72
2024-04-29,Hyderabad,Telangana,44.9,38.6,41.7,33.2,7.0,17.6,323,Very Poor,1023.4,53.5,2024,4,29,0,Monday,6.299999999999997,1384.4400000000003
2024-04-29,Ahmedabad,Gujarat,44.4,30.9,37.6,50.1,0.0,22.2,273,Poor,993.5,29.5,2024,4,29,0,Monday,13.5,1883.7600000000002
2024-04-29,Jaipur,Rajasthan,26.9,18.7,22.8,55.2,21.1,12.3,125,Moderate,1022.1,49.4,2024,4,29,0,Monday,8.2,1258.5600000000002
2024-04-29,Lucknow,Uttar Pradesh,27.8,22.8,25.3,64.6,0.0,8.3,333,Very Poor,996.1,78.6,2024,4,29,0,Monday,5.0,1634.3799999999999
2024-04-29,Bhopal,Madhya Pradesh,27.0,20.5,23.7,92.4,0.0,22.1,138,Moderate,1000.8,94.2,2024,4,29,0,Monday,6.5,2189.88
2024-04-30,Mumbai,Maharashtra,38.1,32.3,35.2,45.8,47.0,11.9,343,Very Poor,1020.4,47.7,2024,4,30,1,Tuesday,5.800000000000004,1612.16
2024-04-30,Delhi,Delhi,44.2,35.9,40.1,87.6,8.5,3.7,61,Satisfactory,1019.3,21.6,2024,4,30,1,Tuesday,8.300000000000004,3512.7599999999998
2024-04-30,Bengaluru,Karnataka,33.0,22.2,27.6,85.6,0.0,19.2,135,Moderate,1009.8,47.5,2024,4,30,1,Tuesday,10.8,2362.56
2024-04-30,Chennai,Tamil Nadu,35.0,26.7,30.9,79.2,0.0,7.5,104,Moderate,1019.8,57.9,2024,4,30,1,Tuesday,8.3,2447.28
2024-04-30,Kolkata,West Bengal,37.5,28.9,33.2,84.9,0.0,11.1,89,Satisfactory,1024.4,81.8,2024,4,30,1,Tuesday,8.600000000000001,2818.6800000000003
2024-04-30,Hyderabad,Telangana,30.6,22.3,26.4,72.3,0.0,20.6,214,Poor,1005.3,16.8,2024,4,30,1,Tuesday,8.3,1908.7199999999998
2024-04-30,Ahmedabad,Gujarat,44.0,31.1,37.6,67.6,0.0,9.6,140,Moderate,1024.2,87.0,2024,4,30,1,Tuesday,12.899999999999999,2541.7599999999998
2024-04-30,Jaipur,Rajasthan,34.3,25.1,29.7,39.7,38.3,6.4,276,Poor,1009.2,7.3,2024,4,30,1,Tuesday,9.199999999999996,1179.0900000000001
2024-04-30,Lucknow,Uttar Pradesh,36.6,25.4,31.0,33.4,0.0,16.4,210,Poor,1009.8,63.2,2024,4,30,1,Tuesday,11.200000000000003,1035.3999999999999
2024-04-30,Bhopal,Madhya Pradesh,30.5,23.0,26.7,38.9,0.0,6.1,244,Poor,1020.6,75.6,2024,4,30,1,Tuesday,7.5,1038.6299999999999
2024-05-01,Mumbai,Maharashtra,33.1,25.5,29.3,93.7,8.0,19.5,97,Satisfactory,1000.4,45.5,2024,5,1,2,Wednesday,7.600000000000001,2745.4100000000003
2024-05-01,Delhi,Delhi,27.2,15.0,21.1,47.4,0.0,12.9,275,Poor,1018.1,80.0,2024,5,1,2,Wednesday,12.2,1000.14
2024-05-01,Bengaluru,Karnataka,32.0,22.4,27.2,68.7,32.9,8.2,183,Moderate,1024.6,68.7,2024,5,1,2,Wednesday,9.600000000000001,1868.64
2024-05-01,Chennai,Tamil Nadu,37.3,29.5,33.4,47.8,0.0,19.5,304,Very Poor,1011.3,14.7,2024,5,1,2,Wednesday,7.799999999999997,1596.5199999999998
2024-05-01,Kolkata,West Bengal,37.0,22.4,29.7,73.6,1.8,2.7,118,Moderate,990.5,17.3,2024,5,1,2,Wednesday,14.600000000000001,2185.9199999999996
2024-05-01,Hyderabad,Telangana,33.6,23.7,28.7,39.0,0.0,2.3,87,Satisfactory,992.7,42.2,2024,5,1,2,Wednesday,9.900000000000002,1119.3
2024-05-01,Ahmedabad,Gujarat,32.5,21.3,26.9,65.6,2.4,21.8,152,Moderate,1016.4,57.6,2024,5,1,2,Wednesday,11.2,1764.6399999999996
2024-05-01,Jaipur,Rajasthan,32.3,18.5,25.4,32.6,9.9,2.9,72,Satisfactory,1011.2,51.1,2024,5,1,2,Wednesday,13.799999999999997,828.04
2024-05-01,Lucknow,Uttar Pradesh,30.6,16.7,23.6,65.7,4.2,18.2,174,Moderate,1011.5,53.5,2024,5,1,2,Wednesday,13.900000000000002,1550.5200000000002
2024-05-01,Bhopal,Madhya Pradesh,36.9,29.5,33.2,91.2,0.0,20.5,250,Poor,995.7,32.8,2024,5,1,2,Wednesday,7.399999999999999,3027.84
2024-05-02,Mumbai,Maharashtra,31.3,18.4,24.8,38.5,0.0,22.7,112,Moderate,1010.3,38.4,2024,5,2,3,Thursday,12.900000000000002,954.8000000000001
2024-05-02,Delhi,Delhi,37.3,27.2,32.3,94.5,0.0,13.3,141,Moderate,1013.9,14.6,2024,5,2,3,Thursday,10.099999999999998,3052.35
2024-05-02,Bengaluru,Karnataka,26.5,20.8,23.6,42.7,0.0,9.7,124,Moderate,992.9,57.3,2024,5,2,3,Thursday,5.699999999999999,1007.7200000000001
2024-05-02,Chennai,Tamil Nadu,37.3,22.5,29.9,37.2,43.1,19.8,347,Very Poor,1021.4,36.7,2024,5,2,3,Thursday,14.799999999999997,1112.28
2024-05-02,Kolkata,West Bengal,27.1,21.5,24.3,85.6,0.0,2.8,340,Very Poor,993.7,24.9,2024,5,2,3,Thursday,5.600000000000001,2080.08
2024-05-02,Hyderabad,Telangana,38.4,25.6,32.0,80.4,0.0,9.2,295,Poor,1009.6,55.7,2024,5,2,3,Thursday,12.799999999999997,2572.8
2024-05-02,Ahmedabad,Gujarat,44.6,35.5,40.1,79.6,0.0,2.9,76,Satisfactory,1002.7,63.0,2024,5,2,3,Thursday,9.100000000000001,3191.96
2024-05-02,Jaipur,Rajasthan,43.5,37.7,40.6,90.5,0.0,19.0,160,Moderate,1011.1,68.8,2024,5,2,3,Thursday,5.799999999999997,3674.3
2024-05-02,Lucknow,Uttar Pradesh,34.8,19.9,27.3,43.9,4.2,19.6,43,Good,1000.2,12.7,2024,5,2,3,Thursday,14.899999999999999,1198.47
2024-05-02,Bhopal,Madhya Pradesh,33.5,24.4,29.0,94.2,27.9,13.3,158,Moderate,1011.0,14.1,2024,5,2,3,Thursday,9.100000000000001,2731.8
2024-05-03,Mumbai,Maharashtra,43.9,33.0,38.4,52.4,0.0,13.6,263,Poor,1023.6,21.4,2024,5,3,4,Friday,10.899999999999999,2012.1599999999999
2024-05-03,Delhi,Delhi,37.3,25.5,31.4,52.8,0.0,11.7,340,Very Poor,996.6,5.8,2024,5,3,4,Friday,11.799999999999997,1657.9199999999998
2024-05-03,Bengaluru,Karnataka,33.6,18.9,26.3,39.1,5.9,20.0,100,Satisfactory,993.9,91.6,2024,5,3,4,Friday,14.700000000000003,1028.3300000000002
2024-05-03,Chennai,Tamil Nadu,37.3,22.4,29.8,87.4,0.0,6.3,86,Satisfactory,1007.5,80.4,2024,5,3,4,Friday,14.899999999999999,2604.5200000000004
2024-05-03,Kolkata,West Bengal,38.2,30.0,34.1,52.2,6.7,5.6,100,Satisfactory,1017.6,11.1,2024,5,3,4,Friday,8.200000000000003,1780.0200000000002
2024-05-03,Hyderabad,Telangana,38.1,24.6,31.3,46.4,0.0,20.7,183,Moderate,1017.1,18.8,2024,5,3,4,Friday,13.5,1452.32
2024-05-03,Ahmedabad,Gujarat,40.5,32.1,36.3,71.2,0.0,21.1,300,Poor,1002.4,31.7,2024,5,3,4,Friday,8.399999999999999,2584.56
2024-05-03,Jaipur,Rajasthan,26.0,17.0,21.5,54.1,2.9,3.5,319,Very Poor,1015.0,55.1,2024,5,3,4,Friday,9.0,1163.15
2024-05-03,Lucknow,Uttar Pradesh,31.3,20.5,25.9,62.5,0.0,19.4,120,Moderate,1005.8,96.1,2024,5,3,4,Friday,10.8,1618.75
2024-05-03,Bhopal,Madhya Pradesh,38.7,24.2,31.5,73.1,0.0,15.8,111,Moderate,995.5,55.9,2024,5,3,4,Friday,14.500000000000004,2302.6499999999996
2024-05-04,Mumbai,Maharashtra,39.9,29.6,34.7,56.7,0.0,3.0,343,Very Poor,997.6,97.3,2024,5,4,5,Saturday,10.299999999999997,1967.4900000000002
2024-05-04,Delhi,Delhi,38.1,24.3,31.2,43.9,0.0,4.6,153,Moderate,1010.1,79.2,2024,5,4,5,Saturday,13.8,1369.6799999999998
2024-05-04,Bengaluru,Karnataka,44.6,35.2,39.9,39.8,4.7,12.6,240,Poor,1010.8,30.4,2024,5,4,5,Saturday,9.399999999999999,1588.0199999999998
2024-05-04,Chennai,Tamil Nadu,44.7,39.2,42.0,87.6,27.6,13.1,115,Moderate,1001.6,22.2,2024,5,4,5,Saturday,5.5,3679.2
2024-05-04,Kolkata,West Bengal,41.7,30.5,36.1,89.4,0.0,13.7,135,Moderate,1024.9,71.0,2024,5,4,5,Saturday,11.200000000000003,3227.34
2024-05-04,Hyderabad,Telangana,42.5,29.7,36.1,31.0,0.0,7.2,129,Moderate,1006.4,45.4,2024,5,4,5,Saturday,12.8,1119.1000000000001
2024-05-04,Ahmedabad,Gujarat,28.4,15.8,22.1,94.4,0.0,7.0,227,Poor,994.8,57.4,2024,5,4,5,Saturday,12.599999999999998,2086.2400000000002
2024-05-04,Jaipur,Rajasthan,39.1,27.3,33.2,49.0,0.0,6.9,67,Satisfactory,1003.1,30.8,2024,5,4,5,Saturday,11.8,1626.8000000000002
2024-05-04,Lucknow,Uttar Pradesh,41.6,28.1,34.8,44.3,0.0,11.0,285,Poor,992.2,26.5,2024,5,4,5,Saturday,13.5,1541.6399999999999
2024-05-04,Bhopal,Madhya Pradesh,41.1,34.0,37.6,51.8,15.2,17.1,300,Poor,1009.0,77.7,2024,5,4,5,Saturday,7.100000000000001,1947.68
2024-05-05,Mumbai,Maharashtra,41.1,36.0,38.6,42.1,36.3,17.3,307,Very Poor,1023.5,24.1,2024,5,5,6,Sunday,5.100000000000001,1625.0600000000002
2024-05-05,Delhi,Delhi,31.4,16.5,24.0,40.2,0.0,12.8,227,Poor,1024.5,45.4,2024,5,5,6,Sunday,14.899999999999999,964.8000000000001
2024-05-05,Bengaluru,Karnataka,26.1,12.7,19.4,72.1,0.0,2.3,98,Satisfactory,990.0,63.5,2024,5,5,6,Sunday,13.400000000000002,1398.7399999999998
2024-05-05,Chennai,Tamil Nadu,28.8,17.3,23.1,33.5,0.0,17.2,67,Satisfactory,1015.2,29.2,2024,5,5,6,Sunday,11.5,773.85
2024-05-05,Kolkata,West Bengal,26.6,17.3,21.9,91.5,0.0,15.9,306,Very Poor,1013.8,66.1,2024,5,5,6,Sunday,9.3,2003.85
2024-05-05,Hyderabad,Telangana,34.7,28.4,31.6,48.8,0.0,17.7,221,Poor,1012.3,88.7,2024,5,5,6,Sunday,6.300000000000004,1542.08
2024-05-05,Ahmedabad,Gujarat,40.6,33.1,36.8,74.1,9.0,18.7,80,Satisfactory,992.1,60.2,2024,5,5,6,Sunday,7.5,2726.8799999999997
2024-05-05,Jaipur,Rajasthan,44.3,31.2,37.8,37.1,0.0,2.8,71,Satisfactory,1009.0,41.8,2024,5,5,6,Sunday,13.099999999999998,1402.3799999999999
2024-05-05,Lucknow,Uttar Pradesh,41.0,26.9,34.0,79.2,0.0,6.8,262,Poor,1016.8,95.1,2024,5,5,6,Sunday,14.100000000000001,2692.8
2024-05-05,Bhopal,Madhya Pradesh,42.6,31.2,36.9,55.2,0.0,18.0,212,Poor,1005.3,57.5,2024,5,5,6,Sunday,11.400000000000002,2036.88
2024-05-06,Mumbai,Maharashtra,30.5,20.8,25.7,60.6,0.0,15.9,316,Very Poor,1021.3,87.3,2024,5,6,0,Monday,9.7,1557.42
2024-05-06,Delhi,Delhi,30.4,25.1,27.7,47.0,2.9,3.9,235,Poor,994.7,19.8,2024,5,6,0,Monday,5.299999999999997,1301.8999999999999
2024-05-06,Bengaluru,Karnataka,39.7,26.1,32.9,91.1,0.0,10.3,268,Poor,1022.0,59.6,2024,5,6,0,Monday,13.600000000000001,2997.1899999999996
2024-05-06,Chennai,Tamil Nadu,34.8,29.5,32.2,34.2,0.0,18.6,271,Poor,1018.4,44.1,2024,5,6,0,Monday,5.299999999999997,1101.2400000000002
2024-05-06,Kolkata,West Bengal,33.1,21.3,27.2,79.7,0.0,5.8,324,Very Poor,997.1,70.9,2024,5,6,0,Monday,11.8,2167.84
2024-05-06,Hyderabad,Telangana,32.9,26.1,29.5,48.5,0.0,18.9,286,Poor,990.3,56.2,2024,5,6,0,Monday,6.799999999999997,1430.75
2024-05-06,Ahmedabad,Gujarat,30.3,19.3,24.8,73.5,0.0,21.2,71,Satisfactory,1016.5,35.5,2024,5,6,0,Monday,11.0,1822.8
2024-05-06,Jaipur,Rajasthan,26.4,20.5,23.5,67.9,0.6,8.8,116,Moderate,1016.7,75.8,2024,5,6,0,Monday,5.899999999999999,1595.65
2024-05-06,Lucknow,Uttar Pradesh,39.6,27.1,33.3,55.8,46.5,16.7,172,Moderate,996.1,69.9,2024,5,6,0,Monday,12.5,1858.1399999999996
2024-05-06,Bhopal,Madhya Pradesh,36.8,24.5,30.7,63.5,8.2,5.5,82,Satisfactory,1019.3,93.9,2024,5,6,0,Monday,12.299999999999997,1949.45
2024-05-07,Mumbai,Maharashtra,34.8,27.2,31.0,79.0,19.9,6.2,141,Moderate,1017.9,48.4,2024,5,7,1,Tuesday,7.599999999999998,2449.0
2024-05-07,Delhi,Delhi,28.2,21.5,24.8,73.0,0.0,3.7,58,Satisfactory,1016.0,72.6,2024,5,7,1,Tuesday,6.699999999999999,1810.4
2024-05-07,Bengaluru,Karnataka,36.2,30.4,33.3,88.7,58.9,20.7,134,Moderate,1019.0,59.1,2024,5,7,1,Tuesday,5.800000000000004,2953.71
2024-05-07,Chennai,Tamil Nadu,29.4,21.1,25.2,70.9,0.0,7.4,271,Poor,1010.6,92.7,2024,5,7,1,Tuesday,8.299999999999997,1786.68
2024-05-07,Kolkata,West Bengal,38.3,27.5,32.9,61.7,0.0,4.1,155,Moderate,1016.3,21.7,2024,5,7,1,Tuesday,10.799999999999997,2029.93
2024-05-07,Hyderabad,Telangana,25.6,19.2,22.4,41.3,0.6,10.6,140,Moderate,1020.6,25.3,2024,5,7,1,Tuesday,6.400000000000002,925.1199999999999
2024-05-07,Ahmedabad,Gujarat,28.0,16.8,22.4,57.3,0.0,16.4,151,Moderate,1022.7,33.4,2024,5,7,1,Tuesday,11.2,1283.5199999999998
2024-05-07,Jaipur,Rajasthan,39.4,28.2,33.8,41.6,0.0,6.1,189,Moderate,1022.4,77.4,2024,5,7,1,Tuesday,11.2,1406.08
2024-05-07,Lucknow,Uttar Pradesh,38.6,24.6,31.6,38.9,2.6,2.8,151,Moderate,1024.4,48.2,2024,5,7,1,Tuesday,14.0,1229.24
2024-05-07,Bhopal,Madhya Pradesh,30.9,24.1,27.5,81.5,39.0,20.9,174,Moderate,1006.8,69.0,2024,5,7,1,Tuesday,6.799999999999997,2241.25
2024-05-08,Mumbai,Maharashtra,36.2,30.6,33.4,75.3,0.6,7.5,224,Poor,1001.3,50.7,2024,5,8,2,Wednesday,5.600000000000001,2515.02
2024-05-08,Delhi,Delhi,30.7,19.8,25.3,49.4,0.0,20.2,198,Moderate,1023.7,45.6,2024,5,8,2,Wednesday,10.899999999999999,1249.82
2024-05-08,Bengaluru,Karnataka,27.9,17.4,22.7,39.4,0.0,19.6,74,Satisfactory,990.8,40.7,2024,5,8,2,Wednesday,10.5,894.38
2024-05-08,Chennai,Tamil Nadu,32.0,25.3,28.7,54.3,4.2,23.1,123,Moderate,1004.0,23.3,2024,5,8,2,Wednesday,6.699999999999999,1558.4099999999999
2024-05-08,Kolkata,West Bengal,42.1,31.4,36.7,59.6,0.0,23.7,200,Moderate,1020.9,13.0,2024,5,8,2,Wednesday,10.700000000000003,2187.32
2024-05-08,Hyderabad,Telangana,29.5,20.4,24.9,87.0,0.0,20.4,107,Moderate,1011.9,49.5,2024,5,8,2,Wednesday,9.100000000000001,2166.2999999999997
2024-05-08,Ahmedabad,Gujarat,31.7,17.1,24.4,63.8,4.1,9.8,246,Poor,996.3,60.6,2024,5,8,2,Wednesday,14.599999999999998,1556.7199999999998
2024-05-08,Jaipur,Rajasthan,39.3,25.4,32.3,54.1,0.0,16.3,103,Moderate,1013.3,56.9,2024,5,8,2,Wednesday,13.899999999999999,1747.4299999999998
2024-05-08,Lucknow,Uttar Pradesh,40.1,27.1,33.6,65.9,0.0,9.8,282,Poor,1000.9,95.6,2024,5,8,2,Wednesday,13.0,2214.2400000000002
2024-05-08,Bhopal,Madhya Pradesh,38.2,28.0,33.1,40.9,0.0,13.4,43,Good,1020.6,89.3,2024,5,8,2,Wednesday,10.200000000000003,1353.79
2024-05-09,Mumbai,Maharashtra,42.7,35.0,38.9,32.5,0.0,15.2,315,Very Poor,1018.5,79.7,2024,5,9,3,Thursday,7.700000000000003,1264.25
2024-05-09,Delhi,Delhi,36.1,21.4,28.7,94.7,0.0,10.9,197,Moderate,1011.5,10.3,2024,5,9,3,Thursday,14.700000000000003,2717.89
2024-05-09,Bengaluru,Karnataka,42.4,35.3,38.9,57.7,0.0,12.1,288,Poor,1008.2,65.0,2024,5,9,3,Thursday,7.100000000000001,2244.53
2024-05-09,Chennai,Tamil Nadu,34.0,20.9,27.5,64.7,3.5,14.8,128,Moderate,992.0,21.1,2024,5,9,3,Thursday,13.100000000000001,1779.25
2024-05-09,Kolkata,West Bengal,30.7,18.9,24.8,31.2,0.0,14.1,66,Satisfactory,997.6,89.0,2024,5,9,3,Thursday,11.8,773.76
2024-05-09,Hyderabad,Telangana,33.9,20.4,27.1,70.0,3.0,24.4,349,Very Poor,1021.3,37.5,2024,5,9,3,Thursday,13.5,1897.0
2024-05-09,Ahmedabad,Gujarat,25.1,19.8,22.4,83.5,0.0,11.8,113,Moderate,1015.6,64.3,2024,5,9,3,Thursday,5.300000000000001,1870.3999999999999
2024-05-09,Jaipur,Rajasthan,35.1,20.8,27.9,83.0,3.3,3.4,265,Poor,991.2,21.0,2024,5,9,3,Thursday,14.3,2315.7
2024-05-09,Lucknow,Uttar Pradesh,28.7,18.6,23.6,36.1,34.1,23.7,47,Good,990.2,49.1,2024,5,9,3,Thursday,10.099999999999998,851.96
2024-05-09,Bhopal,Madhya Pradesh,43.2,33.0,38.1,34.9,36.8,17.9,53,Satisfactory,1020.4,39.8,2024,5,9,3,Thursday,10.200000000000003,1329.69
2024-05-10,Mumbai,Maharashtra,44.5,39.3,41.9,91.6,3.7,24.6,96,Satisfactory,1023.8,20.3,2024,5,10,4,Friday,5.200000000000003,3838.0399999999995
2024-05-10,Delhi,Delhi,36.3,24.9,30.6,78.1,1.9,21.5,342,Very Poor,1008.9,44.4,2024,5,10,4,Friday,11.399999999999999,2389.86
2024-05-10,Bengaluru,Karnataka,36.6,23.0,29.8,92.0,0.0,2.9,118,Moderate,997.0,22.7,2024,5,10,4,Friday,13.600000000000001,2741.6
2024-05-10,Chennai,Tamil Nadu,31.1,22.5,26.8,57.3,1.1,14.4,296,Poor,1005.5,65.3,2024,5,10,4,Friday,8.600000000000001,1535.6399999999999
2024-05-10,Kolkata,West Bengal,33.6,22.1,27.8,92.0,8.4,6.1,200,Moderate,1009.6,98.2,2024,5,10,4,Friday,11.5,2557.6
2024-05-10,Hyderabad,Telangana,43.6,34.5,39.0,94.9,0.0,8.3,125,Moderate,991.1,83.0,2024,5,10,4,Friday,9.100000000000001,3701.1000000000004
2024-05-10,Ahmedabad,Gujarat,40.9,33.0,37.0,42.6,9.7,16.0,249,Poor,1009.6,91.9,2024,5,10,4,Friday,7.899999999999999,1576.2
2024-05-10,Jaipur,Rajasthan,33.1,19.5,26.3,41.8,5.5,20.8,332,Very Poor,1012.9,84.7,2024,5,10,4,Friday,13.600000000000001,1099.34
2024-05-10,Lucknow,Uttar Pradesh,30.5,23.8,27.1,61.5,0.0,9.9,164,Moderate,1023.9,71.0,2024,5,10,4,Friday,6.699999999999999,1666.65
2024-05-10,Bhopal,Madhya Pradesh,28.9,20.3,24.6,41.0,73.5,5.8,183,Moderate,991.9,36.3,2024,5,10,4,Friday,8.599999999999998,1008.6
2024-05-11,Mumbai,Maharashtra,29.1,21.1,25.1,43.1,7.8,10.9,93,Satisfactory,1021.8,97.1,2024,5,11,5,Saturday,8.0,1081.8100000000002
2024-05-11,Delhi,Delhi,29.5,19.2,24.3,35.9,0.0,9.6,103,Moderate,1009.0,96.1,2024,5,11,5,Saturday,10.3,872.37
2024-05-11,Bengaluru,Karnataka,38.1,32.7,35.4,34.3,0.0,5.9,102,Moderate,1009.8,71.8,2024,5,11,5,Saturday,5.399999999999999,1214.2199999999998
2024-05-11,Chennai,Tamil Nadu,38.4,31.5,35.0,69.9,55.8,23.6,60,Satisfactory,990.1,89.1,2024,5,11,5,Saturday,6.899999999999999,2446.5
2024-05-11,Kolkata,West Bengal,44.1,36.2,40.2,54.8,1.0,23.7,276,Poor,1011.4,73.0,2024,5,11,5,Saturday,7.899999999999999,2202.96
2024-05-11,Hyderabad,Telangana,30.3,24.8,27.5,30.1,0.0,6.1,83,Satisfactory,994.4,91.9,2024,5,11,5,Saturday,5.5,827.75
2024-05-11,Ahmedabad,Gujarat,35.8,24.8,30.3,65.3,0.0,11.1,254,Poor,996.6,58.4,2024,5,11,5,Saturday,10.999999999999996,1978.59
2024-05-11,Jaipur,Rajasthan,35.6,26.3,31.0,55.2,8.4,19.4,185,Moderate,1004.7,33.2,2024,5,11,5,Saturday,9.3,1711.2
2024-05-11,Lucknow,Uttar Pradesh,26.9,21.4,24.1,37.3,2.0,7.4,337,Very Poor,1022.7,95.7,2024,5,11,5,Saturday,5.5,898.93
2024-05-11,Bhopal,Madhya Pradesh,41.8,33.1,37.4,34.7,5.7,24.9,97,Satisfactory,1007.8,37.8,2024,5,11,5,Saturday,8.699999999999996,1297.78
2024-05-12,Mumbai,Maharashtra,25.1,15.0,20.1,66.1,45.3,16.4,305,Very Poor,1019.4,19.1,2024,5,12,6,Sunday,10.100000000000001,1328.61
2024-05-12,Delhi,Delhi,38.5,31.8,35.2,42.3,0.0,9.2,151,Moderate,1013.3,84.8,2024,5,12,6,Sunday,6.699999999999999,1488.96
2024-05-12,Bengaluru,Karnataka,33.5,18.7,26.1,81.0,0.0,11.5,123,Moderate,1015.1,15.4,2024,5,12,6,Sunday,14.8,2114.1
2024-05-12,Chennai,Tamil Nadu,25.9,16.6,21.3,83.8,57.3,7.4,338,Very Poor,1014.3,97.6,2024,5,12,6,Sunday,9.299999999999997,1784.94
2024-05-12,Kolkata,West Bengal,29.7,23.7,26.7,39.6,7.1,9.7,189,Moderate,995.9,60.2,2024,5,12,6,Sunday,6.0,1057.32
2024-05-12,Hyderabad,Telangana,39.6,30.2,34.9,52.0,0.0,4.2,97,Satisfactory,1002.1,8.5,2024,5,12,6,Sunday,9.400000000000002,1814.8
2024-05-12,Ahmedabad,Gujarat,39.9,31.7,35.8,73.4,50.7,2.5,307,Very Poor,1015.9,96.1,2024,5,12,6,Sunday,8.2,2627.72
2024-05-12,Jaipur,Rajasthan,28.4,20.1,24.2,41.2,0.0,14.4,304,Very Poor,1014.2,45.0,2024,5,12,6,Sunday,8.299999999999997,997.0400000000001
2024-05-12,Lucknow,Uttar Pradesh,40.4,34.8,37.6,70.4,49.0,22.2,112,Moderate,1004.2,32.7,2024,5,12,6,Sunday,5.600000000000001,2647.0400000000004
2024-05-12,Bhopal,Madhya Pradesh,35.7,29.5,32.6,65.7,0.0,24.3,68,Satisfactory,1015.5,38.2,2024,5,12,6,Sunday,6.200000000000003,2141.82
2024-05-13,Mumbai,Maharashtra,35.3,28.2,31.8,64.9,8.4,14.4,198,Moderate,1022.5,93.5,2024,5,13,0,Monday,7.099999999999998,2063.82
2024-05-13,Delhi,Delhi,31.1,21.5,26.3,42.1,0.0,6.5,215,Poor,1006.8,89.3,2024,5,13,0,Monday,9.600000000000001,1107.23
2024-05-13,Bengaluru,Karnataka,38.6,30.2,34.4,67.1,0.0,13.3,337,Very Poor,1000.4,36.0,2024,5,13,0,Monday,8.400000000000002,2308.24
2024-05-13,Chennai,Tamil Nadu,28.7,20.5,24.6,63.1,8.6,21.7,150,Moderate,1000.9,42.3,2024,5,13,0,Monday,8.2,1552.2600000000002
2024-05-13,Kolkata,West Bengal,41.7,36.2,38.9,50.0,0.0,14.4,195,Moderate,996.9,45.9,2024,5,13,0,Monday,5.5,1945.0
2024-05-13,Hyderabad,Telangana,43.0,35.4,39.2,86.4,6.5,2.8,132,Moderate,1024.9,87.9,2024,5,13,0,Monday,7.600000000000001,3386.8800000000006
2024-05-13,Ahmedabad,Gujarat,30.1,21.3,25.7,53.2,3.8,5.8,187,Moderate,1019.6,82.2,2024,5,13,0,Monday,8.8,1367.24
2024-05-13,Jaipur,Rajasthan,42.1,34.6,38.3,31.1,0.0,22.7,276,Poor,1023.9,65.3,2024,5,13,0,Monday,7.5,1191.1299999999999
2024-05-13,Lucknow,Uttar Pradesh,26.7,20.1,23.4,77.7,0.0,16.0,93,Satisfactory,996.5,64.6,2024,5,13,0,Monday,6.599999999999998,1818.18
2024-05-13,Bhopal,Madhya Pradesh,26.3,18.0,22.1,45.0,0.0,14.6,42,Good,1006.8,9.4,2024,5,13,0,Monday,8.3,994.5000000000001
2024-05-14,Mumbai,Maharashtra,44.8,33.2,39.0,53.8,0.0,16.9,300,Poor,1020.9,22.5,2024,5,14,1,Tuesday,11.599999999999994,2098.2
2024-05-14,Delhi,Delhi,27.4,20.3,23.9,32.4,0.0,3.8,273,Poor,1023.6,88.5,2024,5,14,1,Tuesday,7.099999999999998,774.3599999999999
2024-05-14,Bengaluru,Karnataka,43.7,36.5,40.1,84.4,6.9,10.0,141,Moderate,1017.1,29.9,2024,5,14,1,Tuesday,7.200000000000003,3384.4400000000005
2024-05-14,Chennai,Tamil Nadu,27.2,12.8,20.0,48.9,37.4,9.7,175,Moderate,1017.2,86.3,2024,5,14,1,Tuesday,14.399999999999999,978.0
2024-05-14,Kolkata,West Bengal,32.6,20.1,26.3,89.3,25.9,10.9,98,Satisfactory,1010.2,84.0,2024,5,14,1,Tuesday,12.5,2348.59
2024-05-14,Hyderabad,Telangana,40.7,29.7,35.2,88.1,1.8,2.4,126,Moderate,993.9,99.1,2024,5,14,1,Tuesday,11.000000000000004,3101.12
2024-05-14,Ahmedabad,Gujarat,44.5,37.7,41.1,53.5,0.0,14.2,177,Moderate,1019.5,27.3,2024,5,14,1,Tuesday,6.799999999999997,2198.85
2024-05-14,Jaipur,Rajasthan,28.1,17.1,22.6,46.3,0.0,4.1,308,Very Poor,1014.0,45.8,2024,5,14,1,Tuesday,11.0,1046.38
2024-05-14,Lucknow,Uttar Pradesh,38.9,33.8,36.4,70.1,64.7,14.2,175,Moderate,1013.9,27.5,2024,5,14,1,Tuesday,5.100000000000001,2551.64
2024-05-14,Bhopal,Madhya Pradesh,42.1,35.4,38.8,47.3,0.0,23.3,259,Poor,993.3,40.2,2024,5,14,1,Tuesday,6.700000000000003,1835.2399999999998
2024-05-15,Mumbai,Maharashtra,29.5,18.0,23.7,40.7,18.5,14.7,223,Poor,1017.9,36.6,2024,5,15,2,Wednesday,11.5,964.59
2024-05-15,Delhi,Delhi,34.9,20.4,27.7,78.6,0.0,12.7,123,Moderate,1022.5,29.4,2024,5,15,2,Wednesday,14.5,2177.22
2024-05-15,Bengaluru,Karnataka,33.2,25.8,29.5,38.4,49.1,21.1,65,Satisfactory,999.9,57.0,2024,5,15,2,Wednesday,7.400000000000002,1132.8
2024-05-15,Chennai,Tamil Nadu,43.3,34.3,38.8,55.6,0.0,10.6,134,Moderate,1018.0,84.3,2024,5,15,2,Wednesday,9.0,2157.2799999999997
2024-05-15,Kolkata,West Bengal,34.4,20.6,27.5,33.4,8.9,15.4,71,Satisfactory,1009.4,86.6,2024,5,15,2,Wednesday,13.799999999999997,918.5
2024-05-15,Hyderabad,Telangana,31.9,21.6,26.7,82.7,0.0,6.3,199,Moderate,1016.6,13.6,2024,5,15,2,Wednesday,10.299999999999997,2208.09
2024-05-15,Ahmedabad,Gujarat,26.3,17.7,22.0,69.1,0.0,7.2,303,Very Poor,1006.0,95.6,2024,5,15,2,Wednesday,8.600000000000001,1520.1999999999998
2024-05-15,Jaipur,Rajasthan,27.9,22.6,25.3,90.7,5.3,9.2,248,Poor,1006.9,97.0,2024,5,15,2,Wednesday,5.299999999999997,2294.71
2024-05-15,Lucknow,Uttar Pradesh,28.1,21.7,24.9,43.3,0.0,23.7,113,Moderate,995.9,5.9,2024,5,15,2,Wednesday,6.400000000000002,1078.1699999999998
2024-05-15,Bhopal,Madhya Pradesh,29.7,20.5,25.1,89.8,0.0,14.8,331,Very Poor,998.5,10.0,2024,5,15,2,Wednesday,9.2,2253.98
2024-05-16,Mumbai,Maharashtra,28.7,21.7,25.2,60.7,0.0,10.7,171,Moderate,1013.9,26.7,2024,5,16,3,Thursday,7.0,1529.64
2024-05-16,Delhi,Delhi,36.1,22.3,29.2,51.2,1.4,4.5,50,Good,1004.9,6.7,2024,5,16,3,Thursday,13.8,1495.04
2024-05-16,Bengaluru,Karnataka,34.7,26.7,30.7,84.9,0.0,13.4,349,Very Poor,991.4,89.8,2024,5,16,3,Thursday,8.000000000000004,2606.4300000000003
2024-05-16,Chennai,Tamil Nadu,28.6,22.4,25.5,39.3,6.6,19.3,253,Poor,1005.7,63.2,2024,5,16,3,Thursday,6.200000000000003,1002.15
2024-05-16,Kolkata,West Bengal,35.3,25.5,30.4,71.9,5.6,18.5,251,Poor,1012.5,54.4,2024,5,16,3,Thursday,9.799999999999997,2185.76
2024-05-16,Hyderabad,Telangana,34.0,26.6,30.3,30.1,51.3,10.3,61,Satisfactory,1003.8,24.2,2024,5,16,3,Thursday,7.399999999999999,912.0300000000001
2024-05-16,Ahmedabad,Gujarat,40.5,33.0,36.7,69.6,43.0,12.2,307,Very Poor,1000.0,90.1,2024,5,16,3,Thursday,7.5,2554.32
2024-05-16,Jaipur,Rajasthan,28.3,23.0,25.7,35.8,0.0,10.6,137,Moderate,1021.1,48.0,2024,5,16,3,Thursday,5.300000000000001,920.06
2024-05-16,Lucknow,Uttar Pradesh,43.8,30.3,37.1,84.8,0.0,15.2,286,Poor,1024.4,32.6,2024,5,16,3,Thursday,13.499999999999996,3146.08
2024-05-16,Bhopal,Madhya Pradesh,34.8,29.4,32.1,79.6,0.0,23.8,80,Satisfactory,1000.2,26.5,2024,5,16,3,Thursday,5.399999999999999,2555.16
2024-05-17,Mumbai,Maharashtra,43.9,31.8,37.9,78.2,0.0,14.9,286,Poor,998.6,97.8,2024,5,17,4,Friday,12.099999999999998,2963.78
2024-05-17,Delhi,Delhi,33.3,26.7,30.0,81.0,0.0,14.8,66,Satisfactory,1017.5,34.9,2024,5,17,4,Friday,6.599999999999998,2430.0
2024-05-17,Bengaluru,Karnataka,34.3,21.8,28.1,44.4,76.3,24.8,105,Moderate,1018.3,22.9,2024,5,17,4,Friday,12.499999999999996,1247.64
2024-05-17,Chennai,Tamil Nadu,31.8,23.6,27.7,92.2,0.0,22.9,310,Very Poor,1019.0,20.5,2024,5,17,4,Friday,8.2,2553.94
2024-05-17,Kolkata,West Bengal,30.4,24.6,27.5,72.7,0.0,24.8,106,Moderate,1013.7,74.4,2024,5,17,4,Friday,5.799999999999997,1999.25
2024-05-17,Hyderabad,Telangana,26.6,18.8,22.7,46.2,0.0,9.5,184,Moderate,1018.7,22.5,2024,5,17,4,Friday,7.800000000000001,1048.74
2024-05-17,Ahmedabad,Gujarat,25.3,15.5,20.4,33.6,0.0,4.0,99,Satisfactory,1010.7,77.1,2024,5,17,4,Friday,9.8,685.4399999999999
2024-05-17,Jaipur,Rajasthan,36.4,23.2,29.8,79.9,71.6,11.3,256,Poor,1009.9,80.1,2024,5,17,4,Friday,13.2,2381.0200000000004
2024-05-17,Lucknow,Uttar Pradesh,44.9,39.8,42.3,53.1,0.0,18.3,254,Poor,993.0,75.5,2024,5,17,4,Friday,5.100000000000001,2246.13
2024-05-17,Bhopal,Madhya Pradesh,30.0,22.5,26.3,70.9,71.4,24.2,290,Poor,1010.3,91.3,2024,5,17,4,Friday,7.5,1864.6700000000003
2024-05-18,Mumbai,Maharashtra,42.9,37.8,40.3,92.8,0.0,11.1,78,Satisfactory,999.5,32.7,2024,5,18,5,Saturday,5.100000000000001,3739.8399999999997
2024-05-18,Delhi,Delhi,41.1,36.0,38.6,50.3,0.0,8.0,77,Satisfactory,1007.1,67.0,2024,5,18,5,Saturday,5.100000000000001,1941.58
2024-05-18,Bengaluru,Karnataka,28.5,21.0,24.8,93.3,0.0,13.3,185,Moderate,992.6,8.3,2024,5,18,5,Saturday,7.5,2313.84
2024-05-18,Chennai,Tamil Nadu,33.0,26.6,29.8,74.7,9.9,24.1,268,Poor,1019.1,49.0,2024,5,18,5,Saturday,6.399999999999999,2226.06
2024-05-18,Kolkata,West Bengal,27.6,17.4,22.5,48.1,0.0,18.1,85,Satisfactory,1006.0,55.5,2024,5,18,5,Saturday,10.200000000000003,1082.25
2024-05-18,Hyderabad,Telangana,27.8,17.0,22.4,94.0,30.0,3.7,166,Moderate,1020.7,54.8,2024,5,18,5,Saturday,10.8,2105.6
2024-05-18,Ahmedabad,Gujarat,31.2,23.2,27.2,49.9,8.9,20.4,182,Moderate,999.0,63.7,2024,5,18,5,Saturday,8.0,1357.28
2024-05-18,Jaipur,Rajasthan,40.6,32.6,36.6,71.8,0.0,13.9,334,Very Poor,1002.1,68.9,2024,5,18,5,Saturday,8.0,2627.88
2024-05-18,Lucknow,Uttar Pradesh,34.7,25.1,29.9,72.5,27.7,17.4,251,Poor,990.5,24.4,2024,5,18,5,Saturday,9.600000000000001,2167.75
2024-05-18,Bhopal,Madhya Pradesh,40.3,26.9,33.6,49.0,9.3,15.7,78,Satisfactory,994.3,96.5,2024,5,18,5,Saturday,13.399999999999999,1646.4
2024-05-19,Mumbai,Maharashtra,30.1,17.0,23.5,70.2,0.0,23.2,111,Moderate,991.3,86.3,2024,5,19,6,Sunday,13.100000000000001,1649.7
2024-05-19,Delhi,Delhi,42.0,35.6,38.8,67.7,8.9,20.5,178,Moderate,1015.8,92.9,2024,5,19,6,Sunday,6.399999999999999,2626.7599999999998
2024-05-19,Bengaluru,Karnataka,28.5,23.0,25.7,46.0,0.0,2.9,223,Poor,991.3,84.0,2024,5,19,6,Sunday,5.5,1182.2
2024-05-19,Chennai,Tamil Nadu,32.2,18.2,25.2,34.6,0.0,17.6,307,Very Poor,1016.7,45.8,2024,5,19,6,Sunday,14.000000000000004,871.92
2024-05-19,Kolkata,West Bengal,28.0,20.2,24.1,36.1,26.7,3.8,318,Very Poor,1005.0,55.6,2024,5,19,6,Sunday,7.800000000000001,870.0100000000001
2024-05-19,Hyderabad,Telangana,45.0,32.4,38.7,93.1,7.9,3.8,148,Moderate,1004.1,66.4,2024,5,19,6,Sunday,12.600000000000001,3602.9700000000003
2024-05-19,Ahmedabad,Gujarat,30.5,19.7,25.1,90.7,0.4,24.2,201,Poor,1022.6,77.4,2024,5,19,6,Sunday,10.8,2276.57
2024-05-19,Jaipur,Rajasthan,29.1,18.6,23.9,79.7,0.0,15.8,102,Moderate,1001.6,5.9,2024,5,19,6,Sunday,10.5,1904.83
2024-05-19,Lucknow,Uttar Pradesh,27.3,13.8,20.6,46.8,0.0,2.2,71,Satisfactory,999.9,16.3,2024,5,19,6,Sunday,13.5,964.08
2024-05-19,Bhopal,Madhya Pradesh,26.5,15.6,21.1,42.3,0.0,23.1,272,Poor,1007.4,42.9,2024,5,19,6,Sunday,10.9,892.53
2024-05-20,Mumbai,Maharashtra,26.5,20.6,23.5,72.4,65.3,10.9,344,Very Poor,1010.9,52.6,2024,5,20,0,Monday,5.899999999999999,1701.4
2024-05-20,Delhi,Delhi,41.6,27.5,34.6,46.5,0.0,23.7,86,Satisfactory,990.7,96.7,2024,5,20,0,Monday,14.100000000000001,1608.9
2024-05-20,Bengaluru,Karnataka,41.4,33.6,37.5,52.8,0.0,17.1,70,Satisfactory,990.5,11.1,2024,5,20,0,Monday,7.799999999999997,1980.0
2024-05-20,Chennai,Tamil Nadu,33.4,20.2,26.8,87.7,2.5,8.6,81,Satisfactory,1004.3,54.8,2024,5,20,0,Monday,13.2,2350.36
2024-05-20,Kolkata,West Bengal,25.5,19.0,22.3,70.7,0.0,3.8,45,Good,996.7,91.6,2024,5,20,0,Monday,6.5,1576.6100000000001
2024-05-20,Hyderabad,Telangana,38.1,29.2,33.6,73.7,5.9,13.3,345,Very Poor,1018.8,43.6,2024,5,20,0,Monday,8.900000000000002,2476.32
2024-05-20,Ahmedabad,Gujarat,40.4,25.8,33.1,63.4,62.9,24.2,105,Moderate,1001.4,80.9,2024,5,20,0,Monday,14.599999999999998,2098.54
2024-05-20,Jaipur,Rajasthan,35.9,29.1,32.5,52.6,9.3,15.6,214,Poor,994.2,36.0,2024,5,20,0,Monday,6.799999999999997,1709.5
2024-05-20,Lucknow,Uttar Pradesh,28.7,15.7,22.2,93.2,0.0,19.2,207,Poor,999.9,6.9,2024,5,20,0,Monday,13.0,2069.04
2024-05-20,Bhopal,Madhya Pradesh,44.1,35.2,39.7,57.3,9.7,14.9,317,Very Poor,1024.1,70.4,2024,5,20,0,Monday,8.899999999999999,2274.81
2024-05-21,Mumbai,Maharashtra,39.0,26.6,32.8,48.9,0.0,14.9,74,Satisfactory,998.7,82.6,2024,5,21,1,Tuesday,12.399999999999999,1603.9199999999998
2024-05-21,Delhi,Delhi,41.6,30.6,36.1,42.1,0.0,10.1,49,Good,992.2,98.7,2024,5,21,1,Tuesday,11.0,1519.8100000000002
2024-05-21,Bengaluru,Karnataka,38.2,29.5,33.9,72.0,3.6,17.9,126,Moderate,994.0,67.4,2024,5,21,1,Tuesday,8.700000000000003,2440.7999999999997
2024-05-21,Chennai,Tamil Nadu,25.6,16.4,21.0,58.2,0.0,9.3,216,Poor,992.1,70.2,2024,5,21,1,Tuesday,9.200000000000003,1222.2
2024-05-21,Kolkata,West Bengal,32.0,19.9,26.0,64.9,4.7,17.2,88,Satisfactory,1000.1,18.4,2024,5,21,1,Tuesday,12.100000000000001,1687.4
2024-05-21,Hyderabad,Telangana,37.8,24.1,30.9,56.6,1.8,22.3,44,Good,1011.2,86.8,2024,5,21,1,Tuesday,13.699999999999996,1748.94
2024-05-21,Ahmedabad,Gujarat,27.1,21.2,24.2,76.3,0.0,9.1,149,Moderate,1020.5,21.2,2024,5,21,1,Tuesday,5.900000000000002,1846.4599999999998
2024-05-21,Jaipur,Rajasthan,40.5,35.2,37.8,73.7,75.3,9.3,119,Moderate,1010.5,12.3,2024,5,21,1,Tuesday,5.299999999999997,2785.8599999999997
2024-05-21,Lucknow,Uttar Pradesh,26.9,18.7,22.8,86.9,0.0,12.6,234,Poor,1023.9,33.1,2024,5,21,1,Tuesday,8.2,1981.3200000000002
2024-05-21,Bhopal,Madhya Pradesh,33.4,27.8,30.6,61.8,0.0,5.5,215,Poor,1016.8,73.8,2024,5,21,1,Tuesday,5.599999999999998,1891.08
2024-05-22,Mumbai,Maharashtra,34.4,20.5,27.4,79.8,8.1,12.5,47,Good,1020.3,93.0,2024,5,22,2,Wednesday,13.899999999999999,2186.52
2024-05-22,Delhi,Delhi,26.0,11.4,18.7,48.0,0.0,3.9,191,Moderate,995.5,28.7,2024,5,22,2,Wednesday,14.6,897.5999999999999
2024-05-22,Bengaluru,Karnataka,39.0,24.2,31.6,58.7,0.0,13.9,70,Satisfactory,990.3,5.2,2024,5,22,2,Wednesday,14.8,1854.92
2024-05-22,Chennai,Tamil Nadu,27.0,15.0,21.0,43.3,75.0,23.6,94,Satisfactory,999.5,53.4,2024,5,22,2,Wednesday,12.0,909.3
2024-05-22,Kolkata,West Bengal,41.1,27.2,34.2,85.3,0.0,2.9,348,Very Poor,1016.4,45.4,2024,5,22,2,Wednesday,13.900000000000002,2917.26
2024-05-22,Hyderabad,Telangana,26.9,13.4,20.2,61.2,67.2,8.9,65,Satisfactory,1023.2,19.4,2024,5,22,2,Wednesday,13.499999999999998,1236.24
2024-05-22,Ahmedabad,Gujarat,33.6,20.3,27.0,60.8,0.0,23.8,134,Moderate,992.1,90.3,2024,5,22,2,Wednesday,13.3,1641.6
2024-05-22,Jaipur,Rajasthan,35.0,25.8,30.4,41.2,0.0,6.3,216,Poor,1007.1,80.8,2024,5,22,2,Wednesday,9.2,1252.48
2024-05-22,Lucknow,Uttar Pradesh,42.9,31.5,37.2,74.8,6.7,3.6,116,Moderate,1020.1,78.9,2024,5,22,2,Wednesday,11.399999999999999,2782.56
2024-05-22,Bhopal,Madhya Pradesh,40.4,35.2,37.8,44.1,0.7,20.7,258,Poor,990.2,52.6,2024,5,22,2,Wednesday,5.199999999999996,1666.98
2024-05-23,Mumbai,Maharashtra,28.1,16.6,22.4,35.5,1.9,5.4,113,Moderate,996.5,24.4,2024,5,23,3,Thursday,11.5,795.1999999999999
2024-05-23,Delhi,Delhi,29.5,20.6,25.1,72.5,4.4,4.9,64,Satisfactory,991.7,88.4,2024,5,23,3,Thursday,8.899999999999999,1819.75
2024-05-23,Bengaluru,Karnataka,28.0,22.7,25.4,70.8,79.1,11.4,87,Satisfactory,1003.0,33.2,2024,5,23,3,Thursday,5.300000000000001,1798.32
2024-05-23,Chennai,Tamil Nadu,27.8,21.4,24.6,37.4,31.5,15.3,181,Moderate,1024.6,40.4,2024,5,23,3,Thursday,6.400000000000002,920.04
2024-05-23,Kolkata,West Bengal,31.5,24.7,28.1,39.3,0.0,5.5,152,Moderate,1004.8,22.7,2024,5,23,3,Thursday,6.800000000000001,1104.33
2024-05-23,Hyderabad,Telangana,27.6,18.0,22.8,47.7,0.0,24.6,301,Very Poor,1001.5,88.3,2024,5,23,3,Thursday,9.600000000000001,1087.5600000000002
2024-05-23,Ahmedabad,Gujarat,44.0,31.1,37.6,72.9,0.0,24.8,281,Poor,1016.9,96.4,2024,5,23,3,Thursday,12.899999999999999,2741.0400000000004
2024-05-23,Jaipur,Rajasthan,42.5,30.4,36.5,79.4,5.3,21.4,51,Satisfactory,1013.6,33.9,2024,5,23,3,Thursday,12.100000000000001,2898.1000000000004
2024-05-23,Lucknow,Uttar Pradesh,43.7,32.9,38.3,49.4,1.6,20.7,134,Moderate,1012.6,39.8,2024,5,23,3,Thursday,10.800000000000004,1892.0199999999998
2024-05-23,Bhopal,Madhya Pradesh,25.2,11.8,18.5,35.7,0.0,23.3,56,Satisfactory,991.1,78.5,2024,5,23,3,Thursday,13.399999999999999,660.45
2024-05-24,Mumbai,Maharashtra,25.8,16.5,21.1,34.1,0.0,2.9,175,Moderate,1011.4,81.6,2024,5,24,4,Friday,9.3,719.5100000000001
2024-05-24,Delhi,Delhi,36.1,23.1,29.6,69.7,2.3,18.9,101,Moderate,1011.7,97.1,2024,5,24,4,Friday,13.0,2063.1200000000003
2024-05-24,Bengaluru,Karnataka,44.0,33.6,38.8,73.7,1.1,18.3,67,Satisfactory,991.4,56.9,2024,5,24,4,Friday,10.399999999999999,2859.56
2024-05-24,Chennai,Tamil Nadu,44.9,30.9,37.9,31.4,0.0,18.5,145,Moderate,1005.5,67.2,2024,5,24,4,Friday,14.0,1190.06
2024-05-24,Kolkata,West Bengal,31.5,22.2,26.8,39.5,0.0,22.6,336,Very Poor,1007.4,56.7,2024,5,24,4,Friday,9.3,1058.6000000000001
2024-05-24,Hyderabad,Telangana,42.7,36.0,39.4,60.8,0.0,6.5,278,Poor,994.0,75.3,2024,5,24,4,Friday,6.700000000000003,2395.52
2024-05-24,Ahmedabad,Gujarat,44.4,31.6,38.0,45.8,0.0,9.2,106,Moderate,1021.7,60.6,2024,5,24,4,Friday,12.799999999999997,1740.3999999999999
2024-05-24,Jaipur,Rajasthan,42.8,27.8,35.3,35.6,0.0,23.0,105,Moderate,1024.1,29.9,2024,5,24,4,Friday,14.999999999999996,1256.6799999999998
2024-05-24,Lucknow,Uttar Pradesh,26.6,16.0,21.3,30.9,0.0,2.9,141,Moderate,1019.2,24.9,2024,5,24,4,Friday,10.600000000000001,658.17
2024-05-24,Bhopal,Madhya Pradesh,42.4,29.9,36.2,44.2,0.0,19.6,179,Moderate,1005.6,37.9,2024,5,24,4,Friday,12.5,1600.0400000000002
2024-05-25,Mumbai,Maharashtra,40.0,25.9,33.0,33.2,0.0,22.4,235,Poor,1002.7,93.6,2024,5,25,5,Saturday,14.100000000000001,1095.6000000000001
2024-05-25,Delhi,Delhi,43.7,31.1,37.4,36.7,0.0,13.4,174,Moderate,1006.5,95.8,2024,5,25,5,Saturday,12.600000000000001,1372.5800000000002
2024-05-25,Bengaluru,Karnataka,40.7,26.3,33.5,87.0,0.0,11.2,180,Moderate,1002.6,83.5,2024,5,25,5,Saturday,14.400000000000002,2914.5
2024-05-25,Chennai,Tamil Nadu,35.5,20.6,28.1,33.9,0.0,16.1,141,Moderate,998.4,87.4,2024,5,25,5,Saturday,14.899999999999999,952.59
2024-05-25,Kolkata,West Bengal,31.6,20.6,26.1,41.9,0.0,14.1,242,Poor,1011.0,58.8,2024,5,25,5,Saturday,11.0,1093.59
2024-05-25,Hyderabad,Telangana,31.2,24.9,28.0,79.5,0.0,13.5,52,Satisfactory,1008.7,67.7,2024,5,25,5,Saturday,6.300000000000001,2226.0
2024-05-25,Ahmedabad,Gujarat,39.4,33.8,36.6,60.4,0.0,24.7,167,Moderate,1021.1,78.3,2024,5,25,5,Saturday,5.600000000000001,2210.64
2024-05-25,Jaipur,Rajasthan,28.7,14.3,21.5,64.6,0.0,24.7,108,Moderate,1008.3,18.4,2024,5,25,5,Saturday,14.399999999999999,1388.8999999999999
2024-05-25,Lucknow,Uttar Pradesh,34.6,29.2,31.9,60.1,0.0,24.6,67,Satisfactory,996.3,61.1,2024,5,25,5,Saturday,5.400000000000002,1917.19
2024-05-25,Bhopal,Madhya Pradesh,39.7,24.7,32.2,83.2,5.6,23.5,347,Very Poor,1024.6,42.7,2024,5,25,5,Saturday,15.000000000000004,2679.0400000000004
2024-05-26,Mumbai,Maharashtra,28.1,20.6,24.4,35.8,63.8,19.9,259,Poor,1012.1,53.8,2024,5,26,6,Sunday,7.5,873.5199999999999
2024-05-26,Delhi,Delhi,32.8,19.4,26.1,74.0,47.5,7.8,192,Moderate,1003.3,78.9,2024,5,26,6,Sunday,13.399999999999999,1931.4
2024-05-26,Bengaluru,Karnataka,42.8,34.3,38.6,54.0,0.0,9.7,77,Satisfactory,999.7,67.3,2024,5,26,6,Sunday,8.5,2084.4
2024-05-26,Chennai,Tamil Nadu,42.6,29.8,36.2,42.4,0.0,8.3,238,Poor,1004.3,71.4,2024,5,26,6,Sunday,12.8,1534.88
2024-05-26,Kolkata,West Bengal,35.6,23.0,29.3,79.3,0.0,22.3,209,Poor,1011.5,83.1,2024,5,26,6,Sunday,12.600000000000001,2323.49
2024-05-26,Hyderabad,Telangana,29.4,18.9,24.2,54.1,7.0,17.6,345,Very Poor,1014.0,25.6,2024,5,26,6,Sunday,10.5,1309.22
2024-05-26,Ahmedabad,Gujarat,41.8,28.9,35.4,51.5,0.0,5.4,160,Moderate,1009.4,66.6,2024,5,26,6,Sunday,12.899999999999999,1823.1
2024-05-26,Jaipur,Rajasthan,35.0,21.2,28.1,37.1,0.0,6.3,310,Very Poor,1016.8,43.5,2024,5,26,6,Sunday,13.8,1042.51
2024-05-26,Lucknow,Uttar Pradesh,35.5,30.3,32.9,76.6,0.0,9.9,155,Moderate,1016.6,95.7,2024,5,26,6,Sunday,5.199999999999999,2520.14
2024-05-26,Bhopal,Madhya Pradesh,41.6,34.7,38.1,82.5,0.0,5.0,239,Poor,1003.4,24.3,2024,5,26,6,Sunday,6.899999999999999,3143.25
2024-05-27,Mumbai,Maharashtra,44.9,39.8,42.3,65.2,0.0,14.5,57,Satisfactory,1006.5,30.5,2024,5,27,0,Monday,5.100000000000001,2757.96
2024-05-27,Delhi,Delhi,33.2,27.6,30.4,65.8,0.0,23.5,146,Moderate,1021.3,23.0,2024,5,27,0,Monday,5.600000000000001,2000.3199999999997
2024-05-27,Bengaluru,Karnataka,37.3,31.3,34.3,53.0,74.1,15.3,329,Very Poor,1008.2,93.4,2024,5,27,0,Monday,5.9999999999999964,1817.8999999999999
2024-05-27,Chennai,Tamil Nadu,44.4,38.1,41.3,40.4,0.0,3.4,150,Moderate,1021.1,87.5,2024,5,27,0,Monday,6.299999999999997,1668.5199999999998
2024-05-27,Kolkata,West Bengal,42.8,31.9,37.4,82.4,0.0,12.5,347,Very Poor,1009.3,15.0,2024,5,27,0,Monday,10.899999999999999,3081.76
2024-05-27,Hyderabad,Telangana,29.9,22.9,26.4,64.2,5.4,13.9,47,Good,1011.3,73.8,2024,5,27,0,Monday,7.0,1694.8799999999999
2024-05-27,Ahmedabad,Gujarat,36.4,22.6,29.5,31.1,0.0,12.6,60,Satisfactory,1024.4,23.9,2024,5,27,0,Monday,13.799999999999997,917.45
2024-05-27,Jaipur,Rajasthan,42.2,28.5,35.3,60.7,5.2,8.1,306,Very Poor,990.6,50.6,2024,5,27,0,Monday,13.700000000000003,2142.71
2024-05-27,Lucknow,Uttar Pradesh,42.9,28.4,35.6,87.2,5.8,19.0,327,Very Poor,1008.8,13.3,2024,5,27,0,Monday,14.5,3104.32
2024-05-27,Bhopal,Madhya Pradesh,34.1,25.5,29.8,70.9,6.8,8.7,266,Poor,996.5,43.6,2024,5,27,0,Monday,8.600000000000001,2112.82
2024-05-28,Mumbai,Maharashtra,44.3,31.2,37.8,91.1,0.0,8.7,340,Very Poor,1019.0,68.8,2024,5,28,1,Tuesday,13.099999999999998,3443.5799999999995
2024-05-28,Delhi,Delhi,30.1,20.2,25.2,62.6,0.0,12.3,201,Poor,1002.7,6.6,2024,5,28,1,Tuesday,9.900000000000002,1577.52
2024-05-28,Bengaluru,Karnataka,31.7,26.7,29.2,50.0,0.0,13.7,289,Poor,1014.2,64.9,2024,5,28,1,Tuesday,5.0,1460.0
2024-05-28,Chennai,Tamil Nadu,34.0,23.8,28.9,82.7,0.0,11.6,144,Moderate,1016.6,21.6,2024,5,28,1,Tuesday,10.2,2390.0299999999997
2024-05-28,Kolkata,West Bengal,29.5,20.9,25.2,45.0,5.8,10.4,163,Moderate,1024.6,61.4,2024,5,28,1,Tuesday,8.600000000000001,1134.0
2024-05-28,Hyderabad,Telangana,41.7,29.4,35.6,78.7,42.8,13.6,301,Very Poor,1013.9,60.9,2024,5,28,1,Tuesday,12.300000000000004,2801.7200000000003
2024-05-28,Ahmedabad,Gujarat,30.7,19.9,25.3,38.0,0.0,17.5,170,Moderate,1004.5,16.8,2024,5,28,1,Tuesday,10.8,961.4
2024-05-28,Jaipur,Rajasthan,28.9,19.7,24.3,55.0,7.4,2.5,50,Good,1022.6,70.2,2024,5,28,1,Tuesday,9.2,1336.5
2024-05-28,Lucknow,Uttar Pradesh,41.4,34.4,37.9,67.6,39.4,12.1,325,Very Poor,992.6,94.9,2024,5,28,1,Tuesday,7.0,2562.0399999999995
2024-05-28,Bhopal,Madhya Pradesh,38.7,29.0,33.8,36.0,0.0,14.4,171,Moderate,995.6,5.7,2024,5,28,1,Tuesday,9.700000000000003,1216.8
2024-05-29,Mumbai,Maharashtra,27.7,21.1,24.4,35.0,2.1,12.4,61,Satisfactory,1007.7,8.1,2024,5,29,2,Wednesday,6.599999999999998,854.0
2024-05-29,Delhi,Delhi,30.2,19.7,24.9,78.1,0.0,20.0,199,Moderate,1002.7,74.9,2024,5,29,2,Wednesday,10.5,1944.6899999999998
2024-05-29,Bengaluru,Karnataka,39.8,25.7,32.7,89.9,0.0,23.5,174,Moderate,1006.0,17.1,2024,5,29,2,Wednesday,14.099999999999998,2939.7300000000005
2024-05-29,Chennai,Tamil Nadu,27.5,17.5,22.5,66.5,15.0,19.8,275,Poor,1019.4,39.9,2024,5,29,2,Wednesday,10.0,1496.25
2024-05-29,Kolkata,West Bengal,34.7,27.7,31.2,38.1,19.6,3.1,133,Moderate,1005.4,47.9,2024,5,29,2,Wednesday,7.0000000000000036,1188.72
2024-05-29,Hyderabad,Telangana,36.4,29.9,33.2,81.0,3.4,22.4,160,Moderate,1019.3,62.8,2024,5,29,2,Wednesday,6.5,2689.2000000000003
2024-05-29,Ahmedabad,Gujarat,35.1,22.4,28.7,87.0,1.1,11.9,226,Poor,1001.6,44.1,2024,5,29,2,Wednesday,12.700000000000003,2496.9
2024-05-29,Jaipur,Rajasthan,45.0,35.1,40.0,43.6,0.0,14.5,269,Poor,997.2,71.1,2024,5,29,2,Wednesday,9.899999999999999,1744.0
2024-05-29,Lucknow,Uttar Pradesh,30.2,21.7,26.0,94.4,0.0,20.2,304,Very Poor,1016.9,68.4,2024,5,29,2,Wednesday,8.5,2454.4
2024-05-29,Bhopal,Madhya Pradesh,43.8,33.0,38.4,45.4,4.0,6.1,117,Moderate,991.8,69.9,2024,5,29,2,Wednesday,10.799999999999997,1743.36
2024-05-30,Mumbai,Maharashtra,35.0,22.5,28.8,66.6,0.0,7.9,102,Moderate,1009.8,52.9,2024,5,30,3,Thursday,12.5,1918.08
2024-05-30,Delhi,Delhi,26.4,19.6,23.0,94.0,4.7,13.8,253,Poor,1014.7,23.3,2024,5,30,3,Thursday,6.799999999999997,2162.0
2024-05-30,Bengaluru,Karnataka,30.4,17.1,23.8,35.4,17.0,9.0,153,Moderate,1012.9,51.3,2024,5,30,3,Thursday,13.299999999999997,842.52
2024-05-30,Chennai,Tamil Nadu,37.9,23.4,30.7,32.7,9.2,10.8,168,Moderate,1006.5,87.5,2024,5,30,3,Thursday,14.5,1003.8900000000001
2024-05-30,Kolkata,West Bengal,35.7,30.5,33.1,40.3,0.0,5.3,193,Moderate,1005.6,38.7,2024,5,30,3,Thursday,5.200000000000003,1333.93
2024-05-30,Hyderabad,Telangana,42.4,29.6,36.0,35.5,8.9,5.2,175,Moderate,1013.5,27.5,2024,5,30,3,Thursday,12.799999999999997,1278.0
2024-05-30,Ahmedabad,Gujarat,25.3,18.8,22.1,36.0,2.5,2.7,333,Very Poor,1011.6,18.4,2024,5,30,3,Thursday,6.5,795.6
2024-05-30,Jaipur,Rajasthan,43.7,36.4,40.0,69.9,0.0,3.0,161,Moderate,1002.0,12.3,2024,5,30,3,Thursday,7.300000000000004,2796.0
2024-05-30,Lucknow,Uttar Pradesh,38.4,28.7,33.5,54.9,0.0,20.6,146,Moderate,994.7,61.6,2024,5,30,3,Thursday,9.7,1839.1499999999999
2024-05-30,Bhopal,Madhya Pradesh,29.5,18.1,23.8,59.7,0.0,9.0,48,Good,1009.6,68.6,2024,5,30,3,Thursday,11.399999999999999,1420.8600000000001
2024-05-31,Mumbai,Maharashtra,34.3,28.7,31.5,42.1,70.6,3.6,85,Satisfactory,1004.7,60.4,2024,5,31,4,Friday,5.599999999999998,1326.15
2024-05-31,Delhi,Delhi,40.3,27.9,34.1,88.7,0.2,17.4,225,Poor,1021.3,10.4,2024,5,31,4,Friday,12.399999999999999,3024.67
2024-05-31,Bengaluru,Karnataka,36.4,31.0,33.7,63.4,0.0,16.7,146,Moderate,1006.4,86.5,2024,5,31,4,Friday,5.399999999999999,2136.58
2024-05-31,Chennai,Tamil Nadu,30.3,15.5,22.9,89.2,0.0,2.6,293,Poor,999.6,30.6,2024,5,31,4,Friday,14.8,2042.6799999999998
2024-05-31,Kolkata,West Bengal,39.2,24.4,31.8,76.2,58.9,18.3,75,Satisfactory,1016.7,94.1,2024,5,31,4,Friday,14.800000000000004,2423.1600000000003
2024-05-31,Hyderabad,Telangana,39.1,25.6,32.3,92.0,2.2,7.7,143,Moderate,1011.0,29.5,2024,5,31,4,Friday,13.5,2971.6
2024-05-31,Ahmedabad,Gujarat,33.8,23.5,28.7,59.2,0.0,3.1,283,Poor,996.9,60.3,2024,5,31,4,Friday,10.299999999999997,1699.04
2024-05-31,Jaipur,Rajasthan,28.4,22.3,25.3,78.7,3.1,9.5,64,Satisfactory,1000.1,54.8,2024,5,31,4,Friday,6.099999999999998,1991.1100000000001
2024-05-31,Lucknow,Uttar Pradesh,27.4,20.6,24.0,80.4,5.2,11.7,211,Poor,1007.9,25.3,2024,5,31,4,Friday,6.799999999999997,1929.6000000000001
2024-05-31,Bhopal,Madhya Pradesh,44.6,38.8,41.7,48.5,0.0,20.8,208,Poor,1022.0,24.2,2024,5,31,4,Friday,5.800000000000004,2022.45
2024-06-01,Mumbai,Maharashtra,37.7,27.5,32.6,58.2,0.0,20.3,67,Satisfactory,1016.7,17.7,2024,6,1,5,Saturday,10.200000000000003,1897.3200000000002
2024-06-01,Delhi,Delhi,43.2,32.8,38.0,85.8,0.0,21.8,166,Moderate,993.4,27.8,2024,6,1,5,Saturday,10.400000000000006,3260.4
2024-06-01,Bengaluru,Karnataka,42.3,27.9,35.1,94.5,0.0,5.4,316,Very Poor,1002.2,83.8,2024,6,1,5,Saturday,14.399999999999999,3316.9500000000003
2024-06-01,Chennai,Tamil Nadu,28.7,17.5,23.1,89.6,0.0,10.6,45,Good,1010.2,46.7,2024,6,1,5,Saturday,11.2,2069.76
2024-06-01,Kolkata,West Bengal,44.9,34.4,39.7,60.8,0.0,20.6,124,Moderate,999.1,80.9,2024,6,1,5,Saturday,10.5,2413.76
2024-06-01,Hyderabad,Telangana,25.7,15.5,20.6,42.8,54.9,20.0,238,Poor,996.3,81.0,2024,6,1,5,Saturday,10.2,881.68
2024-06-01,Ahmedabad,Gujarat,38.4,25.1,31.7,67.3,0.0,6.2,64,Satisfactory,1011.6,27.2,2024,6,1,5,Saturday,13.299999999999997,2133.41
2024-06-01,Jaipur,Rajasthan,25.0,13.9,19.5,53.5,0.0,11.4,338,Very Poor,1012.8,38.8,2024,6,1,5,Saturday,11.1,1043.25
2024-06-01,Lucknow,Uttar Pradesh,43.7,30.2,37.0,89.8,4.5,18.0,349,Very Poor,1021.2,73.1,2024,6,1,5,Saturday,13.500000000000004,3322.6
2024-06-01,Bhopal,Madhya Pradesh,32.0,18.6,25.3,75.3,6.9,22.7,161,Moderate,997.6,64.4,2024,6,1,5,Saturday,13.399999999999999,1905.09
2024-06-02,Mumbai,Maharashtra,44.8,35.0,39.9,44.8,0.0,15.9,60,Satisfactory,1022.6,85.8,2024,6,2,6,Sunday,9.799999999999997,1787.5199999999998
2024-06-02,Delhi,Delhi,44.9,32.9,38.9,40.5,0.2,2.5,221,Poor,998.2,76.9,2024,6,2,6,Sunday,12.0,1575.45
2024-06-02,Bengaluru,Karnataka,40.7,28.2,34.4,33.3,0.0,16.8,191,Moderate,995.9,97.7,2024,6,2,6,Sunday,12.500000000000004,1145.5199999999998
2024-06-02,Chennai,Tamil Nadu,26.2,11.8,19.0,68.1,7.0,2.8,63,Satisfactory,999.4,49.6,2024,6,2,6,Sunday,14.399999999999999,1293.8999999999999
2024-06-02,Kolkata,West Bengal,39.1,30.2,34.6,47.7,0.1,11.1,232,Poor,1009.7,26.6,2024,6,2,6,Sunday,8.900000000000002,1650.42
2024-06-02,Hyderabad,Telangana,25.2,15.4,20.3,71.9,9.2,15.7,138,Moderate,1022.4,42.8,2024,6,2,6,Sunday,9.799999999999999,1459.5700000000002
2024-06-02,Ahmedabad,Gujarat,42.7,37.3,40.0,38.9,0.0,21.8,164,Moderate,1005.8,5.4,2024,6,2,6,Sunday,5.400000000000006,1556.0
2024-06-02,Jaipur,Rajasthan,28.7,17.5,23.1,74.2,4.9,21.4,102,Moderate,1015.2,83.8,2024,6,2,6,Sunday,11.2,1714.0200000000002
2024-06-02,Lucknow,Uttar Pradesh,42.8,34.6,38.7,30.9,8.4,7.3,318,Very Poor,998.8,49.3,2024,6,2,6,Sunday,8.199999999999996,1195.83
2024-06-02,Bhopal,Madhya Pradesh,28.0,14.7,21.4,48.9,0.0,10.4,252,Poor,1018.1,55.3,2024,6,2,6,Sunday,13.3,1046.4599999999998
2024-06-03,Mumbai,Maharashtra,37.5,30.9,34.2,84.9,0.0,18.9,136,Moderate,1000.0,35.2,2024,6,3,0,Monday,6.600000000000001,2903.5800000000004
2024-06-03,Delhi,Delhi,40.0,29.4,34.7,87.4,3.1,5.5,150,Moderate,1004.0,50.9,2024,6,3,0,Monday,10.600000000000001,3032.7800000000007
2024-06-03,Bengaluru,Karnataka,31.4,19.6,25.5,44.0,0.0,16.1,128,Moderate,992.4,87.1,2024,6,3,0,Monday,11.799999999999997,1122.0
2024-06-03,Chennai,Tamil Nadu,37.3,22.5,29.9,68.7,0.0,20.3,47,Good,991.2,71.6,2024,6,3,0,Monday,14.799999999999997,2054.13
2024-06-03,Kolkata,West Bengal,42.2,35.7,39.0,63.4,0.0,12.8,151,Moderate,1000.9,46.6,2024,6,3,0,Monday,6.5,2472.6
2024-06-03,Hyderabad,Telangana,36.3,28.9,32.6,94.3,0.0,21.9,209,Poor,990.8,69.6,2024,6,3,0,Monday,7.399999999999999,3074.18
2024-06-03,Ahmedabad,Gujarat,28.4,15.2,21.8,54.0,3.0,22.7,299,Poor,1012.0,75.4,2024,6,3,0,Monday,13.2,1177.2
2024-06-03,Jaipur,Rajasthan,26.1,13.3,19.7,69.9,0.0,18.9,96,Satisfactory,1009.1,95.6,2024,6,3,0,Monday,12.8,1377.03
2024-06-03,Lucknow,Uttar Pradesh,37.1,30.0,33.6,69.9,7.3,21.6,253,Poor,992.7,37.6,2024,6,3,0,Monday,7.100000000000001,2348.6400000000003
2024-06-03,Bhopal,Madhya Pradesh,35.0,28.1,31.5,65.9,4.1,11.4,305,Very Poor,990.9,10.5,2024,6,3,0,Monday,6.899999999999999,2075.8500000000004
2024-06-04,Mumbai,Maharashtra,44.2,32.3,38.3,53.7,9.4,19.6,97,Satisfactory,1003.3,50.5,2024,6,4,1,Tuesday,11.900000000000006,2056.71
2024-06-04,Delhi,Delhi,30.8,18.1,24.4,88.1,0.0,3.3,228,Poor,1003.1,49.1,2024,6,4,1,Tuesday,12.7,2149.64
2024-06-04,Bengaluru,Karnataka,25.1,10.2,17.7,53.7,0.0,20.3,199,Moderate,1014.8,55.1,2024,6,4,1,Tuesday,14.900000000000002,950.49
2024-06-04,Chennai,Tamil Nadu,26.7,15.2,21.0,89.2,28.4,8.5,224,Poor,1012.9,55.8,2024,6,4,1,Tuesday,11.5,1873.2
2024-06-04,Kolkata,West Bengal,33.3,25.3,29.3,33.2,7.5,16.8,290,Poor,998.5,7.1,2024,6,4,1,Tuesday,7.9999999999999964,972.7600000000001
2024-06-04,Hyderabad,Telangana,34.8,26.8,30.8,36.6,0.7,23.1,321,Very Poor,1021.4,92.4,2024,6,4,1,Tuesday,7.9999999999999964,1127.28
2024-06-04,Ahmedabad,Gujarat,35.5,28.4,31.9,81.9,0.0,13.8,180,Moderate,1001.3,19.6,2024,6,4,1,Tuesday,7.100000000000001,2612.61
2024-06-04,Jaipur,Rajasthan,42.5,31.8,37.1,87.1,0.0,12.7,272,Poor,1013.1,80.5,2024,6,4,1,Tuesday,10.7,3231.41
2024-06-04,Lucknow,Uttar Pradesh,43.8,34.9,39.4,43.4,0.0,6.8,49,Good,1003.9,15.6,2024,6,4,1,Tuesday,8.899999999999999,1709.9599999999998
2024-06-04,Bhopal,Madhya Pradesh,38.1,27.0,32.6,76.0,0.0,5.0,102,Moderate,1019.5,76.0,2024,6,4,1,Tuesday,11.100000000000001,2477.6
2024-06-05,Mumbai,Maharashtra,31.8,17.2,24.5,68.6,0.0,20.0,211,Poor,1014.0,69.7,2024,6,5,2,Wednesday,14.600000000000001,1680.6999999999998
2024-06-05,Delhi,Delhi,36.3,23.9,30.1,47.6,0.0,14.6,174,Moderate,1014.6,100.0,2024,6,5,2,Wednesday,12.399999999999999,1432.7600000000002
2024-06-05,Bengaluru,Karnataka,33.6,20.1,26.8,82.4,0.0,16.0,73,Satisfactory,1020.7,89.0,2024,6,5,2,Wednesday,13.5,2208.32
2024-06-05,Chennai,Tamil Nadu,33.6,23.9,28.7,93.5,0.0,15.0,273,Poor,993.4,84.3,2024,6,5,2,Wednesday,9.700000000000003,2683.45
2024-06-05,Kolkata,West Bengal,34.2,24.9,29.6,88.3,27.4,20.6,84,Satisfactory,1018.7,23.5,2024,6,5,2,Wednesday,9.300000000000004,2613.68
2024-06-05,Hyderabad,Telangana,25.5,18.2,21.8,80.3,0.0,11.1,156,Moderate,1024.4,28.3,2024,6,5,2,Wednesday,7.300000000000001,1750.54
2024-06-05,Ahmedabad,Gujarat,31.0,24.9,28.0,61.8,3.8,14.5,57,Satisfactory,991.1,63.8,2024,6,5,2,Wednesday,6.100000000000001,1730.3999999999999
2024-06-05,Jaipur,Rajasthan,37.3,25.5,31.4,42.9,8.2,9.0,139,Moderate,1010.5,91.9,2024,6,5,2,Wednesday,11.799999999999997,1347.06
2024-06-05,Lucknow,Uttar Pradesh,41.4,36.3,38.9,30.2,7.6,23.4,320,Very Poor,994.1,27.0,2024,6,5,2,Wednesday,5.100000000000001,1174.78
2024-06-05,Bhopal,Madhya Pradesh,28.5,16.7,22.6,64.5,0.0,21.6,193,Moderate,1014.8,64.1,2024,6,5,2,Wednesday,11.8,1457.7
2024-06-06,Mumbai,Maharashtra,31.0,24.8,27.9,56.6,0.0,11.6,210,Poor,991.6,61.0,2024,6,6,3,Thursday,6.199999999999999,1579.1399999999999
2024-06-06,Delhi,Delhi,26.6,12.1,19.3,36.5,10.0,2.5,268,Poor,1016.5,39.4,2024,6,6,3,Thursday,14.500000000000002,704.45
2024-06-06,Bengaluru,Karnataka,33.0,27.3,30.2,79.9,0.0,13.0,107,Moderate,1015.3,42.4,2024,6,6,3,Thursday,5.699999999999999,2412.98
2024-06-06,Chennai,Tamil Nadu,40.2,27.3,33.8,90.0,0.0,7.9,172,Moderate,1016.3,37.3,2024,6,6,3,Thursday,12.900000000000002,3041.9999999999995
2024-06-06,Kolkata,West Bengal,33.1,20.9,27.0,89.7,6.7,16.7,51,Satisfactory,992.1,14.1,2024,6,6,3,Thursday,12.200000000000003,2421.9
2024-06-06,Hyderabad,Telangana,34.1,20.9,27.5,50.4,3.9,17.3,44,Good,999.3,16.1,2024,6,6,3,Thursday,13.200000000000003,1386.0
2024-06-06,Ahmedabad,Gujarat,27.1,19.2,23.2,65.9,0.0,16.5,117,Moderate,1011.6,57.3,2024,6,6,3,Thursday,7.900000000000002,1528.88
2024-06-06,Jaipur,Rajasthan,32.4,26.5,29.4,44.7,9.0,23.1,348,Very Poor,1012.5,8.2,2024,6,6,3,Thursday,5.899999999999999,1314.18
2024-06-06,Lucknow,Uttar Pradesh,27.0,15.2,21.1,46.4,0.0,7.8,337,Very Poor,1001.7,37.4,2024,6,6,3,Thursday,11.8,979.0400000000001
2024-06-06,Bhopal,Madhya Pradesh,41.0,31.4,36.2,43.0,0.0,10.4,77,Satisfactory,1020.8,17.5,2024,6,6,3,Thursday,9.600000000000001,1556.6000000000001
2024-06-07,Mumbai,Maharashtra,34.9,27.1,31.0,67.0,0.0,5.2,112,Moderate,1018.7,89.2,2024,6,7,4,Friday,7.799999999999997,2077.0
2024-06-07,Delhi,Delhi,27.3,21.7,24.5,69.5,7.2,18.4,99,Satisfactory,1022.7,11.2,2024,6,7,4,Friday,5.600000000000001,1702.75
2024-06-07,Bengaluru,Karnataka,26.4,12.7,19.5,81.5,0.0,8.8,62,Satisfactory,1009.6,29.5,2024,6,7,4,Friday,13.7,1589.25
2024-06-07,Chennai,Tamil Nadu,39.6,31.6,35.6,59.4,0.0,22.7,316,Very Poor,1007.3,94.4,2024,6,7,4,Friday,8.0,2114.64
2024-06-07,Kolkata,West Bengal,36.5,22.2,29.4,51.0,0.0,18.6,177,Moderate,1017.1,19.2,2024,6,7,4,Friday,14.3,1499.3999999999999
2024-06-07,Hyderabad,Telangana,28.5,16.9,22.7,40.3,0.0,21.6,193,Moderate,1006.0,7.3,2024,6,7,4,Friday,11.600000000000001,914.81
2024-06-07,Ahmedabad,Gujarat,26.7,11.8,19.3,68.2,0.0,20.4,145,Moderate,1022.4,88.1,2024,6,7,4,Friday,14.899999999999999,1316.26
2024-06-07,Jaipur,Rajasthan,31.5,26.2,28.8,72.3,42.2,5.9,109,Moderate,990.3,12.0,2024,6,7,4,Friday,5.300000000000001,2082.24
2024-06-07,Lucknow,Uttar Pradesh,25.7,15.6,20.7,50.4,0.0,17.8,329,Very Poor,1002.2,53.6,2024,6,7,4,Friday,10.1,1043.28
2024-06-07,Bhopal,Madhya Pradesh,25.7,15.7,20.7,85.5,0.0,17.6,62,Satisfactory,1021.2,8.9,2024,6,7,4,Friday,10.0,1769.85
2024-06-08,Mumbai,Maharashtra,31.5,24.2,27.8,47.2,0.0,23.5,116,Moderate,995.0,24.4,2024,6,8,5,Saturday,7.300000000000001,1312.16
2024-06-08,Delhi,Delhi,43.7,31.1,37.4,81.3,0.0,8.0,281,Poor,1010.2,83.1,2024,6,8,5,Saturday,12.600000000000001,3040.62
2024-06-08,Bengaluru,Karnataka,42.8,28.5,35.7,45.5,11.0,5.6,154,Moderate,1020.2,36.3,2024,6,8,5,Saturday,14.299999999999997,1624.3500000000001
2024-06-08,Chennai,Tamil Nadu,25.8,17.5,21.6,87.7,0.0,10.5,312,Very Poor,996.0,29.0,2024,6,8,5,Saturday,8.3,1894.3200000000002
2024-06-08,Kolkata,West Bengal,33.7,26.0,29.9,68.3,0.0,7.5,279,Poor,1013.8,51.7,2024,6,8,5,Saturday,7.700000000000003,2042.1699999999998
2024-06-08,Hyderabad,Telangana,44.0,37.8,40.9,51.8,3.3,19.5,58,Satisfactory,1007.0,56.1,2024,6,8,5,Saturday,6.200000000000003,2118.62
2024-06-08,Ahmedabad,Gujarat,36.1,23.2,29.7,67.3,0.0,14.5,262,Poor,1007.1,41.2,2024,6,8,5,Saturday,12.900000000000002,1998.81
2024-06-08,Jaipur,Rajasthan,42.7,37.6,40.2,90.7,59.1,12.7,89,Satisfactory,1019.2,21.9,2024,6,8,5,Saturday,5.100000000000001,3646.1400000000003
2024-06-08,Lucknow,Uttar Pradesh,38.1,24.4,31.3,88.0,0.0,24.5,204,Poor,1001.2,75.7,2024,6,8,5,Saturday,13.700000000000003,2754.4
2024-06-08,Bhopal,Madhya Pradesh,37.2,28.2,32.7,92.7,0.0,15.2,320,Very Poor,1015.1,75.8,2024,6,8,5,Saturday,9.000000000000004,3031.2900000000004
2024-06-09,Mumbai,Maharashtra,25.1,20.1,22.6,60.7,0.0,12.9,157,Moderate,992.1,54.6,2024,6,9,6,Sunday,5.0,1371.8200000000002
2024-06-09,Delhi,Delhi,25.9,17.5,21.7,55.4,0.0,24.7,340,Very Poor,1017.7,99.4,2024,6,9,6,Sunday,8.399999999999999,1202.1799999999998
2024-06-09,Bengaluru,Karnataka,34.8,22.8,28.8,37.2,0.0,18.2,311,Very Poor,1016.1,29.1,2024,6,9,6,Sunday,11.999999999999996,1071.3600000000001
2024-06-09,Chennai,Tamil Nadu,34.2,27.1,30.6,86.3,0.0,10.8,161,Moderate,1018.3,60.5,2024,6,9,6,Sunday,7.100000000000001,2640.78
2024-06-09,Kolkata,West Bengal,27.2,13.2,20.2,32.3,8.6,23.2,276,Poor,995.3,58.9,2024,6,9,6,Sunday,14.0,652.4599999999999
2024-06-09,Hyderabad,Telangana,40.2,29.9,35.0,70.6,7.6,10.1,47,Good,1024.9,46.3,2024,6,9,6,Sunday,10.300000000000004,2471.0
2024-06-09,Ahmedabad,Gujarat,32.3,26.0,29.1,37.9,2.9,3.7,59,Satisfactory,997.1,13.8,2024,6,9,6,Sunday,6.299999999999997,1102.89
2024-06-09,Jaipur,Rajasthan,30.4,19.6,25.0,92.7,0.0,8.1,61,Satisfactory,992.7,79.0,2024,6,9,6,Sunday,10.799999999999997,2317.5
2024-06-09,Lucknow,Uttar Pradesh,36.1,28.7,32.4,45.8,9.9,15.2,333,Very Poor,1020.5,66.3,2024,6,9,6,Sunday,7.400000000000002,1483.9199999999998
2024-06-09,Bhopal,Madhya Pradesh,30.6,19.7,25.2,74.9,71.6,13.4,304,Very Poor,1003.7,49.8,2024,6,9,6,Sunday,10.900000000000002,1887.48
2024-06-10,Mumbai,Maharashtra,37.9,32.5,35.2,65.2,0.0,12.9,89,Satisfactory,1018.0,9.4,2024,6,10,0,Monday,5.399999999999999,2295.0400000000004
2024-06-10,Delhi,Delhi,33.0,25.7,29.3,52.0,67.8,23.6,112,Moderate,1001.9,33.2,2024,6,10,0,Monday,7.300000000000001,1523.6000000000001
2024-06-10,Bengaluru,Karnataka,41.6,29.8,35.7,45.4,0.0,22.4,176,Moderate,1003.3,91.3,2024,6,10,0,Monday,11.8,1620.78
2024-06-10,Chennai,Tamil Nadu,39.9,25.6,32.8,89.0,0.0,11.9,74,Satisfactory,1012.4,94.7,2024,6,10,0,Monday,14.299999999999997,2919.2
2024-06-10,Kolkata,West Bengal,34.0,27.1,30.6,88.1,0.0,20.1,315,Very Poor,1014.4,38.7,2024,6,10,0,Monday,6.899999999999999,2695.86
2024-06-10,Hyderabad,Telangana,44.5,33.9,39.2,66.8,0.0,9.0,101,Moderate,992.4,29.0,2024,6,10,0,Monday,10.600000000000001,2618.56
2024-06-10,Ahmedabad,Gujarat,35.8,24.8,30.3,69.6,3.9,13.0,241,Poor,1024.6,46.8,2024,6,10,0,Monday,10.999999999999996,2108.8799999999997
2024-06-10,Jaipur,Rajasthan,26.0,14.5,20.2,85.3,0.0,15.2,88,Satisfactory,1005.8,58.6,2024,6,10,0,Monday,11.5,1723.06
2024-06-10,Lucknow,Uttar Pradesh,42.1,28.0,35.1,59.2,2.9,9.2,240,Poor,1021.8,68.7,2024,6,10,0,Monday,14.100000000000001,2077.92
2024-06-10,Bhopal,Madhya Pradesh,36.2,30.7,33.5,90.6,0.0,18.3,277,Poor,992.0,65.0,2024,6,10,0,Monday,5.5000000000000036,3035.1
2024-06-11,Mumbai,Maharashtra,40.6,27.9,34.2,44.7,0.0,23.5,144,Moderate,1000.1,70.5,2024,6,11,1,Tuesday,12.700000000000003,1528.7400000000002
2024-06-11,Delhi,Delhi,44.4,38.3,41.3,62.4,4.3,5.0,289,Poor,1015.1,98.2,2024,6,11,1,Tuesday,6.100000000000001,2577.12
2024-06-11,Bengaluru,Karnataka,42.2,33.6,37.9,51.1,13.2,5.3,295,Poor,1021.6,12.9,2024,6,11,1,Tuesday,8.600000000000001,1936.69
2024-06-11,Chennai,Tamil Nadu,28.0,22.7,25.3,76.8,0.0,4.5,267,Poor,1022.6,48.0,2024,6,11,1,Tuesday,5.300000000000001,1943.04
2024-06-11,Kolkata,West Bengal,35.0,24.0,29.5,49.7,0.0,11.0,54,Satisfactory,1013.5,70.6,2024,6,11,1,Tuesday,11.0,1466.15
2024-06-11,Hyderabad,Telangana,31.8,22.7,27.2,36.3,13.6,18.9,262,Poor,993.1,6.9,2024,6,11,1,Tuesday,9.100000000000001,987.3599999999999
2024-06-11,Ahmedabad,Gujarat,33.8,20.9,27.3,90.0,6.0,24.0,144,Moderate,1010.3,69.8,2024,6,11,1,Tuesday,12.899999999999999,2457.0
2024-06-11,Jaipur,Rajasthan,32.6,20.3,26.5,90.3,0.0,6.9,236,Poor,1008.6,21.8,2024,6,11,1,Tuesday,12.3,2392.95
2024-06-11,Lucknow,Uttar Pradesh,30.8,17.9,24.4,82.5,4.7,24.8,45,Good,1011.8,8.4,2024,6,11,1,Tuesday,12.900000000000002,2012.9999999999998
2024-06-11,Bhopal,Madhya Pradesh,31.4,24.4,27.9,82.8,0.0,7.4,243,Poor,1021.8,52.8,2024,6,11,1,Tuesday,7.0,2310.12
2024-06-12,Mumbai,Maharashtra,33.3,22.0,27.7,55.1,0.0,8.8,168,Moderate,995.2,40.0,2024,6,12,2,Wednesday,11.299999999999997,1526.27
2024-06-12,Delhi,Delhi,37.6,23.4,30.5,32.4,0.0,11.9,224,Poor,1015.5,28.0,2024,6,12,2,Wednesday,14.200000000000003,988.1999999999999
2024-06-12,Bengaluru,Karnataka,42.7,28.6,35.6,92.3,0.0,6.5,330,Very Poor,990.2,72.2,2024,6,12,2,Wednesday,14.100000000000001,3285.88
2024-06-12,Chennai,Tamil Nadu,28.7,17.4,23.1,78.5,55.3,9.9,158,Moderate,1002.2,56.6,2024,6,12,2,Wednesday,11.3,1813.3500000000001
2024-06-12,Kolkata,West Bengal,25.0,12.7,18.9,78.9,0.0,10.3,78,Satisfactory,990.6,58.4,2024,6,12,2,Wednesday,12.3,1491.21
2024-06-12,Hyderabad,Telangana,26.6,14.0,20.3,30.6,46.1,3.3,301,Very Poor,1010.4,38.2,2024,6,12,2,Wednesday,12.600000000000001,621.1800000000001
2024-06-12,Ahmedabad,Gujarat,32.2,24.6,28.4,85.7,0.0,17.1,57,Satisfactory,998.9,46.0,2024,6,12,2,Wednesday,7.600000000000001,2433.88
2024-06-12,Jaipur,Rajasthan,36.8,24.2,30.5,56.9,0.0,5.6,334,Very Poor,1006.9,55.3,2024,6,12,2,Wednesday,12.599999999999998,1735.45
2024-06-12,Lucknow,Uttar Pradesh,26.5,15.5,21.0,64.2,0.0,2.9,45,Good,1013.5,37.8,2024,6,12,2,Wednesday,11.0,1348.2
2024-06-12,Bhopal,Madhya Pradesh,30.0,21.9,26.0,70.1,0.0,12.6,334,Very Poor,1024.1,9.3,2024,6,12,2,Wednesday,8.100000000000001,1822.6
2024-06-13,Mumbai,Maharashtra,36.6,23.7,30.2,58.0,71.6,7.5,319,Very Poor,997.0,52.1,2024,6,13,3,Thursday,12.900000000000002,1751.6
2024-06-13,Delhi,Delhi,31.4,19.9,25.7,76.0,0.0,24.2,146,Moderate,1011.4,74.2,2024,6,13,3,Thursday,11.5,1953.2
2024-06-13,Bengaluru,Karnataka,38.4,30.8,34.6,45.9,7.2,8.2,225,Poor,1011.0,47.2,2024,6,13,3,Thursday,7.599999999999998,1588.14
2024-06-13,Chennai,Tamil Nadu,30.8,18.7,24.7,82.4,2.7,18.0,161,Moderate,1014.6,69.9,2024,6,13,3,Thursday,12.100000000000001,2035.28
2024-06-13,Kolkata,West Bengal,32.9,25.3,29.1,40.2,16.5,21.0,166,Moderate,1020.0,91.1,2024,6,13,3,Thursday,7.599999999999998,1169.8200000000002
2024-06-13,Hyderabad,Telangana,41.9,35.4,38.6,31.4,15.2,17.5,248,Poor,1016.4,28.4,2024,6,13,3,Thursday,6.5,1212.04
2024-06-13,Ahmedabad,Gujarat,25.9,12.5,19.2,41.0,0.0,13.1,113,Moderate,995.9,74.3,2024,6,13,3,Thursday,13.399999999999999,787.1999999999999
2024-06-13,Jaipur,Rajasthan,31.8,21.2,26.5,48.5,0.0,3.9,208,Poor,1001.5,45.3,2024,6,13,3,Thursday,10.600000000000001,1285.25
2024-06-13,Lucknow,Uttar Pradesh,32.4,19.5,26.0,32.6,4.4,24.2,133,Moderate,1007.9,98.8,2024,6,13,3,Thursday,12.899999999999999,847.6
2024-06-13,Bhopal,Madhya Pradesh,25.6,19.0,22.3,55.7,0.0,9.8,314,Very Poor,994.3,33.1,2024,6,13,3,Thursday,6.600000000000001,1242.1100000000001
2024-06-14,Mumbai,Maharashtra,31.0,18.9,25.0,69.8,0.0,15.6,76,Satisfactory,1002.3,25.4,2024,6,14,4,Friday,12.100000000000001,1745.0
2024-06-14,Delhi,Delhi,42.6,33.2,37.9,70.6,0.0,13.1,74,Satisfactory,1022.4,73.4,2024,6,14,4,Friday,9.399999999999999,2675.74
2024-06-14,Bengaluru,Karnataka,28.6,15.7,22.1,84.3,5.5,12.1,337,Very Poor,1013.8,15.3,2024,6,14,4,Friday,12.900000000000002,1863.03
2024-06-14,Chennai,Tamil Nadu,40.0,28.7,34.3,50.6,1.7,16.6,292,Poor,1003.4,63.3,2024,6,14,4,Friday,11.3,1735.58
2024-06-14,Kolkata,West Bengal,25.5,16.0,20.8,79.3,0.0,24.8,68,Satisfactory,991.9,51.6,2024,6,14,4,Friday,9.5,1649.44
2024-06-14,Hyderabad,Telangana,28.2,19.4,23.8,40.1,0.0,16.7,234,Poor,1008.7,82.5,2024,6,14,4,Friday,8.8,954.3800000000001
2024-06-14,Ahmedabad,Gujarat,25.0,12.4,18.7,78.5,73.2,14.0,132,Moderate,1011.3,99.7,2024,6,14,4,Friday,12.6,1467.95
2024-06-14,Jaipur,Rajasthan,31.5,24.7,28.1,88.2,17.4,18.8,196,Moderate,1019.8,9.6,2024,6,14,4,Friday,6.800000000000001,2478.42
2024-06-14,Lucknow,Uttar Pradesh,39.0,28.5,33.8,73.3,8.2,5.7,152,Moderate,999.5,9.1,2024,6,14,4,Friday,10.5,2477.5399999999995
2024-06-14,Bhopal,Madhya Pradesh,32.6,19.5,26.1,72.5,0.0,6.1,279,Poor,1011.9,65.9,2024,6,14,4,Friday,13.100000000000001,1892.25
2024-06-15,Mumbai,Maharashtra,33.1,20.8,26.9,74.5,0.0,15.8,202,Poor,1025.0,24.1,2024,6,15,5,Saturday,12.3,2004.05
2024-06-15,Delhi,Delhi,31.9,21.7,26.8,45.1,0.0,6.2,334,Very Poor,1001.3,9.7,2024,6,15,5,Saturday,10.2,1208.68
2024-06-15,Bengaluru,Karnataka,36.6,23.5,30.0,57.5,0.0,13.3,124,Moderate,1015.7,58.8,2024,6,15,5,Saturday,13.100000000000001,1725.0
2024-06-15,Chennai,Tamil Nadu,27.9,16.8,22.4,61.8,0.0,21.0,295,Poor,992.7,38.1,2024,6,15,5,Saturday,11.099999999999998,1384.32
2024-06-15,Kolkata,West Bengal,38.0,30.1,34.0,84.9,44.9,23.8,140,Moderate,1002.5,18.4,2024,6,15,5,Saturday,7.899999999999999,2886.6000000000004
2024-06-15,Hyderabad,Telangana,25.6,20.4,23.0,55.7,0.0,15.0,47,Good,990.2,25.5,2024,6,15,5,Saturday,5.200000000000003,1281.1000000000001
2024-06-15,Ahmedabad,Gujarat,40.1,33.6,36.9,86.5,0.0,16.4,148,Moderate,1021.5,73.2,2024,6,15,5,Saturday,6.5,3191.85
2024-06-15,Jaipur,Rajasthan,36.7,28.6,32.7,94.9,0.0,16.2,162,Moderate,1002.0,7.7,2024,6,15,5,Saturday,8.100000000000001,3103.2300000000005
2024-06-15,Lucknow,Uttar Pradesh,43.6,32.3,38.0,35.5,0.0,8.8,192,Moderate,1010.2,56.7,2024,6,15,5,Saturday,11.300000000000004,1349.0
2024-06-15,Bhopal,Madhya Pradesh,39.4,31.2,35.3,80.8,1.8,17.7,64,Satisfactory,1006.9,68.4,2024,6,15,5,Saturday,8.2,2852.24
2024-06-16,Mumbai,Maharashtra,42.0,36.5,39.3,39.7,0.0,23.2,189,Moderate,1024.1,62.6,2024,6,16,6,Sunday,5.5,1560.21
2024-06-16,Delhi,Delhi,39.8,31.5,35.7,62.1,76.9,8.0,176,Moderate,998.1,33.3,2024,6,16,6,Sunday,8.299999999999997,2216.9700000000003
2024-06-16,Bengaluru,Karnataka,31.3,22.5,26.9,70.3,7.6,2.7,205,Poor,991.7,80.0,2024,6,16,6,Sunday,8.8,1891.07
2024-06-16,Chennai,Tamil Nadu,36.6,31.0,33.8,46.6,70.1,13.5,206,Poor,1009.1,84.1,2024,6,16,6,Sunday,5.600000000000001,1575.08
2024-06-16,Kolkata,West Bengal,35.3,21.3,28.3,81.3,0.0,21.4,96,Satisfactory,993.9,80.5,2024,6,16,6,Sunday,13.999999999999996,2300.79
2024-06-16,Hyderabad,Telangana,41.2,30.0,35.6,42.6,4.8,11.8,196,Moderate,1021.5,54.3,2024,6,16,6,Sunday,11.200000000000003,1516.5600000000002
2024-06-16,Ahmedabad,Gujarat,26.2,12.0,19.1,41.5,0.0,14.1,214,Poor,998.4,77.2,2024,6,16,6,Sunday,14.2,792.6500000000001
2024-06-16,Jaipur,Rajasthan,42.1,28.2,35.1,72.2,0.0,16.9,137,Moderate,1021.8,44.6,2024,6,16,6,Sunday,13.900000000000002,2534.2200000000003
2024-06-16,Lucknow,Uttar Pradesh,32.8,23.4,28.1,34.8,0.0,10.3,336,Very Poor,1011.5,88.4,2024,6,16,6,Sunday,9.399999999999999,977.88
2024-06-16,Bhopal,Madhya Pradesh,36.7,31.2,34.0,93.0,0.0,5.3,319,Very Poor,995.9,9.3,2024,6,16,6,Sunday,5.5000000000000036,3162.0
2024-06-17,Mumbai,Maharashtra,35.8,23.8,29.8,83.8,71.8,12.1,61,Satisfactory,1023.3,73.7,2024,6,17,0,Monday,11.999999999999996,2497.24
2024-06-17,Delhi,Delhi,38.6,26.8,32.7,88.9,0.0,9.6,293,Poor,992.2,54.6,2024,6,17,0,Monday,11.8,2907.0300000000007
2024-06-17,Bengaluru,Karnataka,29.1,18.9,24.0,43.3,0.0,15.5,210,Poor,991.1,15.1,2024,6,17,0,Monday,10.200000000000003,1039.1999999999998
2024-06-17,Chennai,Tamil Nadu,36.8,31.5,34.2,67.3,0.0,15.6,305,Very Poor,1013.5,8.5,2024,6,17,0,Monday,5.299999999999997,2301.6600000000003
2024-06-17,Kolkata,West Bengal,43.1,29.6,36.4,83.6,7.5,20.5,156,Moderate,1013.2,36.1,2024,6,17,0,Monday,13.5,3043.0399999999995
2024-06-17,Hyderabad,Telangana,42.9,37.8,40.4,75.4,59.4,17.8,128,Moderate,991.2,83.6,2024,6,17,0,Monday,5.100000000000001,3046.1600000000003
2024-06-17,Ahmedabad,Gujarat,33.9,25.8,29.9,47.5,4.4,20.7,246,Poor,1000.4,25.3,2024,6,17,0,Monday,8.099999999999998,1420.25
2024-06-17,Jaipur,Rajasthan,38.4,24.4,31.4,31.0,8.5,4.1,118,Moderate,1005.1,26.6,2024,6,17,0,Monday,14.0,973.4
2024-06-17,Lucknow,Uttar Pradesh,35.1,22.0,28.5,78.3,0.0,24.4,111,Moderate,1009.6,29.1,2024,6,17,0,Monday,13.100000000000001,2231.5499999999997
2024-06-17,Bhopal,Madhya Pradesh,37.2,27.0,32.1,30.5,8.3,3.6,307,Very Poor,1002.7,93.9,2024,6,17,0,Monday,10.200000000000003,979.0500000000001
2024-06-18,Mumbai,Maharashtra,30.7,24.1,27.4,59.2,57.8,10.3,51,Satisfactory,992.2,90.3,2024,6,18,1,Tuesday,6.599999999999998,1622.08
2024-06-18,Delhi,Delhi,44.1,32.4,38.2,91.2,0.0,12.4,295,Poor,1001.6,96.0,2024,6,18,1,Tuesday,11.700000000000003,3483.84
2024-06-18,Bengaluru,Karnataka,38.2,31.6,34.9,77.7,39.8,5.8,286,Poor,999.4,11.0,2024,6,18,1,Tuesday,6.600000000000001,2711.73
2024-06-18,Chennai,Tamil Nadu,37.4,29.3,33.4,40.6,0.0,7.7,199,Moderate,999.1,88.2,2024,6,18,1,Tuesday,8.099999999999998,1356.04
2024-06-18,Kolkata,West Bengal,39.6,34.2,36.9,53.7,0.0,22.0,148,Moderate,1022.9,12.5,2024,6,18,1,Tuesday,5.399999999999999,1981.53
2024-06-18,Hyderabad,Telangana,44.2,38.3,41.2,71.8,0.0,5.7,322,Very Poor,997.1,89.5,2024,6,18,1,Tuesday,5.900000000000006,2958.1600000000003
2024-06-18,Ahmedabad,Gujarat,37.2,24.5,30.8,78.1,6.7,14.3,186,Moderate,998.3,75.7,2024,6,18,1,Tuesday,12.700000000000003,2405.48
2024-06-18,Jaipur,Rajasthan,30.9,17.9,24.4,75.3,9.4,7.6,243,Poor,1021.6,14.5,2024,6,18,1,Tuesday,13.0,1837.32
2024-06-18,Lucknow,Uttar Pradesh,40.8,32.3,36.5,92.0,0.0,8.8,339,Very Poor,999.8,89.5,2024,6,18,1,Tuesday,8.5,3358.0
2024-06-18,Bhopal,Madhya Pradesh,26.4,16.7,21.6,65.6,0.0,14.3,82,Satisfactory,1013.1,71.8,2024,6,18,1,Tuesday,9.7,1416.96
2024-06-19,Mumbai,Maharashtra,41.3,29.5,35.4,87.8,72.6,12.1,261,Poor,1003.3,93.6,2024,6,19,2,Wednesday,11.799999999999997,3108.12
2024-06-19,Delhi,Delhi,43.6,30.6,37.1,69.6,30.4,9.3,267,Poor,993.3,72.2,2024,6,19,2,Wednesday,13.0,2582.16
2024-06-19,Bengaluru,Karnataka,30.7,22.7,26.7,60.5,0.0,21.6,140,Moderate,1018.1,67.8,2024,6,19,2,Wednesday,8.0,1615.35
2024-06-19,Chennai,Tamil Nadu,35.3,25.9,30.6,52.0,8.5,4.4,222,Poor,994.9,97.8,2024,6,19,2,Wednesday,9.399999999999999,1591.2
2024-06-19,Kolkata,West Bengal,35.2,25.0,30.1,44.0,0.0,15.1,82,Satisfactory,1022.0,55.0,2024,6,19,2,Wednesday,10.200000000000003,1324.4
2024-06-19,Hyderabad,Telangana,36.5,30.5,33.5,43.2,0.0,12.8,63,Satisfactory,1022.7,73.4,2024,6,19,2,Wednesday,6.0,1447.2
2024-06-19,Ahmedabad,Gujarat,29.5,17.7,23.6,88.2,0.0,14.6,303,Very Poor,1023.5,76.0,2024,6,19,2,Wednesday,11.8,2081.52
2024-06-19,Jaipur,Rajasthan,32.1,21.5,26.8,70.0,0.0,5.3,324,Very Poor,1003.1,75.2,2024,6,19,2,Wednesday,10.600000000000001,1876.0
2024-06-19,Lucknow,Uttar Pradesh,34.2,22.7,28.4,36.7,9.1,20.3,337,Very Poor,999.0,55.3,2024,6,19,2,Wednesday,11.500000000000004,1042.28
2024-06-19,Bhopal,Madhya Pradesh,26.8,15.0,20.9,92.5,70.3,19.2,51,Satisfactory,998.1,36.7,2024,6,19,2,Wednesday,11.8,1933.2499999999998
2024-06-20,Mumbai,Maharashtra,41.6,28.1,34.9,71.1,3.6,18.7,296,Poor,1021.9,74.4,2024,6,20,3,Thursday,13.5,2481.39
2024-06-20,Delhi,Delhi,39.9,28.6,34.3,57.8,0.0,3.9,125,Moderate,1000.2,56.7,2024,6,20,3,Thursday,11.299999999999997,1982.5399999999997
2024-06-20,Bengaluru,Karnataka,29.4,19.2,24.3,41.0,0.0,5.4,290,Poor,1001.4,44.0,2024,6,20,3,Thursday,10.2,996.3000000000001
2024-06-20,Chennai,Tamil Nadu,40.4,33.2,36.8,70.1,79.2,15.0,263,Poor,1014.5,81.1,2024,6,20,3,Thursday,7.199999999999996,2579.6799999999994
2024-06-20,Kolkata,West Bengal,39.0,24.4,31.7,68.8,6.4,18.9,85,Satisfactory,998.2,40.3,2024,6,20,3,Thursday,14.600000000000001,2180.96
2024-06-20,Hyderabad,Telangana,35.1,25.6,30.3,94.8,0.0,21.1,131,Moderate,1011.5,71.2,2024,6,20,3,Thursday,9.5,2872.44
2024-06-20,Ahmedabad,Gujarat,36.0,24.6,30.3,68.3,72.9,17.4,123,Moderate,1024.0,84.1,2024,6,20,3,Thursday,11.399999999999999,2069.49
2024-06-20,Jaipur,Rajasthan,33.5,26.2,29.9,30.3,2.0,11.8,298,Poor,1000.9,77.4,2024,6,20,3,Thursday,7.300000000000001,905.97
2024-06-20,Lucknow,Uttar Pradesh,44.5,33.1,38.8,60.0,0.0,11.4,101,Moderate,1024.7,5.1,2024,6,20,3,Thursday,11.399999999999999,2328.0
2024-06-20,Bhopal,Madhya Pradesh,28.8,16.6,22.7,52.9,0.0,4.4,285,Poor,1008.7,14.3,2024,6,20,3,Thursday,12.2,1200.83
2024-06-21,Mumbai,Maharashtra,36.3,24.1,30.2,57.2,0.0,13.8,298,Poor,1006.4,75.3,2024,6,21,4,Friday,12.199999999999996,1727.44
2024-06-21,Delhi,Delhi,40.0,33.6,36.8,70.4,0.0,5.0,149,Moderate,1020.2,63.3,2024,6,21,4,Friday,6.399999999999999,2590.72
2024-06-21,Bengaluru,Karnataka,25.6,15.2,20.4,90.0,0.0,15.1,68,Satisfactory,1017.9,54.9,2024,6,21,4,Friday,10.400000000000002,1835.9999999999998
2024-06-21,Chennai,Tamil Nadu,36.7,25.5,31.1,77.4,7.6,7.0,335,Very Poor,1004.1,78.7,2024,6,21,4,Friday,11.200000000000003,2407.1400000000003
2024-06-21,Kolkata,West Bengal,26.6,16.2,21.4,50.3,2.3,2.2,339,Very Poor,1017.3,82.9,2024,6,21,4,Friday,10.400000000000002,1076.4199999999998
2024-06-21,Hyderabad,Telangana,28.6,17.7,23.1,57.7,3.4,2.5,272,Poor,1023.9,81.9,2024,6,21,4,Friday,10.900000000000002,1332.8700000000001
2024-06-21,Ahmedabad,Gujarat,40.2,31.3,35.8,78.9,0.0,8.7,171,Moderate,1009.3,35.3,2024,6,21,4,Friday,8.900000000000002,2824.62
2024-06-21,Jaipur,Rajasthan,34.8,21.3,28.1,64.0,0.0,13.9,108,Moderate,1016.1,16.5,2024,6,21,4,Friday,13.499999999999996,1798.4
2024-06-21,Lucknow,Uttar Pradesh,32.6,24.0,28.3,55.5,0.0,16.3,209,Poor,998.1,73.3,2024,6,21,4,Friday,8.600000000000001,1570.65
2024-06-21,Bhopal,Madhya Pradesh,33.9,20.8,27.4,45.8,8.8,22.1,273,Poor,1018.6,62.1,2024,6,21,4,Friday,13.099999999999998,1254.9199999999998
2024-06-22,Mumbai,Maharashtra,33.7,23.2,28.4,34.0,0.0,5.9,127,Moderate,1017.9,5.1,2024,6,22,5,Saturday,10.500000000000004,965.5999999999999
2024-06-22,Delhi,Delhi,36.7,25.7,31.2,80.5,5.1,13.5,164,Moderate,1011.3,90.3,2024,6,22,5,Saturday,11.000000000000004,2511.6
2024-06-22,Bengaluru,Karnataka,32.7,27.7,30.2,69.9,0.4,14.6,123,Moderate,999.4,79.7,2024,6,22,5,Saturday,5.0000000000000036,2110.98
2024-06-22,Chennai,Tamil Nadu,39.7,28.6,34.1,41.0,24.0,2.2,44,Good,999.2,24.0,2024,6,22,5,Saturday,11.100000000000001,1398.1000000000001
2024-06-22,Kolkata,West Bengal,39.6,27.7,33.7,81.5,2.6,12.1,75,Satisfactory,1014.4,65.2,2024,6,22,5,Saturday,11.900000000000002,2746.55
2024-06-22,Hyderabad,Telangana,40.6,28.4,34.5,72.6,0.0,8.4,237,Poor,998.0,81.5,2024,6,22,5,Saturday,12.200000000000003,2504.7
2024-06-22,Ahmedabad,Gujarat,36.3,29.0,32.7,89.7,65.6,18.7,107,Moderate,1024.8,66.8,2024,6,22,5,Saturday,7.299999999999997,2933.1900000000005
2024-06-22,Jaipur,Rajasthan,29.1,20.8,25.0,30.5,6.8,10.3,115,Moderate,1006.8,96.7,2024,6,22,5,Saturday,8.3,762.5
2024-06-22,Lucknow,Uttar Pradesh,39.4,26.9,33.1,44.4,5.1,16.3,112,Moderate,1006.7,79.0,2024,6,22,5,Saturday,12.5,1469.64
2024-06-22,Bhopal,Madhya Pradesh,40.1,26.4,33.2,87.1,38.6,10.7,343,Very Poor,1012.4,20.3,2024,6,22,5,Saturday,13.700000000000003,2891.7200000000003
2024-06-23,Mumbai,Maharashtra,39.1,26.5,32.8,34.3,7.7,8.7,186,Moderate,1007.1,15.5,2024,6,23,6,Sunday,12.600000000000001,1125.0399999999997
2024-06-23,Delhi,Delhi,29.9,21.4,25.6,40.6,15.4,14.2,234,Poor,1003.9,55.8,2024,6,23,6,Sunday,8.5,1039.3600000000001
2024-06-23,Bengaluru,Karnataka,43.4,36.7,40.0,49.2,0.0,5.4,126,Moderate,990.9,99.0,2024,6,23,6,Sunday,6.699999999999996,1968.0
2024-06-23,Chennai,Tamil Nadu,43.5,28.5,36.0,69.0,0.0,11.3,329,Very Poor,1011.2,46.7,2024,6,23,6,Sunday,15.0,2484.0
2024-06-23,Kolkata,West Bengal,35.7,23.8,29.7,88.3,0.0,5.2,171,Moderate,1007.9,35.5,2024,6,23,6,Sunday,11.900000000000002,2622.5099999999998
2024-06-23,Hyderabad,Telangana,44.6,38.1,41.4,65.2,0.0,23.8,160,Moderate,1003.7,11.2,2024,6,23,6,Sunday,6.5,2699.28
2024-06-23,Ahmedabad,Gujarat,27.9,20.6,24.3,70.2,0.8,11.7,153,Moderate,990.7,98.6,2024,6,23,6,Sunday,7.299999999999997,1705.8600000000001
2024-06-23,Jaipur,Rajasthan,40.6,32.3,36.4,60.9,0.0,10.3,85,Satisfactory,1021.1,70.6,2024,6,23,6,Sunday,8.300000000000004,2216.7599999999998
2024-06-23,Lucknow,Uttar Pradesh,36.8,22.9,29.9,75.5,0.0,12.4,328,Very Poor,1008.4,85.8,2024,6,23,6,Sunday,13.899999999999999,2257.45
2024-06-23,Bhopal,Madhya Pradesh,43.6,38.5,41.1,89.9,0.0,13.0,329,Very Poor,1011.2,50.5,2024,6,23,6,Sunday,5.100000000000001,3694.8900000000003
2024-06-24,Mumbai,Maharashtra,29.8,22.1,25.9,89.8,0.9,13.6,304,Very Poor,1014.3,21.4,2024,6,24,0,Monday,7.699999999999999,2325.8199999999997
2024-06-24,Delhi,Delhi,27.8,18.8,23.3,34.9,56.9,19.0,188,Moderate,1008.9,93.6,2024,6,24,0,Monday,9.0,813.17
2024-06-24,Bengaluru,Karnataka,36.2,25.3,30.7,56.6,0.0,18.6,197,Moderate,1021.6,89.0,2024,6,24,0,Monday,10.900000000000002,1737.62
2024-06-24,Chennai,Tamil Nadu,37.9,28.9,33.4,60.4,75.1,5.2,151,Moderate,1019.8,95.1,2024,6,24,0,Monday,9.0,2017.36
2024-06-24,Kolkata,West Bengal,35.4,22.6,29.0,66.5,9.9,20.2,209,Poor,1007.3,86.4,2024,6,24,0,Monday,12.799999999999997,1928.5
2024-06-24,Hyderabad,Telangana,33.2,27.2,30.2,55.6,0.0,10.2,337,Very Poor,995.4,70.6,2024,6,24,0,Monday,6.0000000000000036,1679.12
2024-06-24,Ahmedabad,Gujarat,37.8,26.6,32.2,66.0,1.0,17.2,282,Poor,1021.5,79.5,2024,6,24,0,Monday,11.199999999999996,2125.2000000000003
2024-06-24,Jaipur,Rajasthan,43.5,28.6,36.1,67.8,1.2,2.6,266,Poor,992.0,11.4,2024,6,24,0,Monday,14.899999999999999,2447.58
2024-06-24,Lucknow,Uttar Pradesh,35.0,26.3,30.7,36.9,0.0,17.0,238,Poor,1009.6,39.4,2024,6,24,0,Monday,8.7,1132.83
2024-06-24,Bhopal,Madhya Pradesh,30.4,17.5,24.0,44.9,1.7,6.2,280,Poor,994.1,84.6,2024,6,24,0,Monday,12.899999999999999,1077.6
2024-06-25,Mumbai,Maharashtra,31.5,20.0,25.8,38.1,0.0,3.7,177,Moderate,1006.6,45.1,2024,6,25,1,Tuesday,11.5,982.98
2024-06-25,Delhi,Delhi,25.9,17.3,21.6,79.2,0.0,11.7,73,Satisfactory,1009.7,95.3,2024,6,25,1,Tuesday,8.599999999999998,1710.7200000000003
2024-06-25,Bengaluru,Karnataka,25.7,14.6,20.1,91.7,0.0,16.8,310,Very Poor,1009.4,65.2,2024,6,25,1,Tuesday,11.1,1843.1700000000003
2024-06-25,Chennai,Tamil Nadu,39.9,30.0,34.9,60.0,0.0,2.4,295,Poor,996.1,51.4,2024,6,25,1,Tuesday,9.899999999999999,2094.0
2024-06-25,Kolkata,West Bengal,30.6,20.3,25.5,52.4,77.1,3.8,348,Very Poor,1015.2,38.0,2024,6,25,1,Tuesday,10.3,1336.2
2024-06-25,Hyderabad,Telangana,31.0,23.7,27.4,66.9,8.4,3.4,323,Very Poor,1022.2,12.7,2024,6,25,1,Tuesday,7.300000000000001,1833.0600000000002
2024-06-25,Ahmedabad,Gujarat,34.8,25.3,30.1,93.3,0.0,13.6,216,Poor,1008.5,53.9,2024,6,25,1,Tuesday,9.499999999999996,2808.33
2024-06-25,Jaipur,Rajasthan,25.4,13.3,19.3,76.3,0.0,17.7,127,Moderate,993.0,64.5,2024,6,25,1,Tuesday,12.099999999999998,1472.59
2024-06-25,Lucknow,Uttar Pradesh,35.1,22.4,28.8,75.9,51.4,5.6,279,Poor,1019.9,71.7,2024,6,25,1,Tuesday,12.700000000000003,2185.92
2024-06-25,Bhopal,Madhya Pradesh,30.6,22.8,26.7,88.9,3.7,4.9,311,Very Poor,1017.9,66.0,2024,6,25,1,Tuesday,7.800000000000001,2373.63
2024-06-26,Mumbai,Maharashtra,40.7,34.6,37.6,54.8,39.2,18.9,71,Satisfactory,990.5,88.6,2024,6,26,2,Wednesday,6.100000000000001,2060.48
2024-06-26,Delhi,Delhi,27.8,15.5,21.6,86.2,0.0,9.9,228,Poor,1001.4,28.1,2024,6,26,2,Wednesday,12.3,1861.92
2024-06-26,Bengaluru,Karnataka,43.0,34.9,39.0,42.1,61.9,5.8,230,Poor,995.0,56.4,2024,6,26,2,Wednesday,8.100000000000001,1641.9
2024-06-26,Chennai,Tamil Nadu,34.6,23.6,29.1,41.7,0.0,17.6,134,Moderate,1005.8,36.7,2024,6,26,2,Wednesday,11.0,1213.4700000000003
2024-06-26,Kolkata,West Bengal,33.2,28.0,30.6,73.5,0.0,24.7,154,Moderate,999.2,17.0,2024,6,26,2,Wednesday,5.200000000000003,2249.1
2024-06-26,Hyderabad,Telangana,39.8,31.8,35.8,67.4,0.0,18.7,90,Satisfactory,1011.4,16.4,2024,6,26,2,Wednesday,7.9999999999999964,2412.92
2024-06-26,Ahmedabad,Gujarat,37.8,24.7,31.2,52.7,0.0,2.5,292,Poor,1016.9,43.1,2024,6,26,2,Wednesday,13.099999999999998,1644.24
2024-06-26,Jaipur,Rajasthan,39.2,25.9,32.5,48.6,1.9,21.2,270,Poor,990.5,38.7,2024,6,26,2,Wednesday,13.300000000000004,1579.5
2024-06-26,Lucknow,Uttar Pradesh,26.6,15.9,21.2,57.9,0.0,4.6,126,Moderate,1012.1,28.0,2024,6,26,2,Wednesday,10.700000000000001,1227.48
2024-06-26,Bhopal,Madhya Pradesh,43.0,33.3,38.1,55.5,0.0,12.3,279,Poor,1011.4,35.3,2024,6,26,2,Wednesday,9.700000000000003,2114.55
2024-06-27,Mumbai,Maharashtra,44.4,30.0,37.2,47.3,0.0,6.8,122,Moderate,1014.7,32.0,2024,6,27,3,Thursday,14.399999999999999,1759.56
2024-06-27,Delhi,Delhi,42.6,36.0,39.3,34.2,0.0,12.8,111,Moderate,1012.0,85.6,2024,6,27,3,Thursday,6.600000000000001,1344.06
2024-06-27,Bengaluru,Karnataka,41.3,34.0,37.7,74.0,4.4,7.0,242,Poor,996.2,39.0,2024,6,27,3,Thursday,7.299999999999997,2789.8
2024-06-27,Chennai,Tamil Nadu,29.7,22.8,26.3,30.6,0.0,3.2,261,Poor,1005.0,79.9,2024,6,27,3,Thursday,6.899999999999999,804.7800000000001
2024-06-27,Kolkata,West Bengal,42.2,37.1,39.7,92.8,0.0,12.8,301,Very Poor,1002.4,38.8,2024,6,27,3,Thursday,5.100000000000001,3684.1600000000003
2024-06-27,Hyderabad,Telangana,39.9,25.0,32.5,69.9,16.3,14.7,209,Poor,1014.5,43.6,2024,6,27,3,Thursday,14.899999999999999,2271.75
2024-06-27,Ahmedabad,Gujarat,43.9,37.2,40.5,49.0,0.0,3.9,165,Moderate,1000.4,53.8,2024,6,27,3,Thursday,6.699999999999996,1984.5
2024-06-27,Jaipur,Rajasthan,25.9,11.3,18.6,91.9,0.0,7.5,169,Moderate,999.2,51.7,2024,6,27,3,Thursday,14.599999999999998,1709.3400000000001
2024-06-27,Lucknow,Uttar Pradesh,30.8,17.7,24.3,61.3,0.0,9.3,278,Poor,1008.4,79.2,2024,6,27,3,Thursday,13.100000000000001,1489.59
2024-06-27,Bhopal,Madhya Pradesh,32.1,20.1,26.1,91.2,6.3,4.4,159,Moderate,1020.5,54.1,2024,6,27,3,Thursday,12.0,2380.32
2024-06-28,Mumbai,Maharashtra,26.1,17.3,21.7,88.7,43.2,11.1,183,Moderate,1005.0,60.0,2024,6,28,4,Friday,8.8,1924.79
2024-06-28,Delhi,Delhi,28.4,23.2,25.8,69.6,0.0,10.5,313,Very Poor,1018.3,30.6,2024,6,28,4,Friday,5.199999999999999,1795.6799999999998
2024-06-28,Bengaluru,Karnataka,26.1,11.7,18.9,66.4,6.6,5.8,304,Very Poor,991.7,42.6,2024,6,28,4,Friday,14.400000000000002,1254.96
2024-06-28,Chennai,Tamil Nadu,40.1,29.9,35.0,67.2,1.4,17.1,312,Very Poor,1006.3,96.6,2024,6,28,4,Friday,10.200000000000003,2352.0
2024-06-28,Kolkata,West Bengal,37.9,29.2,33.5,70.2,0.0,11.4,121,Moderate,1010.1,45.7,2024,6,28,4,Friday,8.7,2351.7000000000003
2024-06-28,Hyderabad,Telangana,40.2,29.9,35.1,34.4,3.7,9.4,337,Very Poor,1022.8,12.3,2024,6,28,4,Friday,10.300000000000004,1207.44
2024-06-28,Ahmedabad,Gujarat,29.9,24.8,27.4,58.2,3.7,21.4,85,Satisfactory,1004.0,45.8,2024,6,28,4,Friday,5.099999999999998,1594.68
2024-06-28,Jaipur,Rajasthan,26.0,14.5,20.2,34.2,0.0,14.4,287,Poor,996.4,46.7,2024,6,28,4,Friday,11.5,690.84
2024-06-28,Lucknow,Uttar Pradesh,34.2,27.8,31.0,77.0,0.0,12.4,50,Good,1019.8,72.3,2024,6,28,4,Friday,6.400000000000002,2387.0
2024-06-28,Bhopal,Madhya Pradesh,30.9,17.2,24.1,31.2,5.5,19.5,294,Poor,1015.4,70.7,2024,6,28,4,Friday,13.7,751.9200000000001
2024-06-29,Mumbai,Maharashtra,37.9,28.9,33.4,60.7,0.0,9.9,95,Satisfactory,1022.6,60.0,2024,6,29,5,Saturday,9.0,2027.38
2024-06-29,Delhi,Delhi,38.3,23.4,30.8,83.5,24.6,14.1,59,Satisfactory,1021.1,36.3,2024,6,29,5,Saturday,14.899999999999999,2571.8
2024-06-29,Bengaluru,Karnataka,34.5,26.8,30.7,76.5,58.4,12.4,260,Poor,1017.0,85.1,2024,6,29,5,Saturday,7.699999999999999,2348.5499999999997
2024-06-29,Chennai,Tamil Nadu,35.2,23.9,29.5,75.5,66.7,12.7,245,Poor,1014.5,75.0,2024,6,29,5,Saturday,11.300000000000004,2227.25
2024-06-29,Kolkata,West Bengal,35.9,22.1,29.0,59.2,0.7,21.5,329,Very Poor,994.8,7.9,2024,6,29,5,Saturday,13.799999999999997,1716.8000000000002
2024-06-29,Hyderabad,Telangana,28.0,14.9,21.4,83.5,7.1,22.4,177,Moderate,1004.9,44.3,2024,6,29,5,Saturday,13.1,1786.8999999999999
2024-06-29,Ahmedabad,Gujarat,26.6,12.7,19.7,86.5,10.0,6.7,319,Very Poor,1013.4,66.7,2024,6,29,5,Saturday,13.900000000000002,1704.05
2024-06-29,Jaipur,Rajasthan,41.6,27.2,34.4,86.5,8.7,16.0,250,Poor,1003.3,10.4,2024,6,29,5,Saturday,14.400000000000002,2975.6
2024-06-29,Lucknow,Uttar Pradesh,31.6,21.9,26.7,74.3,0.0,10.9,74,Satisfactory,998.4,40.4,2024,6,29,5,Saturday,9.700000000000003,1983.81
2024-06-29,Bhopal,Madhya Pradesh,44.4,33.7,39.1,38.3,0.0,2.8,45,Good,1023.3,31.2,2024,6,29,5,Saturday,10.699999999999996,1497.53
2024-06-30,Mumbai,Maharashtra,26.5,15.7,21.1,39.0,0.5,4.6,89,Satisfactory,1001.0,44.7,2024,6,30,6,Sunday,10.8,822.9000000000001
2024-06-30,Delhi,Delhi,35.1,29.3,32.2,33.0,0.0,11.7,292,Poor,1022.0,73.8,2024,6,30,6,Sunday,5.800000000000001,1062.6000000000001
2024-06-30,Bengaluru,Karnataka,42.4,27.7,35.1,79.6,0.0,17.8,264,Poor,1024.8,49.4,2024,6,30,6,Sunday,14.7,2793.96
2024-06-30,Chennai,Tamil Nadu,34.9,25.6,30.2,56.7,5.1,22.1,317,Very Poor,1020.9,26.6,2024,6,30,6,Sunday,9.299999999999997,1712.3400000000001
2024-06-30,Kolkata,West Bengal,31.8,23.7,27.8,77.2,0.0,18.6,244,Poor,1001.4,64.8,2024,6,30,6,Sunday,8.100000000000001,2146.1600000000003
2024-06-30,Hyderabad,Telangana,39.7,25.7,32.7,58.1,0.0,18.4,281,Poor,990.5,35.0,2024,6,30,6,Sunday,14.000000000000004,1899.8700000000001
2024-06-30,Ahmedabad,Gujarat,38.4,26.1,32.3,82.8,0.0,24.6,130,Moderate,1009.9,24.3,2024,6,30,6,Sunday,12.299999999999997,2674.4399999999996
2024-06-30,Jaipur,Rajasthan,38.9,24.6,31.7,41.6,71.7,8.4,142,Moderate,1003.2,67.7,2024,6,30,6,Sunday,14.299999999999997,1318.72
2024-06-30,Lucknow,Uttar Pradesh,42.5,36.5,39.5,32.5,0.0,3.5,323,Very Poor,1016.4,20.6,2024,6,30,6,Sunday,6.0,1283.75
2024-06-30,Bhopal,Madhya Pradesh,32.4,20.7,26.5,44.7,0.0,19.7,179,Moderate,1016.5,68.7,2024,6,30,6,Sunday,11.7,1184.5500000000002
2024-07-01,Mumbai,Maharashtra,42.8,31.6,37.2,94.4,0.0,15.2,283,Poor,1015.3,57.3,2024,7,1,0,Monday,11.199999999999996,3511.6800000000003
2024-07-01,Delhi,Delhi,30.7,23.8,27.2,33.5,0.0,16.1,257,Poor,991.8,14.4,2024,7,1,0,Monday,6.899999999999999,911.1999999999999
2024-07-01,Bengaluru,Karnataka,32.4,20.6,26.5,84.1,0.0,18.9,110,Moderate,1017.1,79.5,2024,7,1,0,Monday,11.799999999999997,2228.6499999999996
2024-07-01,Chennai,Tamil Nadu,28.9,18.0,23.4,78.2,3.3,8.9,137,Moderate,995.8,19.0,2024,7,1,0,Monday,10.899999999999999,1829.8799999999999
2024-07-01,Kolkata,West Bengal,36.9,28.3,32.6,31.3,1.1,4.3,105,Moderate,1009.6,16.4,2024,7,1,0,Monday,8.599999999999998,1020.3800000000001
2024-07-01,Hyderabad,Telangana,28.4,22.8,25.6,73.6,0.0,5.3,134,Moderate,1000.7,77.8,2024,7,1,0,Monday,5.599999999999998,1884.1599999999999
2024-07-01,Ahmedabad,Gujarat,33.2,25.2,29.2,35.2,9.4,17.1,239,Poor,1008.0,13.5,2024,7,1,0,Monday,8.000000000000004,1027.8400000000001
2024-07-01,Jaipur,Rajasthan,28.1,19.0,23.5,70.9,7.8,5.4,263,Poor,1002.1,9.1,2024,7,1,0,Monday,9.100000000000001,1666.15
2024-07-01,Lucknow,Uttar Pradesh,44.1,36.4,40.2,35.7,0.0,3.1,80,Satisfactory,1024.1,83.7,2024,7,1,0,Monday,7.700000000000003,1435.1400000000003
2024-07-01,Bhopal,Madhya Pradesh,43.4,33.9,38.7,54.2,4.7,3.4,271,Poor,1023.5,19.0,2024,7,1,0,Monday,9.5,2097.5400000000004
2024-07-02,Mumbai,Maharashtra,37.7,30.8,34.3,41.1,8.7,13.6,129,Moderate,1015.5,50.5,2024,7,2,1,Tuesday,6.900000000000002,1409.73
2024-07-02,Delhi,Delhi,32.3,18.7,25.5,60.4,2.2,3.3,89,Satisfactory,1025.0,71.0,2024,7,2,1,Tuesday,13.599999999999998,1540.2
2024-07-02,Bengaluru,Karnataka,29.7,17.8,23.8,80.7,0.0,15.8,250,Poor,996.0,14.9,2024,7,2,1,Tuesday,11.899999999999999,1920.66
2024-07-02,Chennai,Tamil Nadu,40.6,30.6,35.6,53.6,37.2,19.7,208,Poor,997.3,41.5,2024,7,2,1,Tuesday,10.0,1908.16
2024-07-02,Kolkata,West Bengal,37.3,27.6,32.4,82.7,45.4,19.3,122,Moderate,1017.3,95.9,2024,7,2,1,Tuesday,9.699999999999996,2679.48
2024-07-02,Hyderabad,Telangana,30.4,16.5,23.4,80.2,9.3,5.3,79,Satisfactory,1007.6,19.8,2024,7,2,1,Tuesday,13.899999999999999,1876.68
2024-07-02,Ahmedabad,Gujarat,25.2,13.9,19.6,53.3,0.0,23.7,300,Poor,1001.2,36.7,2024,7,2,1,Tuesday,11.299999999999999,1044.68
2024-07-02,Jaipur,Rajasthan,38.0,25.9,31.9,71.3,24.5,21.1,241,Poor,1010.6,67.9,2024,7,2,1,Tuesday,12.100000000000001,2274.47
2024-07-02,Lucknow,Uttar Pradesh,26.2,19.0,22.6,92.5,5.4,14.1,266,Poor,990.5,74.9,2024,7,2,1,Tuesday,7.199999999999999,2090.5
2024-07-02,Bhopal,Madhya Pradesh,28.3,13.7,21.0,44.6,4.6,10.6,42,Good,1002.4,83.6,2024,7,2,1,Tuesday,14.600000000000001,936.6
2024-07-03,Mumbai,Maharashtra,41.0,30.2,35.6,94.1,0.0,22.3,231,Poor,1019.4,37.9,2024,7,3,2,Wednesday,10.8,3349.96
2024-07-03,Delhi,Delhi,34.8,20.1,27.5,91.7,70.7,7.0,338,Very Poor,1019.1,72.3,2024,7,3,2,Wednesday,14.699999999999996,2521.75
2024-07-03,Bengaluru,Karnataka,36.4,30.6,33.5,68.8,0.0,15.8,81,Satisfactory,1003.1,40.6,2024,7,3,2,Wednesday,5.799999999999997,2304.7999999999997
2024-07-03,Chennai,Tamil Nadu,43.8,31.3,37.6,30.1,0.0,10.5,281,Poor,1011.2,48.0,2024,7,3,2,Wednesday,12.499999999999996,1131.76
2024-07-03,Kolkata,West Bengal,33.5,27.0,30.2,93.5,0.0,9.6,179,Moderate,1005.5,23.3,2024,7,3,2,Wednesday,6.5,2823.7
2024-07-03,Hyderabad,Telangana,28.1,17.6,22.8,73.1,0.0,7.2,194,Moderate,1013.1,49.5,2024,7,3,2,Wednesday,10.5,1666.6799999999998
2024-07-03,Ahmedabad,Gujarat,27.6,14.5,21.0,70.1,1.4,15.1,115,Moderate,993.8,40.4,2024,7,3,2,Wednesday,13.100000000000001,1472.1
2024-07-03,Jaipur,Rajasthan,35.3,21.9,28.6,58.4,0.0,15.0,218,Poor,999.2,62.7,2024,7,3,2,Wednesday,13.399999999999999,1670.24
2024-07-03,Lucknow,Uttar Pradesh,32.9,18.0,25.5,87.3,0.0,6.3,180,Moderate,1000.7,78.5,2024,7,3,2,Wednesday,14.899999999999999,2226.15
2024-07-03,Bhopal,Madhya Pradesh,42.6,36.2,39.4,63.0,46.2,24.8,80,Satisfactory,994.1,17.3,2024,7,3,2,Wednesday,6.399999999999999,2482.2
2024-07-04,Mumbai,Maharashtra,38.6,29.9,34.3,77.7,4.1,14.6,167,Moderate,1008.9,13.4,2024,7,4,3,Thursday,8.700000000000003,2665.1099999999997
2024-07-04,Delhi,Delhi,35.9,26.3,31.1,88.6,0.0,18.5,146,Moderate,1003.8,27.1,2024,7,4,3,Thursday,9.599999999999998,2755.46
2024-07-04,Bengaluru,Karnataka,26.4,18.1,22.3,59.9,31.9,7.3,248,Poor,996.7,54.3,2024,7,4,3,Thursday,8.299999999999997,1335.77
2024-07-04,Chennai,Tamil Nadu,25.9,18.7,22.3,59.6,0.0,5.7,266,Poor,1021.3,32.8,2024,7,4,3,Thursday,7.199999999999999,1329.0800000000002
2024-07-04,Kolkata,West Bengal,40.6,26.0,33.3,62.4,6.2,12.7,55,Satisfactory,1005.3,86.3,2024,7,4,3,Thursday,14.600000000000001,2077.9199999999996
2024-07-04,Hyderabad,Telangana,42.6,29.1,35.9,62.9,35.3,4.6,329,Very Poor,1010.7,69.8,2024,7,4,3,Thursday,13.5,2258.1099999999997
2024-07-04,Ahmedabad,Gujarat,40.6,29.2,34.9,37.6,19.7,19.2,197,Moderate,1016.5,67.0,2024,7,4,3,Thursday,11.400000000000002,1312.24
2024-07-04,Jaipur,Rajasthan,28.0,19.7,23.9,38.9,7.3,17.9,137,Moderate,1006.1,17.8,2024,7,4,3,Thursday,8.3,929.7099999999999
2024-07-04,Lucknow,Uttar Pradesh,31.4,19.4,25.4,37.4,0.0,18.5,98,Satisfactory,1013.4,76.1,2024,7,4,3,Thursday,12.0,949.9599999999999
2024-07-04,Bhopal,Madhya Pradesh,28.2,20.8,24.5,53.8,61.7,3.3,126,Moderate,990.4,71.4,2024,7,4,3,Thursday,7.399999999999999,1318.1
2024-07-05,Mumbai,Maharashtra,31.7,21.2,26.4,36.7,6.5,21.2,204,Poor,996.0,93.4,2024,7,5,4,Friday,10.5,968.88
2024-07-05,Delhi,Delhi,43.5,36.4,39.9,69.3,4.1,13.4,108,Moderate,1022.0,40.8,2024,7,5,4,Friday,7.100000000000001,2765.0699999999997
2024-07-05,Bengaluru,Karnataka,37.2,25.9,31.5,58.5,4.9,4.5,265,Poor,997.4,97.7,2024,7,5,4,Friday,11.300000000000004,1842.75
2024-07-05,Chennai,Tamil Nadu,43.3,35.3,39.3,78.2,0.0,16.4,298,Poor,1006.8,83.6,2024,7,5,4,Friday,8.0,3073.2599999999998
2024-07-05,Kolkata,West Bengal,42.0,29.0,35.5,61.7,0.0,7.7,254,Poor,1007.8,18.5,2024,7,5,4,Friday,13.0,2190.35
2024-07-05,Hyderabad,Telangana,31.7,24.1,27.9,92.2,7.8,21.3,337,Very Poor,1016.6,61.9,2024,7,5,4,Friday,7.599999999999998,2572.38
2024-07-05,Ahmedabad,Gujarat,28.8,14.4,21.6,56.1,0.0,16.1,339,Very Poor,1024.9,97.6,2024,7,5,4,Friday,14.4,1211.7600000000002
2024-07-05,Jaipur,Rajasthan,32.0,17.1,24.5,59.6,0.0,24.2,287,Poor,1023.1,70.0,2024,7,5,4,Friday,14.899999999999999,1460.2
2024-07-05,Lucknow,Uttar Pradesh,28.5,16.3,22.4,70.2,0.0,18.7,150,Moderate,995.0,49.4,2024,7,5,4,Friday,12.2,1572.48
2024-07-05,Bhopal,Madhya Pradesh,36.0,23.9,30.0,74.5,0.0,21.8,270,Poor,1001.6,29.6,2024,7,5,4,Friday,12.100000000000001,2235.0
2024-07-06,Mumbai,Maharashtra,32.2,18.7,25.5,51.3,0.0,9.9,182,Moderate,1018.6,96.9,2024,7,6,5,Saturday,13.500000000000004,1308.1499999999999
2024-07-06,Delhi,Delhi,41.5,29.5,35.5,92.9,8.1,14.3,325,Very Poor,990.6,28.9,2024,7,6,5,Saturday,12.0,3297.9500000000003
2024-07-06,Bengaluru,Karnataka,43.5,30.5,37.0,93.8,0.0,2.7,196,Moderate,993.3,25.8,2024,7,6,5,Saturday,13.0,3470.6
2024-07-06,Chennai,Tamil Nadu,42.0,28.3,35.1,70.1,45.0,12.4,160,Moderate,999.7,92.1,2024,7,6,5,Saturday,13.7,2460.5099999999998
2024-07-06,Kolkata,West Bengal,35.1,26.8,30.9,73.1,11.8,2.1,274,Poor,1002.7,21.0,2024,7,6,5,Saturday,8.3,2258.7899999999995
2024-07-06,Hyderabad,Telangana,26.0,15.5,20.7,49.2,0.0,7.1,244,Poor,999.6,60.7,2024,7,6,5,Saturday,10.5,1018.44
2024-07-06,Ahmedabad,Gujarat,25.4,17.9,21.6,58.0,3.4,16.4,301,Very Poor,1001.8,71.6,2024,7,6,5,Saturday,7.5,1252.8000000000002
2024-07-06,Jaipur,Rajasthan,36.9,24.1,30.5,78.7,5.8,6.8,294,Poor,1017.3,81.4,2024,7,6,5,Saturday,12.799999999999997,2400.35
2024-07-06,Lucknow,Uttar Pradesh,34.5,27.5,31.0,36.5,7.5,5.3,174,Moderate,1022.7,99.0,2024,7,6,5,Saturday,7.0,1131.5
2024-07-06,Bhopal,Madhya Pradesh,36.9,24.1,30.5,77.9,0.0,17.9,343,Very Poor,1021.2,88.0,2024,7,6,5,Saturday,12.799999999999997,2375.9500000000003
2024-07-07,Mumbai,Maharashtra,35.2,21.9,28.6,57.8,4.3,24.7,292,Poor,999.0,10.3,2024,7,7,6,Sunday,13.300000000000004,1653.08
2024-07-07,Delhi,Delhi,37.4,22.8,30.1,46.4,0.0,8.0,72,Satisfactory,994.4,26.3,2024,7,7,6,Sunday,14.599999999999998,1396.64
2024-07-07,Bengaluru,Karnataka,44.1,36.3,40.2,58.9,9.0,18.2,239,Poor,1019.0,88.4,2024,7,7,6,Sunday,7.800000000000004,2367.78
2024-07-07,Chennai,Tamil Nadu,42.8,32.4,37.6,48.0,47.9,2.9,117,Moderate,1003.9,95.0,2024,7,7,6,Sunday,10.399999999999999,1804.8000000000002
2024-07-07,Kolkata,West Bengal,43.8,29.3,36.6,87.3,55.3,19.8,252,Poor,1012.1,98.3,2024,7,7,6,Sunday,14.499999999999996,3195.18
2024-07-07,Hyderabad,Telangana,44.5,38.9,41.7,39.0,4.6,5.7,172,Moderate,1024.2,34.9,2024,7,7,6,Sunday,5.600000000000001,1626.3000000000002
2024-07-07,Ahmedabad,Gujarat,30.5,19.7,25.1,33.8,0.0,7.4,175,Moderate,1017.8,13.9,2024,7,7,6,Sunday,10.8,848.38
2024-07-07,Jaipur,Rajasthan,25.5,17.0,21.2,75.4,72.2,4.4,66,Satisfactory,1024.7,33.3,2024,7,7,6,Sunday,8.5,1598.48
2024-07-07,Lucknow,Uttar Pradesh,25.1,16.0,20.6,70.9,3.4,10.1,68,Satisfactory,1015.7,94.3,2024,7,7,6,Sunday,9.100000000000001,1460.5400000000002
2024-07-07,Bhopal,Madhya Pradesh,31.1,21.5,26.3,62.4,5.5,16.8,187,Moderate,1010.2,15.8,2024,7,7,6,Sunday,9.600000000000001,1641.1200000000001
2024-07-08,Mumbai,Maharashtra,32.1,22.2,27.2,89.9,0.0,20.9,117,Moderate,1017.3,53.8,2024,7,8,0,Monday,9.900000000000002,2445.28
2024-07-08,Delhi,Delhi,34.3,23.7,29.0,95.0,0.0,10.2,348,Very Poor,1018.5,52.0,2024,7,8,0,Monday,10.599999999999998,2755.0
2024-07-08,Bengaluru,Karnataka,34.1,28.5,31.3,74.4,0.0,19.0,231,Poor,1007.3,7.7,2024,7,8,0,Monday,5.600000000000001,2328.7200000000003
2024-07-08,Chennai,Tamil Nadu,33.2,19.0,26.1,62.5,7.1,18.6,178,Moderate,1021.6,8.2,2024,7,8,0,Monday,14.200000000000003,1631.25
2024-07-08,Kolkata,West Bengal,38.6,32.6,35.6,56.7,40.5,3.3,195,Moderate,1015.1,60.2,2024,7,8,0,Monday,6.0,2018.5200000000002
2024-07-08,Hyderabad,Telangana,44.4,38.1,41.3,88.2,28.1,11.9,303,Very Poor,1018.5,41.9,2024,7,8,0,Monday,6.299999999999997,3642.66
2024-07-08,Ahmedabad,Gujarat,37.7,31.3,34.5,72.2,0.0,2.5,189,Moderate,997.4,56.0,2024,7,8,0,Monday,6.400000000000002,2490.9
2024-07-08,Jaipur,Rajasthan,35.0,27.6,31.3,74.5,35.1,16.8,40,Good,1015.0,31.3,2024,7,8,0,Monday,7.399999999999999,2331.85
2024-07-08,Lucknow,Uttar Pradesh,42.3,29.1,35.7,38.0,3.8,21.8,70,Satisfactory,994.9,45.8,2024,7,8,0,Monday,13.199999999999996,1356.6000000000001
2024-07-08,Bhopal,Madhya Pradesh,32.8,27.6,30.2,88.4,0.0,7.2,288,Poor,999.1,41.7,2024,7,8,0,Monday,5.199999999999996,2669.6800000000003
2024-07-09,Mumbai,Maharashtra,32.7,25.7,29.2,34.2,0.0,18.7,84,Satisfactory,1013.9,17.9,2024,7,9,1,Tuesday,7.0000000000000036,998.6400000000001
2024-07-09,Delhi,Delhi,40.1,27.9,34.0,54.6,0.0,2.2,77,Satisfactory,998.1,44.9,2024,7,9,1,Tuesday,12.200000000000003,1856.4
2024-07-09,Bengaluru,Karnataka,27.1,13.1,20.1,68.1,9.4,6.7,40,Good,1011.6,17.3,2024,7,9,1,Tuesday,14.000000000000002,1368.81
2024-07-09,Chennai,Tamil Nadu,43.6,33.1,38.4,90.3,0.0,18.2,47,Good,1009.8,92.9,2024,7,9,1,Tuesday,10.5,3467.52
2024-07-09,Kolkata,West Bengal,39.2,30.9,35.0,41.7,0.0,6.6,138,Moderate,1004.3,43.8,2024,7,9,1,Tuesday,8.300000000000004,1459.5
2024-07-09,Hyderabad,Telangana,28.0,22.9,25.4,93.1,43.9,17.5,323,Very Poor,992.4,16.2,2024,7,9,1,Tuesday,5.100000000000001,2364.74
2024-07-09,Ahmedabad,Gujarat,37.6,24.2,30.9,88.4,0.0,3.5,76,Satisfactory,996.6,44.0,2024,7,9,1,Tuesday,13.400000000000002,2731.56
2024-07-09,Jaipur,Rajasthan,28.3,18.9,23.6,52.1,4.7,23.6,304,Very Poor,993.8,14.4,2024,7,9,1,Tuesday,9.400000000000002,1229.5600000000002
2024-07-09,Lucknow,Uttar Pradesh,35.1,22.5,28.8,44.0,8.3,4.4,272,Poor,1021.3,80.3,2024,7,9,1,Tuesday,12.600000000000001,1267.2
2024-07-09,Bhopal,Madhya Pradesh,25.7,12.7,19.2,39.0,0.0,17.2,243,Poor,1011.3,15.3,2024,7,9,1,Tuesday,13.0,748.8
2024-07-10,Mumbai,Maharashtra,43.5,36.9,40.2,68.8,0.0,10.1,233,Poor,991.0,98.2,2024,7,10,2,Wednesday,6.600000000000001,2765.76
2024-07-10,Delhi,Delhi,35.0,26.2,30.6,65.1,0.0,8.3,301,Very Poor,996.3,57.9,2024,7,10,2,Wednesday,8.8,1992.06
2024-07-10,Bengaluru,Karnataka,28.1,22.7,25.4,46.0,0.0,23.4,131,Moderate,1005.6,98.4,2024,7,10,2,Wednesday,5.400000000000002,1168.3999999999999
2024-07-10,Chennai,Tamil Nadu,29.8,18.4,24.1,54.6,6.3,8.3,313,Very Poor,991.8,91.7,2024,7,10,2,Wednesday,11.400000000000002,1315.8600000000001
2024-07-10,Kolkata,West Bengal,44.4,32.3,38.3,74.4,0.0,8.7,326,Very Poor,1021.2,21.4,2024,7,10,2,Wednesday,12.100000000000001,2849.52
2024-07-10,Hyderabad,Telangana,35.5,23.3,29.4,37.2,0.0,8.8,112,Moderate,996.9,17.3,2024,7,10,2,Wednesday,12.2,1093.68
2024-07-10,Ahmedabad,Gujarat,37.8,28.3,33.1,66.0,1.3,2.5,285,Poor,1003.4,11.5,2024,7,10,2,Wednesday,9.499999999999996,2184.6
2024-07-10,Jaipur,Rajasthan,39.7,25.7,32.7,45.4,0.0,14.0,208,Poor,991.9,72.9,2024,7,10,2,Wednesday,14.000000000000004,1484.5800000000002
2024-07-10,Lucknow,Uttar Pradesh,41.6,33.9,37.7,88.7,10.0,20.7,249,Poor,1010.1,23.1,2024,7,10,2,Wednesday,7.700000000000003,3343.9900000000002
2024-07-10,Bhopal,Madhya Pradesh,39.3,24.4,31.8,65.2,57.9,6.1,92,Satisfactory,1001.4,56.5,2024,7,10,2,Wednesday,14.899999999999999,2073.36
2024-07-11,Mumbai,Maharashtra,25.4,17.1,21.3,86.2,0.5,23.9,334,Very Poor,1024.5,45.1,2024,7,11,3,Thursday,8.299999999999997,1836.0600000000002
2024-07-11,Delhi,Delhi,25.7,13.2,19.5,71.8,0.0,22.0,89,Satisfactory,1002.5,64.5,2024,7,11,3,Thursday,12.5,1400.1
2024-07-11,Bengaluru,Karnataka,29.1,14.2,21.7,79.0,0.0,13.6,267,Poor,1007.3,21.6,2024,7,11,3,Thursday,14.900000000000002,1714.3
2024-07-11,Chennai,Tamil Nadu,32.2,25.4,28.8,51.6,0.0,14.1,327,Very Poor,994.9,91.9,2024,7,11,3,Thursday,6.800000000000004,1486.0800000000002
2024-07-11,Kolkata,West Bengal,38.7,33.5,36.1,64.9,79.6,21.7,229,Poor,992.2,95.6,2024,7,11,3,Thursday,5.200000000000003,2342.8900000000003
2024-07-11,Hyderabad,Telangana,41.0,31.9,36.5,50.8,0.0,21.7,78,Satisfactory,991.3,19.3,2024,7,11,3,Thursday,9.100000000000001,1854.1999999999998
2024-07-11,Ahmedabad,Gujarat,33.1,18.1,25.6,41.3,74.1,2.7,277,Poor,1016.3,67.3,2024,7,11,3,Thursday,15.0,1057.28
2024-07-11,Jaipur,Rajasthan,34.9,20.0,27.4,32.9,0.0,23.2,166,Moderate,1009.6,9.3,2024,7,11,3,Thursday,14.899999999999999,901.4599999999999
2024-07-11,Lucknow,Uttar Pradesh,33.3,18.7,26.0,68.9,6.4,16.6,266,Poor,998.3,88.0,2024,7,11,3,Thursday,14.599999999999998,1791.4
2024-07-11,Bhopal,Madhya Pradesh,39.8,24.9,32.4,82.2,0.0,13.4,300,Poor,1010.3,36.3,2024,7,11,3,Thursday,14.899999999999999,2663.28
2024-07-12,Mumbai,Maharashtra,40.2,28.0,34.1,94.8,0.0,9.2,224,Poor,995.6,90.1,2024,7,12,4,Friday,12.200000000000003,3232.68
2024-07-12,Delhi,Delhi,41.5,31.0,36.3,44.3,36.7,2.1,348,Very Poor,1024.5,98.1,2024,7,12,4,Friday,10.5,1608.0899999999997
2024-07-12,Bengaluru,Karnataka,34.5,19.9,27.2,55.7,25.7,2.3,128,Moderate,1009.1,12.2,2024,7,12,4,Friday,14.600000000000001,1515.04
2024-07-12,Chennai,Tamil Nadu,26.8,13.2,20.0,68.4,58.2,13.7,190,Moderate,1012.4,59.7,2024,7,12,4,Friday,13.600000000000001,1368.0
2024-07-12,Kolkata,West Bengal,41.9,30.5,36.2,82.1,7.9,6.6,349,Very Poor,1010.4,69.4,2024,7,12,4,Friday,11.399999999999999,2972.02
2024-07-12,Hyderabad,Telangana,25.6,19.7,22.7,35.0,4.0,19.0,67,Satisfactory,1021.4,35.7,2024,7,12,4,Friday,5.900000000000002,794.5
2024-07-12,Ahmedabad,Gujarat,26.2,12.6,19.4,77.5,0.0,24.0,135,Moderate,992.2,78.5,2024,7,12,4,Friday,13.6,1503.5
2024-07-12,Jaipur,Rajasthan,25.8,13.4,19.6,51.5,0.0,19.9,267,Poor,1010.3,32.2,2024,7,12,4,Friday,12.4,1009.4000000000001
2024-07-12,Lucknow,Uttar Pradesh,36.8,31.7,34.2,88.6,70.8,12.2,179,Moderate,1007.8,44.5,2024,7,12,4,Friday,5.099999999999998,3030.12
2024-07-12,Bhopal,Madhya Pradesh,42.9,30.0,36.5,38.2,0.0,20.1,155,Moderate,1016.9,38.3,2024,7,12,4,Friday,12.899999999999999,1394.3000000000002
2024-07-13,Mumbai,Maharashtra,39.5,29.5,34.5,67.1,0.0,5.4,146,Moderate,1000.2,53.2,2024,7,13,5,Saturday,10.0,2314.95
2024-07-13,Delhi,Delhi,36.4,30.8,33.6,63.1,0.0,8.5,251,Poor,1021.6,22.6,2024,7,13,5,Saturday,5.599999999999998,2120.1600000000003
2024-07-13,Bengaluru,Karnataka,43.5,33.1,38.3,87.0,0.0,2.2,247,Poor,1005.5,40.1,2024,7,13,5,Saturday,10.399999999999999,3332.1
2024-07-13,Chennai,Tamil Nadu,43.8,37.9,40.8,51.3,4.5,12.2,314,Very Poor,991.0,72.5,2024,7,13,5,Saturday,5.899999999999999,2093.04
2024-07-13,Kolkata,West Bengal,35.3,24.5,29.9,40.6,0.0,23.3,122,Moderate,1008.3,23.2,2024,7,13,5,Saturday,10.799999999999997,1213.94
2024-07-13,Hyderabad,Telangana,32.7,21.4,27.1,58.6,0.0,3.8,68,Satisfactory,990.9,28.9,2024,7,13,5,Saturday,11.300000000000004,1588.0600000000002
2024-07-13,Ahmedabad,Gujarat,31.7,19.0,25.4,76.6,0.0,22.4,165,Moderate,1004.0,43.1,2024,7,13,5,Saturday,12.7,1945.6399999999996
2024-07-13,Jaipur,Rajasthan,27.0,12.2,19.6,39.0,0.0,5.5,308,Very Poor,991.6,32.8,2024,7,13,5,Saturday,14.8,764.4000000000001
2024-07-13,Lucknow,Uttar Pradesh,31.8,25.6,28.7,72.0,0.0,24.4,114,Moderate,996.3,53.6,2024,7,13,5,Saturday,6.199999999999999,2066.4
2024-07-13,Bhopal,Madhya Pradesh,43.6,28.8,36.2,83.0,0.0,22.5,243,Poor,1022.0,44.8,2024,7,13,5,Saturday,14.8,3004.6000000000004
2024-07-14,Mumbai,Maharashtra,28.3,19.0,23.6,71.0,0.0,20.5,262,Poor,1021.1,97.1,2024,7,14,6,Sunday,9.3,1675.6000000000001
2024-07-14,Delhi,Delhi,36.0,28.3,32.1,95.0,5.9,21.4,246,Poor,990.3,25.9,2024,7,14,6,Sunday,7.699999999999999,3049.5
2024-07-14,Bengaluru,Karnataka,42.9,31.0,37.0,56.9,3.7,16.0,211,Poor,1000.2,92.9,2024,7,14,6,Sunday,11.899999999999999,2105.2999999999997
2024-07-14,Chennai,Tamil Nadu,40.8,33.7,37.2,52.4,0.0,13.1,107,Moderate,1016.3,31.8,2024,7,14,6,Sunday,7.099999999999994,1949.2800000000002
2024-07-14,Kolkata,West Bengal,43.5,32.8,38.2,36.8,0.0,16.0,274,Poor,1004.7,89.1,2024,7,14,6,Sunday,10.700000000000003,1405.76
2024-07-14,Hyderabad,Telangana,36.9,31.8,34.4,87.2,0.0,18.0,144,Moderate,992.4,75.8,2024,7,14,6,Sunday,5.099999999999998,2999.68
2024-07-14,Ahmedabad,Gujarat,32.0,25.8,28.9,39.5,33.0,10.5,223,Poor,1015.4,12.9,2024,7,14,6,Sunday,6.199999999999999,1141.55
2024-07-14,Jaipur,Rajasthan,34.6,19.9,27.2,85.0,0.0,14.9,110,Moderate,992.6,38.1,2024,7,14,6,Sunday,14.700000000000003,2312.0
2024-07-14,Lucknow,Uttar Pradesh,39.4,29.5,34.4,78.8,5.2,21.2,273,Poor,1021.6,59.3,2024,7,14,6,Sunday,9.899999999999999,2710.72
2024-07-14,Bhopal,Madhya Pradesh,40.0,33.5,36.8,40.7,0.0,25.0,254,Poor,1005.1,74.0,2024,7,14,6,Sunday,6.5,1497.76
2024-07-15,Mumbai,Maharashtra,29.1,23.5,26.3,65.5,0.0,22.6,225,Poor,1003.4,70.5,2024,7,15,0,Monday,5.600000000000001,1722.65
2024-07-15,Delhi,Delhi,26.1,20.3,23.2,31.3,0.0,15.9,287,Poor,1000.1,80.7,2024,7,15,0,Monday,5.800000000000001,726.16
2024-07-15,Bengaluru,Karnataka,40.5,30.3,35.4,48.5,0.0,6.2,242,Poor,1013.6,70.2,2024,7,15,0,Monday,10.2,1716.8999999999999
2024-07-15,Chennai,Tamil Nadu,33.3,27.3,30.3,89.2,0.0,6.4,110,Moderate,994.6,43.5,2024,7,15,0,Monday,5.9999999999999964,2702.76
2024-07-15,Kolkata,West Bengal,29.9,16.0,22.9,64.5,58.3,4.6,85,Satisfactory,1019.2,60.5,2024,7,15,0,Monday,13.899999999999999,1477.05
2024-07-15,Hyderabad,Telangana,30.9,21.1,26.0,74.9,2.5,12.3,185,Moderate,1020.2,87.6,2024,7,15,0,Monday,9.799999999999997,1947.4
2024-07-15,Ahmedabad,Gujarat,44.5,38.7,41.6,30.2,3.9,13.0,304,Very Poor,994.4,21.2,2024,7,15,0,Monday,5.799999999999997,1256.32
2024-07-15,Jaipur,Rajasthan,42.4,30.6,36.5,73.2,0.0,18.0,335,Very Poor,1008.8,6.8,2024,7,15,0,Monday,11.799999999999997,2671.8
2024-07-15,Lucknow,Uttar Pradesh,41.9,34.3,38.1,70.1,0.0,12.5,158,Moderate,1004.4,84.4,2024,7,15,0,Monday,7.600000000000001,2670.81
2024-07-15,Bhopal,Madhya Pradesh,26.3,20.6,23.4,32.8,0.0,16.9,226,Poor,1014.0,29.2,2024,7,15,0,Monday,5.699999999999999,767.5199999999999
2024-07-16,Mumbai,Maharashtra,38.7,29.0,33.9,51.9,0.0,11.0,211,Poor,1006.2,12.2,2024,7,16,1,Tuesday,9.700000000000003,1759.4099999999999
2024-07-16,Delhi,Delhi,31.6,25.4,28.5,60.3,0.0,2.6,104,Moderate,1018.9,92.0,2024,7,16,1,Tuesday,6.200000000000003,1718.55
2024-07-16,Bengaluru,Karnataka,35.8,28.0,31.9,62.1,4.4,4.9,246,Poor,991.9,77.9,2024,7,16,1,Tuesday,7.799999999999997,1980.99
2024-07-16,Chennai,Tamil Nadu,35.0,25.3,30.1,62.3,0.0,14.2,157,Moderate,1014.2,72.6,2024,7,16,1,Tuesday,9.7,1875.23
2024-07-16,Kolkata,West Bengal,33.3,24.5,28.9,64.9,4.6,22.7,237,Poor,1014.8,97.2,2024,7,16,1,Tuesday,8.799999999999997,1875.6100000000001
2024-07-16,Hyderabad,Telangana,44.3,37.7,41.0,33.4,0.0,6.9,137,Moderate,1008.3,66.6,2024,7,16,1,Tuesday,6.599999999999994,1369.3999999999999
2024-07-16,Ahmedabad,Gujarat,39.3,24.5,31.9,88.3,0.0,11.1,153,Moderate,993.5,77.4,2024,7,16,1,Tuesday,14.799999999999997,2816.77
2024-07-16,Jaipur,Rajasthan,42.6,28.3,35.5,31.6,0.0,11.0,233,Poor,1008.1,35.8,2024,7,16,1,Tuesday,14.3,1121.8
2024-07-16,Lucknow,Uttar Pradesh,26.9,15.6,21.3,47.9,0.0,11.8,229,Poor,992.5,89.9,2024,7,16,1,Tuesday,11.299999999999999,1020.27
2024-07-16,Bhopal,Madhya Pradesh,27.3,17.2,22.3,62.3,0.7,19.2,146,Moderate,997.1,86.9,2024,7,16,1,Tuesday,10.100000000000001,1389.29
2024-07-17,Mumbai,Maharashtra,43.9,38.2,41.1,61.6,6.0,16.4,192,Moderate,990.6,62.8,2024,7,17,2,Wednesday,5.699999999999996,2531.76
2024-07-17,Delhi,Delhi,28.9,14.0,21.4,88.3,0.0,19.8,289,Poor,1022.6,39.1,2024,7,17,2,Wednesday,14.899999999999999,1889.62
2024-07-17,Bengaluru,Karnataka,35.0,26.0,30.5,91.0,5.2,8.0,250,Poor,1001.4,93.5,2024,7,17,2,Wednesday,9.0,2775.5
2024-07-17,Chennai,Tamil Nadu,41.5,33.8,37.7,65.3,0.0,13.8,315,Very Poor,1003.6,20.2,2024,7,17,2,Wednesday,7.700000000000003,2461.81
2024-07-17,Kolkata,West Bengal,44.8,34.1,39.5,80.4,0.0,5.6,134,Moderate,992.5,5.9,2024,7,17,2,Wednesday,10.699999999999996,3175.8
2024-07-17,Hyderabad,Telangana,32.8,25.4,29.1,34.2,5.3,2.2,262,Poor,1019.5,95.7,2024,7,17,2,Wednesday,7.399999999999999,995.2200000000001
2024-07-17,Ahmedabad,Gujarat,39.7,25.3,32.5,43.6,9.9,10.3,232,Poor,1009.1,67.1,2024,7,17,2,Wednesday,14.400000000000002,1417.0
2024-07-17,Jaipur,Rajasthan,39.1,33.3,36.2,53.1,0.0,5.2,59,Satisfactory,1002.8,51.9,2024,7,17,2,Wednesday,5.800000000000004,1922.2200000000003
2024-07-17,Lucknow,Uttar Pradesh,43.9,31.3,37.6,77.5,0.0,24.6,303,Very Poor,1016.2,59.7,2024,7,17,2,Wednesday,12.599999999999998,2914.0
2024-07-17,Bhopal,Madhya Pradesh,28.1,22.9,25.5,74.9,1.1,8.2,138,Moderate,1012.0,92.2,2024,7,17,2,Wednesday,5.200000000000003,1909.95
2024-07-18,Mumbai,Maharashtra,29.3,23.3,26.3,38.5,0.0,9.4,283,Poor,1014.7,87.7,2024,7,18,3,Thursday,6.0,1012.5500000000001
2024-07-18,Delhi,Delhi,35.6,29.6,32.6,76.1,3.7,9.8,319,Very Poor,997.6,87.8,2024,7,18,3,Thursday,6.0,2480.86
2024-07-18,Bengaluru,Karnataka,31.8,23.2,27.5,67.7,0.0,23.9,334,Very Poor,999.2,91.3,2024,7,18,3,Thursday,8.600000000000001,1861.75
2024-07-18,Chennai,Tamil Nadu,30.4,17.8,24.1,45.5,0.0,18.5,91,Satisfactory,1018.4,39.1,2024,7,18,3,Thursday,12.599999999999998,1096.55
2024-07-18,Kolkata,West Bengal,26.8,16.1,21.5,93.6,0.0,8.4,183,Moderate,995.7,50.8,2024,7,18,3,Thursday,10.7,2012.3999999999999
2024-07-18,Hyderabad,Telangana,35.4,20.9,28.2,69.3,19.0,19.8,195,Moderate,1020.7,44.4,2024,7,18,3,Thursday,14.5,1954.2599999999998
2024-07-18,Ahmedabad,Gujarat,35.4,28.5,32.0,74.8,0.0,19.0,255,Poor,999.6,64.3,2024,7,18,3,Thursday,6.899999999999999,2393.6
2024-07-18,Jaipur,Rajasthan,31.4,18.3,24.9,65.7,63.4,2.5,177,Moderate,998.5,13.6,2024,7,18,3,Thursday,13.099999999999998,1635.93
2024-07-18,Lucknow,Uttar Pradesh,42.8,33.1,38.0,85.2,33.8,11.8,334,Very Poor,1017.6,27.5,2024,7,18,3,Thursday,9.699999999999996,3237.6
2024-07-18,Bhopal,Madhya Pradesh,36.5,23.9,30.2,35.8,73.1,3.1,93,Satisfactory,1000.6,47.1,2024,7,18,3,Thursday,12.600000000000001,1081.1599999999999
2024-07-19,Mumbai,Maharashtra,39.6,32.8,36.2,52.5,6.7,24.1,111,Moderate,994.1,72.4,2024,7,19,4,Friday,6.800000000000004,1900.5000000000002
2024-07-19,Delhi,Delhi,33.3,28.0,30.6,38.8,33.9,19.1,114,Moderate,1024.0,61.9,2024,7,19,4,Friday,5.299999999999997,1187.28
2024-07-19,Bengaluru,Karnataka,31.6,23.4,27.5,51.2,0.0,5.4,73,Satisfactory,990.8,25.8,2024,7,19,4,Friday,8.200000000000003,1408.0
2024-07-19,Chennai,Tamil Nadu,40.7,34.6,37.6,77.1,3.9,15.3,54,Satisfactory,998.3,90.0,2024,7,19,4,Friday,6.100000000000001,2898.96
2024-07-19,Kolkata,West Bengal,29.0,16.5,22.8,76.1,14.3,9.2,322,Very Poor,996.8,54.0,2024,7,19,4,Friday,12.5,1735.08
2024-07-19,Hyderabad,Telangana,25.9,13.2,19.5,67.2,62.1,7.3,247,Poor,995.0,91.7,2024,7,19,4,Friday,12.7,1310.4
2024-07-19,Ahmedabad,Gujarat,33.8,23.0,28.4,78.5,0.0,8.7,224,Poor,1012.4,44.5,2024,7,19,4,Friday,10.799999999999997,2229.4
2024-07-19,Jaipur,Rajasthan,33.4,26.9,30.1,60.5,0.0,5.8,167,Moderate,1004.5,79.7,2024,7,19,4,Friday,6.5,1821.0500000000002
2024-07-19,Lucknow,Uttar Pradesh,38.9,28.9,33.9,45.7,0.0,6.8,194,Moderate,992.3,52.8,2024,7,19,4,Friday,10.0,1549.23
2024-07-19,Bhopal,Madhya Pradesh,39.1,26.7,32.9,77.3,0.0,11.7,99,Satisfactory,1010.9,95.0,2024,7,19,4,Friday,12.400000000000002,2543.1699999999996
2024-07-20,Mumbai,Maharashtra,43.1,37.6,40.3,50.0,0.0,22.3,182,Moderate,1019.0,66.9,2024,7,20,5,Saturday,5.5,2014.9999999999998
2024-07-20,Delhi,Delhi,43.7,30.4,37.0,62.5,0.0,9.6,150,Moderate,1006.2,12.4,2024,7,20,5,Saturday,13.300000000000004,2312.5
2024-07-20,Bengaluru,Karnataka,38.9,24.4,31.7,92.6,0.0,18.0,247,Poor,992.5,32.0,2024,7,20,5,Saturday,14.5,2935.4199999999996
2024-07-20,Chennai,Tamil Nadu,31.2,25.7,28.5,84.1,0.0,7.8,139,Moderate,996.2,78.6,2024,7,20,5,Saturday,5.5,2396.85
2024-07-20,Kolkata,West Bengal,41.1,34.4,37.7,62.0,6.9,23.3,314,Very Poor,998.0,51.9,2024,7,20,5,Saturday,6.700000000000003,2337.4
2024-07-20,Hyderabad,Telangana,26.6,21.0,23.8,45.2,0.0,12.6,133,Moderate,1011.5,28.6,2024,7,20,5,Saturday,5.600000000000001,1075.76
2024-07-20,Ahmedabad,Gujarat,37.3,22.8,30.0,73.9,0.0,12.4,302,Very Poor,1018.2,48.3,2024,7,20,5,Saturday,14.499999999999996,2217.0
2024-07-20,Jaipur,Rajasthan,44.8,39.1,41.9,33.0,0.0,22.0,97,Satisfactory,990.8,35.0,2024,7,20,5,Saturday,5.699999999999996,1382.7
2024-07-20,Lucknow,Uttar Pradesh,43.6,31.9,37.8,89.3,0.0,6.5,52,Satisfactory,997.8,72.3,2024,7,20,5,Saturday,11.700000000000003,3375.5399999999995
2024-07-20,Bhopal,Madhya Pradesh,26.0,14.9,20.5,71.7,6.7,14.3,335,Very Poor,993.7,80.7,2024,7,20,5,Saturday,11.1,1469.8500000000001
2024-07-21,Mumbai,Maharashtra,26.2,17.3,21.7,61.7,0.0,20.0,99,Satisfactory,1013.5,61.8,2024,7,21,6,Sunday,8.899999999999999,1338.89
2024-07-21,Delhi,Delhi,29.4,23.9,26.7,45.6,0.0,19.4,342,Very Poor,1005.4,79.6,2024,7,21,6,Sunday,5.5,1217.52
2024-07-21,Bengaluru,Karnataka,29.8,16.2,23.0,70.4,0.0,7.2,347,Very Poor,992.5,55.9,2024,7,21,6,Sunday,13.600000000000001,1619.2
2024-07-21,Chennai,Tamil Nadu,39.8,31.5,35.6,83.8,0.0,4.7,131,Moderate,1020.7,84.5,2024,7,21,6,Sunday,8.299999999999997,2983.28
2024-07-21,Kolkata,West Bengal,30.7,17.8,24.2,91.0,0.0,14.1,159,Moderate,998.2,81.8,2024,7,21,6,Sunday,12.899999999999999,2202.2
2024-07-21,Hyderabad,Telangana,41.7,32.9,37.3,83.6,3.4,3.6,197,Moderate,1023.2,59.5,2024,7,21,6,Sunday,8.800000000000004,3118.2799999999997
2024-07-21,Ahmedabad,Gujarat,41.8,28.1,35.0,63.9,0.0,15.7,141,Moderate,1002.4,49.1,2024,7,21,6,Sunday,13.699999999999996,2236.5
2024-07-21,Jaipur,Rajasthan,33.1,19.9,26.5,68.6,0.0,8.1,48,Good,1001.8,85.1,2024,7,21,6,Sunday,13.200000000000003,1817.8999999999999
2024-07-21,Lucknow,Uttar Pradesh,29.6,15.6,22.6,71.6,25.3,22.6,298,Poor,999.0,44.9,2024,7,21,6,Sunday,14.000000000000002,1618.16
2024-07-21,Bhopal,Madhya Pradesh,40.4,27.3,33.9,63.7,0.0,18.3,65,Satisfactory,1008.9,86.2,2024,7,21,6,Sunday,13.099999999999998,2159.43
2024-07-22,Mumbai,Maharashtra,41.9,33.9,37.9,72.6,0.5,10.5,298,Poor,997.5,56.1,2024,7,22,0,Monday,8.0,2751.5399999999995
2024-07-22,Delhi,Delhi,31.5,23.9,27.7,48.1,0.0,20.0,345,Very Poor,1014.5,17.2,2024,7,22,0,Monday,7.600000000000001,1332.3700000000001
2024-07-22,Bengaluru,Karnataka,37.2,27.2,32.2,54.8,0.0,4.8,228,Poor,1016.6,61.6,2024,7,22,0,Monday,10.000000000000004,1764.5600000000002
2024-07-22,Chennai,Tamil Nadu,29.4,17.9,23.6,79.8,0.0,19.4,340,Very Poor,991.2,57.4,2024,7,22,0,Monday,11.5,1883.28
2024-07-22,Kolkata,West Bengal,44.6,36.8,40.7,58.7,0.0,10.9,204,Poor,993.9,94.9,2024,7,22,0,Monday,7.800000000000004,2389.09
2024-07-22,Hyderabad,Telangana,30.7,22.2,26.4,47.6,75.1,12.6,118,Moderate,1018.9,45.2,2024,7,22,0,Monday,8.5,1256.6399999999999
2024-07-22,Ahmedabad,Gujarat,44.7,36.6,40.6,51.0,9.9,23.5,156,Moderate,1007.9,5.2,2024,7,22,0,Monday,8.100000000000001,2070.6
2024-07-22,Jaipur,Rajasthan,27.2,18.1,22.7,81.4,0.0,15.4,294,Poor,1020.0,34.3,2024,7,22,0,Monday,9.099999999999998,1847.78
2024-07-22,Lucknow,Uttar Pradesh,36.3,28.3,32.3,49.2,0.0,23.2,54,Satisfactory,1010.1,92.4,2024,7,22,0,Monday,7.9999999999999964,1589.1599999999999
2024-07-22,Bhopal,Madhya Pradesh,31.9,26.6,29.2,47.7,0.0,4.7,233,Poor,1004.6,84.7,2024,7,22,0,Monday,5.299999999999997,1392.8400000000001
2024-07-23,Mumbai,Maharashtra,39.7,31.2,35.5,91.4,0.0,23.1,169,Moderate,1010.2,72.1,2024,7,23,1,Tuesday,8.500000000000004,3244.7000000000003
2024-07-23,Delhi,Delhi,29.5,17.2,23.4,69.5,0.0,20.3,139,Moderate,1023.2,89.7,2024,7,23,1,Tuesday,12.3,1626.3
2024-07-23,Bengaluru,Karnataka,33.1,20.0,26.6,68.7,0.0,13.8,42,Good,991.5,11.6,2024,7,23,1,Tuesday,13.100000000000001,1827.42
2024-07-23,Chennai,Tamil Nadu,43.3,34.2,38.7,60.5,8.5,8.8,56,Satisfactory,1019.2,20.8,2024,7,23,1,Tuesday,9.099999999999994,2341.3500000000004
2024-07-23,Kolkata,West Bengal,28.8,21.2,25.0,48.4,6.7,4.1,325,Very Poor,995.2,53.3,2024,7,23,1,Tuesday,7.600000000000001,1210.0
2024-07-23,Hyderabad,Telangana,42.2,27.5,34.8,72.3,6.8,5.4,177,Moderate,1009.0,41.7,2024,7,23,1,Tuesday,14.700000000000003,2516.0399999999995
2024-07-23,Ahmedabad,Gujarat,35.5,29.2,32.3,53.4,0.0,7.9,82,Satisfactory,1021.2,50.9,2024,7,23,1,Tuesday,6.300000000000001,1724.8199999999997
2024-07-23,Jaipur,Rajasthan,32.7,26.5,29.6,43.0,0.6,15.5,146,Moderate,1011.2,24.1,2024,7,23,1,Tuesday,6.200000000000003,1272.8
2024-07-23,Lucknow,Uttar Pradesh,41.9,36.0,39.0,85.8,0.0,9.8,111,Moderate,1016.3,79.6,2024,7,23,1,Tuesday,5.899999999999999,3346.2
2024-07-23,Bhopal,Madhya Pradesh,44.5,38.6,41.5,34.5,60.6,11.3,129,Moderate,990.9,62.3,2024,7,23,1,Tuesday,5.899999999999999,1431.75
2024-07-24,Mumbai,Maharashtra,33.7,23.8,28.7,34.2,4.9,16.9,117,Moderate,996.5,24.6,2024,7,24,2,Wednesday,9.900000000000002,981.5400000000001
2024-07-24,Delhi,Delhi,28.6,17.0,22.8,94.6,0.0,9.2,194,Moderate,1021.9,97.1,2024,7,24,2,Wednesday,11.600000000000001,2156.88
2024-07-24,Bengaluru,Karnataka,30.8,18.1,24.5,38.6,0.0,24.5,193,Moderate,1024.5,94.0,2024,7,24,2,Wednesday,12.7,945.7
2024-07-24,Chennai,Tamil Nadu,29.9,19.1,24.5,57.3,2.1,3.6,272,Poor,1001.7,6.7,2024,7,24,2,Wednesday,10.799999999999997,1403.85
2024-07-24,Kolkata,West Bengal,37.8,32.2,35.0,92.7,0.3,20.1,324,Very Poor,991.2,91.1,2024,7,24,2,Wednesday,5.599999999999994,3244.5
2024-07-24,Hyderabad,Telangana,36.2,26.4,31.3,32.9,5.7,11.3,81,Satisfactory,1013.9,14.6,2024,7,24,2,Wednesday,9.800000000000004,1029.77
2024-07-24,Ahmedabad,Gujarat,27.8,22.3,25.1,65.2,0.0,17.7,137,Moderate,1001.9,39.4,2024,7,24,2,Wednesday,5.5,1636.5200000000002
2024-07-24,Jaipur,Rajasthan,39.2,32.6,35.9,30.8,6.0,20.0,262,Poor,1013.5,52.3,2024,7,24,2,Wednesday,6.600000000000001,1105.72
2024-07-24,Lucknow,Uttar Pradesh,41.5,34.2,37.9,51.8,41.7,9.9,199,Moderate,1003.1,86.7,2024,7,24,2,Wednesday,7.299999999999997,1963.2199999999998
2024-07-24,Bhopal,Madhya Pradesh,35.7,22.1,28.9,61.9,0.0,11.3,340,Very Poor,1007.3,96.7,2024,7,24,2,Wednesday,13.600000000000001,1788.9099999999999
2024-07-25,Mumbai,Maharashtra,42.0,33.9,37.9,92.7,6.9,2.4,240,Poor,995.1,83.8,2024,7,25,3,Thursday,8.100000000000001,3513.33
2024-07-25,Delhi,Delhi,32.3,22.3,27.3,88.8,0.0,8.8,186,Moderate,1024.2,46.5,2024,7,25,3,Thursday,9.999999999999996,2424.24
2024-07-25,Bengaluru,Karnataka,35.0,21.1,28.1,69.3,0.0,23.4,332,Very Poor,1023.2,95.2,2024,7,25,3,Thursday,13.899999999999999,1947.33
2024-07-25,Chennai,Tamil Nadu,41.3,29.5,35.4,84.9,0.0,24.3,68,Satisfactory,1002.3,87.4,2024,7,25,3,Thursday,11.799999999999997,3005.46
2024-07-25,Kolkata,West Bengal,31.7,23.2,27.4,33.4,1.3,3.5,255,Poor,1000.5,6.0,2024,7,25,3,Thursday,8.5,915.16
2024-07-25,Hyderabad,Telangana,37.4,26.0,31.7,54.3,2.2,5.2,92,Satisfactory,1007.0,28.6,2024,7,25,3,Thursday,11.399999999999999,1721.31
2024-07-25,Ahmedabad,Gujarat,39.7,29.3,34.5,44.1,3.2,22.2,156,Moderate,1006.1,64.3,2024,7,25,3,Thursday,10.400000000000002,1521.45
2024-07-25,Jaipur,Rajasthan,26.6,17.5,22.0,68.6,0.0,10.4,52,Satisfactory,994.4,43.5,2024,7,25,3,Thursday,9.100000000000001,1509.1999999999998
2024-07-25,Lucknow,Uttar Pradesh,30.5,21.4,25.9,61.1,0.0,13.7,209,Poor,1001.1,83.9,2024,7,25,3,Thursday,9.100000000000001,1582.49
2024-07-25,Bhopal,Madhya Pradesh,31.6,17.2,24.4,84.9,0.0,8.5,234,Poor,1013.2,98.2,2024,7,25,3,Thursday,14.400000000000002,2071.56
2024-07-26,Mumbai,Maharashtra,42.6,34.3,38.5,56.5,63.0,19.8,319,Very Poor,1005.7,55.5,2024,7,26,4,Friday,8.300000000000004,2175.25
2024-07-26,Delhi,Delhi,36.0,28.5,32.3,58.3,5.2,4.5,184,Moderate,1004.2,81.4,2024,7,26,4,Friday,7.5,1883.0899999999997
2024-07-26,Bengaluru,Karnataka,41.8,33.4,37.6,92.2,12.7,19.3,195,Moderate,998.1,98.6,2024,7,26,4,Friday,8.399999999999999,3466.7200000000003
2024-07-26,Chennai,Tamil Nadu,44.0,34.0,39.0,60.7,0.0,12.4,106,Moderate,991.3,29.7,2024,7,26,4,Friday,10.0,2367.3
2024-07-26,Kolkata,West Bengal,42.3,31.4,36.9,79.6,55.1,9.2,185,Moderate,996.5,43.3,2024,7,26,4,Friday,10.899999999999999,2937.24
2024-07-26,Hyderabad,Telangana,42.9,32.3,37.6,49.0,0.0,15.3,221,Poor,1021.9,85.0,2024,7,26,4,Friday,10.600000000000001,1842.4
2024-07-26,Ahmedabad,Gujarat,32.5,26.7,29.6,60.5,0.0,23.4,82,Satisfactory,1018.8,65.6,2024,7,26,4,Friday,5.800000000000001,1790.8000000000002
2024-07-26,Jaipur,Rajasthan,27.9,21.9,24.9,70.1,69.0,10.4,330,Very Poor,1005.9,72.6,2024,7,26,4,Friday,6.0,1745.4899999999998
2024-07-26,Lucknow,Uttar Pradesh,42.9,37.3,40.1,41.0,0.0,13.5,310,Very Poor,1017.3,25.8,2024,7,26,4,Friday,5.600000000000001,1644.1000000000001
2024-07-26,Bhopal,Madhya Pradesh,26.1,13.2,19.6,70.0,3.2,23.5,226,Poor,1002.9,70.2,2024,7,26,4,Friday,12.900000000000002,1372.0
2024-07-27,Mumbai,Maharashtra,35.5,21.6,28.6,30.2,0.0,22.9,292,Poor,1012.7,50.4,2024,7,27,5,Saturday,13.899999999999999,863.72
2024-07-27,Delhi,Delhi,34.0,23.4,28.7,30.2,3.7,13.0,104,Moderate,1000.6,49.4,2024,7,27,5,Saturday,10.600000000000001,866.74
2024-07-27,Bengaluru,Karnataka,43.5,38.0,40.7,86.3,0.0,24.2,347,Very Poor,999.9,60.9,2024,7,27,5,Saturday,5.5,3512.4100000000003
2024-07-27,Chennai,Tamil Nadu,42.6,32.3,37.4,94.4,0.0,9.7,221,Poor,1002.0,77.2,2024,7,27,5,Saturday,10.300000000000004,3530.56
2024-07-27,Kolkata,West Bengal,25.8,12.0,18.9,49.3,76.8,20.7,109,Moderate,997.7,55.6,2024,7,27,5,Saturday,13.8,931.7699999999999
2024-07-27,Hyderabad,Telangana,30.2,19.1,24.6,32.7,0.0,13.9,253,Poor,1006.3,88.8,2024,7,27,5,Saturday,11.099999999999998,804.4200000000001
2024-07-27,Ahmedabad,Gujarat,30.6,21.1,25.8,57.9,0.0,22.3,198,Moderate,1021.4,87.8,2024,7,27,5,Saturday,9.5,1493.82
2024-07-27,Jaipur,Rajasthan,38.2,27.6,32.9,34.5,0.0,23.4,117,Moderate,1000.6,94.3,2024,7,27,5,Saturday,10.600000000000001,1135.05
2024-07-27,Lucknow,Uttar Pradesh,31.3,20.0,25.6,79.5,0.0,23.2,164,Moderate,996.9,89.0,2024,7,27,5,Saturday,11.3,2035.2
2024-07-27,Bhopal,Madhya Pradesh,41.7,29.9,35.8,41.4,0.0,20.7,196,Moderate,993.7,26.1,2024,7,27,5,Saturday,11.800000000000004,1482.12
2024-07-28,Mumbai,Maharashtra,41.6,35.1,38.4,65.6,70.2,20.0,74,Satisfactory,1012.8,46.2,2024,7,28,6,Sunday,6.5,2519.0399999999995
2024-07-28,Delhi,Delhi,39.2,24.3,31.7,77.9,0.3,17.9,109,Moderate,1015.2,58.0,2024,7,28,6,Sunday,14.900000000000002,2469.4300000000003
2024-07-28,Bengaluru,Karnataka,43.8,31.9,37.9,45.4,74.5,11.3,128,Moderate,991.3,9.6,2024,7,28,6,Sunday,11.899999999999999,1720.6599999999999
2024-07-28,Chennai,Tamil Nadu,37.6,26.7,32.2,71.2,0.0,10.3,238,Poor,995.4,12.2,2024,7,28,6,Sunday,10.900000000000002,2292.6400000000003
2024-07-28,Kolkata,West Bengal,41.3,28.8,35.0,83.1,0.0,24.8,129,Moderate,996.4,25.4,2024,7,28,6,Sunday,12.499999999999996,2908.5
2024-07-28,Hyderabad,Telangana,44.5,29.6,37.1,81.7,46.4,18.0,143,Moderate,1023.1,35.1,2024,7,28,6,Sunday,14.899999999999999,3031.07
2024-07-28,Ahmedabad,Gujarat,42.1,35.6,38.8,91.5,0.0,18.5,196,Moderate,1006.9,64.5,2024,7,28,6,Sunday,6.5,3550.2
2024-07-28,Jaipur,Rajasthan,44.3,32.4,38.4,46.3,0.0,4.3,120,Moderate,1021.5,32.2,2024,7,28,6,Sunday,11.899999999999999,1777.9199999999998
2024-07-28,Lucknow,Uttar Pradesh,43.4,30.3,36.9,39.2,0.0,21.0,192,Moderate,1009.2,68.6,2024,7,28,6,Sunday,13.099999999999998,1446.48
2024-07-28,Bhopal,Madhya Pradesh,39.0,33.6,36.3,79.6,0.0,20.9,172,Moderate,1001.0,48.1,2024,7,28,6,Sunday,5.399999999999999,2889.4799999999996
2024-07-29,Mumbai,Maharashtra,40.5,30.6,35.5,81.3,0.0,23.8,88,Satisfactory,992.6,9.1,2024,7,29,0,Monday,9.899999999999999,2886.15
2024-07-29,Delhi,Delhi,37.8,28.8,33.3,83.7,0.0,16.4,332,Very Poor,1014.0,16.8,2024,7,29,0,Monday,8.999999999999996,2787.21
2024-07-29,Bengaluru,Karnataka,31.8,19.7,25.8,64.1,2.3,11.1,253,Poor,1010.6,29.5,2024,7,29,0,Monday,12.100000000000001,1653.78
2024-07-29,Chennai,Tamil Nadu,31.2,17.7,24.5,44.1,0.0,13.7,114,Moderate,997.1,77.5,2024,7,29,0,Monday,13.5,1080.45
2024-07-29,Kolkata,West Bengal,39.1,28.4,33.7,94.1,10.0,10.9,47,Good,1016.4,95.9,2024,7,29,0,Monday,10.700000000000003,3171.17
2024-07-29,Hyderabad,Telangana,35.8,28.6,32.2,66.3,0.0,24.1,139,Moderate,1009.3,85.4,2024,7,29,0,Monday,7.199999999999996,2134.86
2024-07-29,Ahmedabad,Gujarat,33.8,24.1,28.9,48.1,0.0,16.6,229,Poor,1002.3,35.0,2024,7,29,0,Monday,9.699999999999996,1390.09
2024-07-29,Jaipur,Rajasthan,27.7,20.1,23.9,32.7,0.0,7.6,175,Moderate,1012.9,10.8,2024,7,29,0,Monday,7.599999999999998,781.53
2024-07-29,Lucknow,Uttar Pradesh,43.3,30.3,36.8,49.9,0.0,24.9,246,Poor,1020.5,49.3,2024,7,29,0,Monday,12.999999999999996,1836.3199999999997
2024-07-29,Bhopal,Madhya Pradesh,38.4,31.5,35.0,43.0,0.0,20.0,237,Poor,992.0,50.4,2024,7,29,0,Monday,6.899999999999999,1505.0
2024-07-30,Mumbai,Maharashtra,38.7,33.2,35.9,57.2,0.0,17.3,205,Poor,1008.3,20.4,2024,7,30,1,Tuesday,5.5,2053.48
2024-07-30,Delhi,Delhi,43.3,38.1,40.7,71.8,0.0,11.7,233,Poor,1018.1,31.8,2024,7,30,1,Tuesday,5.199999999999996,2922.26
2024-07-30,Bengaluru,Karnataka,33.2,25.9,29.6,63.4,8.0,9.8,268,Poor,1017.8,25.2,2024,7,30,1,Tuesday,7.300000000000004,1876.64
2024-07-30,Chennai,Tamil Nadu,44.0,38.8,41.4,58.6,0.0,24.4,46,Good,1011.5,20.6,2024,7,30,1,Tuesday,5.200000000000003,2426.04
2024-07-30,Kolkata,West Bengal,40.7,34.9,37.8,39.2,5.8,11.1,124,Moderate,1017.1,97.6,2024,7,30,1,Tuesday,5.800000000000004,1481.76
2024-07-30,Hyderabad,Telangana,39.1,24.8,31.9,74.6,0.0,14.9,50,Good,1014.5,99.7,2024,7,30,1,Tuesday,14.3,2379.74
2024-07-30,Ahmedabad,Gujarat,26.3,20.5,23.4,78.3,0.0,12.5,221,Poor,997.5,87.3,2024,7,30,1,Tuesday,5.800000000000001,1832.2199999999998
2024-07-30,Jaipur,Rajasthan,43.9,33.1,38.5,38.1,1.8,3.1,135,Moderate,1014.6,44.2,2024,7,30,1,Tuesday,10.799999999999997,1466.8500000000001
2024-07-30,Lucknow,Uttar Pradesh,28.1,14.7,21.4,34.1,0.0,13.7,329,Very Poor,990.4,33.6,2024,7,30,1,Tuesday,13.400000000000002,729.74
2024-07-30,Bhopal,Madhya Pradesh,31.2,22.6,26.9,60.8,0.0,22.1,66,Satisfactory,1016.5,73.7,2024,7,30,1,Tuesday,8.599999999999998,1635.5199999999998
2024-07-31,Mumbai,Maharashtra,25.4,14.5,20.0,86.1,0.0,18.1,48,Good,1015.3,21.4,2024,7,31,2,Wednesday,10.899999999999999,1722.0
2024-07-31,Delhi,Delhi,33.2,22.3,27.8,75.9,0.0,17.7,310,Very Poor,1024.4,91.0,2024,7,31,2,Wednesday,10.900000000000002,2110.0200000000004
2024-07-31,Bengaluru,Karnataka,31.0,18.5,24.8,85.3,27.5,12.4,240,Poor,994.5,15.4,2024,7,31,2,Wednesday,12.5,2115.44
2024-07-31,Chennai,Tamil Nadu,33.8,27.8,30.8,78.1,0.0,17.9,163,Moderate,990.4,34.0,2024,7,31,2,Wednesday,5.9999999999999964,2405.48
2024-07-31,Kolkata,West Bengal,41.7,32.8,37.3,30.7,44.9,23.6,90,Satisfactory,996.3,22.6,2024,7,31,2,Wednesday,8.900000000000006,1145.11
2024-07-31,Hyderabad,Telangana,40.8,35.7,38.2,38.3,0.0,10.3,343,Very Poor,999.6,53.6,2024,7,31,2,Wednesday,5.099999999999994,1463.06
2024-07-31,Ahmedabad,Gujarat,27.5,18.8,23.1,90.6,8.8,4.0,206,Poor,1014.9,97.4,2024,7,31,2,Wednesday,8.7,2092.86
2024-07-31,Jaipur,Rajasthan,35.0,28.1,31.5,71.2,0.0,14.6,104,Moderate,1010.8,24.7,2024,7,31,2,Wednesday,6.899999999999999,2242.8
2024-07-31,Lucknow,Uttar Pradesh,30.5,18.4,24.5,69.4,30.7,19.1,119,Moderate,1003.8,14.0,2024,7,31,2,Wednesday,12.100000000000001,1700.3000000000002
2024-07-31,Bhopal,Madhya Pradesh,44.1,36.0,40.1,51.4,0.0,9.6,167,Moderate,1004.5,46.2,2024,7,31,2,Wednesday,8.100000000000001,2061.14
2024-08-01,Mumbai,Maharashtra,35.1,21.9,28.5,83.3,8.0,4.8,294,Poor,994.4,95.0,2024,8,1,3,Thursday,13.200000000000003,2374.0499999999997
2024-08-01,Delhi,Delhi,36.0,22.3,29.2,94.3,6.1,7.3,146,Moderate,995.8,77.2,2024,8,1,3,Thursday,13.7,2753.56
2024-08-01,Bengaluru,Karnataka,27.7,19.6,23.6,53.3,0.0,24.3,320,Very Poor,1021.6,53.6,2024,8,1,3,Thursday,8.099999999999998,1257.88
2024-08-01,Chennai,Tamil Nadu,33.1,25.8,29.4,45.1,6.7,17.8,205,Poor,990.8,10.1,2024,8,1,3,Thursday,7.300000000000001,1325.94
2024-08-01,Kolkata,West Bengal,28.8,17.5,23.2,65.9,5.9,21.1,212,Poor,1024.9,84.7,2024,8,1,3,Thursday,11.3,1528.88
2024-08-01,Hyderabad,Telangana,28.9,17.1,23.0,90.9,0.0,18.9,311,Very Poor,1004.2,11.0,2024,8,1,3,Thursday,11.799999999999997,2090.7000000000003
2024-08-01,Ahmedabad,Gujarat,36.2,27.8,32.0,52.4,0.0,14.6,131,Moderate,1017.1,69.1,2024,8,1,3,Thursday,8.400000000000002,1676.8
2024-08-01,Jaipur,Rajasthan,35.6,22.2,28.9,34.4,0.9,6.9,326,Very Poor,1016.1,66.4,2024,8,1,3,Thursday,13.400000000000002,994.1599999999999
2024-08-01,Lucknow,Uttar Pradesh,28.4,15.9,22.1,35.4,0.0,21.4,107,Moderate,990.2,54.4,2024,8,1,3,Thursday,12.499999999999998,782.34
2024-08-01,Bhopal,Madhya Pradesh,39.9,34.4,37.2,84.1,0.0,16.5,264,Poor,990.5,85.6,2024,8,1,3,Thursday,5.5,3128.52
2024-08-02,Mumbai,Maharashtra,35.6,23.3,29.5,36.1,30.4,21.7,147,Moderate,1015.7,93.7,2024,8,2,4,Friday,12.3,1064.95
2024-08-02,Delhi,Delhi,43.0,34.8,38.9,77.6,0.0,2.4,208,Poor,1024.9,16.6,2024,8,2,4,Friday,8.200000000000003,3018.64
2024-08-02,Bengaluru,Karnataka,40.8,33.8,37.3,61.5,6.1,8.9,167,Moderate,997.4,58.0,2024,8,2,4,Friday,7.0,2293.95
2024-08-02,Chennai,Tamil Nadu,43.4,29.6,36.5,61.4,0.0,14.5,98,Satisfactory,1018.2,34.5,2024,8,2,4,Friday,13.799999999999997,2241.1
2024-08-02,Kolkata,West Bengal,34.5,28.8,31.7,75.6,0.0,22.8,156,Moderate,993.2,87.6,2024,8,2,4,Friday,5.699999999999999,2396.52
2024-08-02,Hyderabad,Telangana,42.6,30.3,36.5,36.8,0.0,5.1,271,Poor,1012.2,67.9,2024,8,2,4,Friday,12.3,1343.1999999999998
2024-08-02,Ahmedabad,Gujarat,39.4,27.8,33.6,79.8,28.3,2.4,172,Moderate,1002.8,74.2,2024,8,2,4,Friday,11.599999999999998,2681.28
2024-08-02,Jaipur,Rajasthan,25.5,19.8,22.7,72.2,0.0,9.3,124,Moderate,999.0,7.0,2024,8,2,4,Friday,5.699999999999999,1638.94
2024-08-02,Lucknow,Uttar Pradesh,34.0,27.0,30.5,35.7,72.6,16.2,74,Satisfactory,991.8,75.4,2024,8,2,4,Friday,7.0,1088.8500000000001
2024-08-02,Bhopal,Madhya Pradesh,38.4,25.6,32.0,77.2,9.5,8.0,320,Very Poor,1022.4,22.1,2024,8,2,4,Friday,12.799999999999997,2470.4
2024-08-03,Mumbai,Maharashtra,31.3,25.0,28.1,83.7,0.0,22.3,153,Moderate,1014.2,68.3,2024,8,3,5,Saturday,6.300000000000001,2351.9700000000003
2024-08-03,Delhi,Delhi,26.2,12.9,19.5,41.1,0.0,6.6,307,Very Poor,994.9,16.7,2024,8,3,5,Saturday,13.299999999999999,801.45
2024-08-03,Bengaluru,Karnataka,25.6,10.9,18.2,42.9,0.0,15.9,287,Poor,1019.8,9.6,2024,8,3,5,Saturday,14.700000000000001,780.78
2024-08-03,Chennai,Tamil Nadu,32.9,26.3,29.6,41.4,17.7,14.5,293,Poor,991.4,49.1,2024,8,3,5,Saturday,6.599999999999998,1225.44
2024-08-03,Kolkata,West Bengal,39.5,29.6,34.6,85.9,1.3,18.3,249,Poor,1018.6,56.7,2024,8,3,5,Saturday,9.899999999999999,2972.1400000000003
2024-08-03,Hyderabad,Telangana,36.2,27.7,31.9,67.0,0.0,4.8,158,Moderate,1001.3,85.9,2024,8,3,5,Saturday,8.500000000000004,2137.2999999999997
2024-08-03,Ahmedabad,Gujarat,40.0,33.2,36.6,57.6,1.2,16.0,307,Very Poor,997.5,50.1,2024,8,3,5,Saturday,6.799999999999997,2108.1600000000003
2024-08-03,Jaipur,Rajasthan,28.5,23.3,25.9,72.4,0.6,12.8,68,Satisfactory,1005.0,59.4,2024,8,3,5,Saturday,5.199999999999999,1875.16
2024-08-03,Lucknow,Uttar Pradesh,43.6,32.3,38.0,42.0,0.0,16.5,96,Satisfactory,1012.7,60.5,2024,8,3,5,Saturday,11.300000000000004,1596.0
2024-08-03,Bhopal,Madhya Pradesh,37.1,31.5,34.3,69.6,55.9,21.6,279,Poor,1024.3,97.7,2024,8,3,5,Saturday,5.600000000000001,2387.2799999999997
2024-08-04,Mumbai,Maharashtra,44.1,30.5,37.3,77.3,0.8,13.3,163,Moderate,1018.5,34.7,2024,8,4,6,Sunday,13.600000000000001,2883.2899999999995
2024-08-04,Delhi,Delhi,39.0,24.9,31.9,35.7,0.0,10.2,187,Moderate,991.6,6.5,2024,8,4,6,Sunday,14.100000000000001,1138.83
2024-08-04,Bengaluru,Karnataka,26.9,20.0,23.4,85.0,0.0,21.1,322,Very Poor,1020.4,54.7,2024,8,4,6,Sunday,6.899999999999999,1988.9999999999998
2024-08-04,Chennai,Tamil Nadu,41.9,29.6,35.7,77.7,0.0,2.2,114,Moderate,995.5,88.6,2024,8,4,6,Sunday,12.299999999999997,2773.8900000000003
2024-08-04,Kolkata,West Bengal,44.4,33.4,38.9,45.4,25.3,21.5,263,Poor,990.9,95.0,2024,8,4,6,Sunday,11.0,1766.06
2024-08-04,Hyderabad,Telangana,26.6,14.9,20.8,72.1,0.0,13.3,272,Poor,990.3,97.0,2024,8,4,6,Sunday,11.700000000000001,1499.6799999999998
2024-08-04,Ahmedabad,Gujarat,28.2,19.8,24.0,40.4,7.7,23.7,151,Moderate,1013.7,25.2,2024,8,4,6,Sunday,8.399999999999999,969.5999999999999
2024-08-04,Jaipur,Rajasthan,34.5,23.5,29.0,73.5,34.6,3.9,58,Satisfactory,1006.3,78.7,2024,8,4,6,Sunday,11.0,2131.5
2024-08-04,Lucknow,Uttar Pradesh,39.1,25.9,32.5,73.0,0.0,7.4,132,Moderate,1023.7,66.9,2024,8,4,6,Sunday,13.200000000000003,2372.5
2024-08-04,Bhopal,Madhya Pradesh,43.6,31.2,37.4,48.5,24.0,13.9,306,Very Poor,1021.4,37.9,2024,8,4,6,Sunday,12.400000000000002,1813.8999999999999
2024-08-05,Mumbai,Maharashtra,26.1,11.3,18.7,89.3,3.7,22.7,308,Very Poor,1000.8,49.2,2024,8,5,0,Monday,14.8,1669.9099999999999
2024-08-05,Delhi,Delhi,40.6,31.6,36.1,85.0,0.0,8.6,201,Poor,1007.3,47.7,2024,8,5,0,Monday,9.0,3068.5
2024-08-05,Bengaluru,Karnataka,35.9,27.6,31.7,41.4,0.0,16.8,54,Satisfactory,1021.8,72.2,2024,8,5,0,Monday,8.299999999999997,1312.3799999999999
2024-08-05,Chennai,Tamil Nadu,41.8,26.9,34.3,60.7,0.0,9.6,72,Satisfactory,1013.0,26.8,2024,8,5,0,Monday,14.899999999999999,2082.0099999999998
2024-08-05,Kolkata,West Bengal,25.5,17.6,21.6,55.7,30.5,8.7,120,Moderate,1005.4,14.8,2024,8,5,0,Monday,7.899999999999999,1203.1200000000001
2024-08-05,Hyderabad,Telangana,26.0,15.4,20.7,78.8,0.0,21.3,153,Moderate,1017.3,11.0,2024,8,5,0,Monday,10.6,1631.1599999999999
2024-08-05,Ahmedabad,Gujarat,44.1,35.2,39.6,64.2,51.7,24.9,193,Moderate,1017.1,43.4,2024,8,5,0,Monday,8.899999999999999,2542.32
2024-08-05,Jaipur,Rajasthan,32.1,17.3,24.7,76.0,0.0,24.6,46,Good,1008.3,22.3,2024,8,5,0,Monday,14.8,1877.2
2024-08-05,Lucknow,Uttar Pradesh,32.1,17.9,25.0,94.8,0.0,15.6,169,Moderate,1008.9,72.2,2024,8,5,0,Monday,14.200000000000003,2370.0
2024-08-05,Bhopal,Madhya Pradesh,38.4,32.2,35.3,47.3,0.0,2.7,168,Moderate,1022.4,71.7,2024,8,5,0,Monday,6.199999999999996,1669.6899999999998
2024-08-06,Mumbai,Maharashtra,37.0,27.7,32.3,60.2,0.0,2.1,108,Moderate,1001.0,19.0,2024,8,6,1,Tuesday,9.3,1944.4599999999998
2024-08-06,Delhi,Delhi,25.2,18.0,21.6,51.6,0.0,4.2,332,Very Poor,1010.8,99.9,2024,8,6,1,Tuesday,7.199999999999999,1114.5600000000002
2024-08-06,Bengaluru,Karnataka,25.1,12.1,18.6,53.0,0.0,14.0,116,Moderate,1013.1,76.2,2024,8,6,1,Tuesday,13.000000000000002,985.8000000000001
2024-08-06,Chennai,Tamil Nadu,31.4,23.4,27.4,53.6,64.5,17.9,191,Moderate,1004.2,42.0,2024,8,6,1,Tuesday,8.0,1468.6399999999999
2024-08-06,Kolkata,West Bengal,33.3,20.1,26.7,60.2,64.2,11.7,204,Poor,1013.4,10.6,2024,8,6,1,Tuesday,13.199999999999996,1607.3400000000001
2024-08-06,Hyderabad,Telangana,25.9,20.6,23.3,69.8,62.0,5.2,74,Satisfactory,1015.4,53.9,2024,8,6,1,Tuesday,5.299999999999997,1626.34
2024-08-06,Ahmedabad,Gujarat,38.0,26.9,32.5,63.5,46.5,13.7,96,Satisfactory,994.1,49.7,2024,8,6,1,Tuesday,11.100000000000001,2063.75
2024-08-06,Jaipur,Rajasthan,36.9,25.0,31.0,60.4,0.0,17.7,86,Satisfactory,1017.7,96.4,2024,8,6,1,Tuesday,11.899999999999999,1872.3999999999999
2024-08-06,Lucknow,Uttar Pradesh,35.6,25.0,30.3,90.0,0.0,17.1,95,Satisfactory,1014.5,87.0,2024,8,6,1,Tuesday,10.600000000000001,2727.0
2024-08-06,Bhopal,Madhya Pradesh,44.0,38.4,41.2,93.9,8.6,3.7,67,Satisfactory,991.5,14.7,2024,8,6,1,Tuesday,5.600000000000001,3868.6800000000003
2024-08-07,Mumbai,Maharashtra,35.9,28.8,32.4,85.9,4.5,9.4,286,Poor,998.5,37.5,2024,8,7,2,Wednesday,7.099999999999998,2783.16
2024-08-07,Delhi,Delhi,36.7,29.2,33.0,83.2,0.0,18.8,177,Moderate,1022.5,76.3,2024,8,7,2,Wednesday,7.5000000000000036,2745.6
2024-08-07,Bengaluru,Karnataka,28.0,15.0,21.5,59.9,0.0,3.1,127,Moderate,1021.6,50.9,2024,8,7,2,Wednesday,13.0,1287.85
2024-08-07,Chennai,Tamil Nadu,39.3,25.5,32.4,30.0,0.0,13.3,302,Very Poor,993.1,75.9,2024,8,7,2,Wednesday,13.799999999999997,972.0
2024-08-07,Kolkata,West Bengal,27.2,14.0,20.6,80.2,0.0,23.4,246,Poor,1009.3,63.9,2024,8,7,2,Wednesday,13.2,1652.1200000000001
2024-08-07,Hyderabad,Telangana,36.2,22.7,29.4,69.6,0.0,23.0,345,Very Poor,1013.9,71.4,2024,8,7,2,Wednesday,13.500000000000004,2046.2399999999998
2024-08-07,Ahmedabad,Gujarat,26.5,17.2,21.9,45.5,66.5,12.5,251,Poor,1017.5,92.1,2024,8,7,2,Wednesday,9.3,996.4499999999999
2024-08-07,Jaipur,Rajasthan,29.9,18.8,24.3,93.0,55.0,6.6,81,Satisfactory,998.6,95.5,2024,8,7,2,Wednesday,11.099999999999998,2259.9
2024-08-07,Lucknow,Uttar Pradesh,28.8,19.6,24.2,68.3,30.4,23.0,257,Poor,1003.7,46.3,2024,8,7,2,Wednesday,9.2,1652.86
2024-08-07,Bhopal,Madhya Pradesh,38.3,29.4,33.8,56.9,0.0,17.8,156,Moderate,1016.0,79.0,2024,8,7,2,Wednesday,8.899999999999999,1923.2199999999998
2024-08-08,Mumbai,Maharashtra,40.3,35.2,37.8,61.0,0.0,16.8,287,Poor,1021.7,58.8,2024,8,8,3,Thursday,5.099999999999994,2305.7999999999997
2024-08-08,Delhi,Delhi,44.6,32.6,38.6,67.3,0.0,20.3,124,Moderate,1005.3,96.2,2024,8,8,3,Thursday,12.0,2597.78
2024-08-08,Bengaluru,Karnataka,39.9,30.7,35.3,61.6,0.0,14.0,340,Very Poor,1008.5,80.7,2024,8,8,3,Thursday,9.2,2174.48
2024-08-08,Chennai,Tamil Nadu,26.1,15.2,20.6,74.3,9.9,14.0,221,Poor,995.7,41.5,2024,8,8,3,Thursday,10.900000000000002,1530.5800000000002
2024-08-08,Kolkata,West Bengal,39.5,28.2,33.8,76.4,0.0,5.7,63,Satisfactory,995.7,89.6,2024,8,8,3,Thursday,11.3,2582.32
2024-08-08,Hyderabad,Telangana,41.0,33.7,37.4,60.4,0.0,8.5,221,Poor,1022.2,45.6,2024,8,8,3,Thursday,7.299999999999997,2258.96
2024-08-08,Ahmedabad,Gujarat,34.2,25.4,29.8,44.5,0.0,20.1,89,Satisfactory,1019.9,92.5,2024,8,8,3,Thursday,8.800000000000004,1326.1000000000001
2024-08-08,Jaipur,Rajasthan,31.1,17.5,24.3,42.9,0.0,11.5,144,Moderate,1005.6,85.6,2024,8,8,3,Thursday,13.600000000000001,1042.47
2024-08-08,Lucknow,Uttar Pradesh,42.8,31.7,37.3,64.3,3.3,12.3,198,Moderate,1021.9,51.7,2024,8,8,3,Thursday,11.099999999999998,2398.39
2024-08-08,Bhopal,Madhya Pradesh,33.3,20.4,26.9,57.6,0.0,15.6,137,Moderate,1011.4,73.3,2024,8,8,3,Thursday,12.899999999999999,1549.44
2024-08-09,Mumbai,Maharashtra,25.7,12.6,19.1,38.4,0.0,3.4,93,Satisfactory,1008.3,67.0,2024,8,9,4,Friday,13.1,733.44
2024-08-09,Delhi,Delhi,32.4,18.1,25.3,58.8,74.9,22.7,291,Poor,1001.1,96.4,2024,8,9,4,Friday,14.299999999999997,1487.6399999999999
2024-08-09,Bengaluru,Karnataka,41.7,36.6,39.2,92.0,0.0,7.3,163,Moderate,1023.7,52.6,2024,8,9,4,Friday,5.100000000000001,3606.4
2024-08-09,Chennai,Tamil Nadu,41.8,35.9,38.9,57.1,0.0,6.8,325,Very Poor,996.1,65.8,2024,8,9,4,Friday,5.899999999999999,2221.19
2024-08-09,Kolkata,West Bengal,35.2,27.2,31.2,40.3,0.0,8.7,181,Moderate,1011.1,78.7,2024,8,9,4,Friday,8.000000000000004,1257.36
2024-08-09,Hyderabad,Telangana,37.6,25.4,31.5,92.4,0.0,18.6,256,Poor,1010.0,51.2,2024,8,9,4,Friday,12.200000000000003,2910.6000000000004
2024-08-09,Ahmedabad,Gujarat,32.9,26.7,29.8,61.8,24.1,7.2,206,Poor,1004.3,19.7,2024,8,9,4,Friday,6.199999999999999,1841.6399999999999
2024-08-09,Jaipur,Rajasthan,31.2,21.3,26.2,44.6,0.6,9.8,92,Satisfactory,991.7,87.2,2024,8,9,4,Friday,9.899999999999999,1168.52
2024-08-09,Lucknow,Uttar Pradesh,43.6,33.8,38.7,52.1,0.0,11.4,254,Poor,1005.2,92.6,2024,8,9,4,Friday,9.800000000000004,2016.2700000000002
2024-08-09,Bhopal,Madhya Pradesh,30.0,23.1,26.5,45.0,2.7,4.7,130,Moderate,1003.6,64.4,2024,8,9,4,Friday,6.899999999999999,1192.5
2024-08-10,Mumbai,Maharashtra,26.3,20.5,23.4,38.2,0.0,11.0,202,Poor,999.8,59.9,2024,8,10,5,Saturday,5.800000000000001,893.88
2024-08-10,Delhi,Delhi,34.6,26.5,30.5,39.0,71.6,3.3,333,Very Poor,1015.9,74.0,2024,8,10,5,Saturday,8.100000000000001,1189.5
2024-08-10,Bengaluru,Karnataka,30.1,17.6,23.8,33.6,6.3,21.9,76,Satisfactory,1002.8,54.9,2024,8,10,5,Saturday,12.5,799.6800000000001
2024-08-10,Chennai,Tamil Nadu,33.3,24.7,29.0,41.9,9.0,22.5,94,Satisfactory,1021.9,80.4,2024,8,10,5,Saturday,8.599999999999998,1215.1
2024-08-10,Kolkata,West Bengal,41.3,33.6,37.5,90.0,0.0,15.4,48,Good,1018.7,86.9,2024,8,10,5,Saturday,7.699999999999996,3375.0
2024-08-10,Hyderabad,Telangana,43.8,38.3,41.1,69.9,0.0,20.1,276,Poor,1003.5,15.2,2024,8,10,5,Saturday,5.5,2872.8900000000003
2024-08-10,Ahmedabad,Gujarat,42.0,31.1,36.5,40.5,0.0,17.0,78,Satisfactory,1018.5,46.3,2024,8,10,5,Saturday,10.899999999999999,1478.25
2024-08-10,Jaipur,Rajasthan,43.8,33.3,38.6,70.0,0.0,8.8,166,Moderate,1024.9,69.7,2024,8,10,5,Saturday,10.5,2702.0
2024-08-10,Lucknow,Uttar Pradesh,36.2,27.0,31.6,87.7,4.9,21.0,160,Moderate,1015.3,86.2,2024,8,10,5,Saturday,9.200000000000003,2771.32
2024-08-10,Bhopal,Madhya Pradesh,27.3,13.9,20.6,62.4,0.0,19.3,302,Very Poor,1014.9,24.4,2024,8,10,5,Saturday,13.4,1285.44
2024-08-11,Mumbai,Maharashtra,30.6,17.7,24.2,61.8,0.0,21.4,240,Poor,991.2,97.6,2024,8,11,6,Sunday,12.900000000000002,1495.56
2024-08-11,Delhi,Delhi,33.6,22.4,28.0,38.0,0.0,18.6,103,Moderate,1005.2,67.0,2024,8,11,6,Sunday,11.200000000000003,1064.0
2024-08-11,Bengaluru,Karnataka,34.4,19.6,27.0,42.7,0.0,16.1,319,Very Poor,1007.6,6.6,2024,8,11,6,Sunday,14.799999999999997,1152.9
2024-08-11,Chennai,Tamil Nadu,41.5,34.8,38.2,56.9,78.6,22.7,312,Very Poor,995.5,91.9,2024,8,11,6,Sunday,6.700000000000003,2173.58
2024-08-11,Kolkata,West Bengal,32.5,23.6,28.1,59.9,0.0,5.2,277,Poor,1005.4,31.8,2024,8,11,6,Sunday,8.899999999999999,1683.19
2024-08-11,Hyderabad,Telangana,27.1,13.0,20.0,88.2,0.0,12.1,143,Moderate,994.6,98.8,2024,8,11,6,Sunday,14.100000000000001,1764.0
2024-08-11,Ahmedabad,Gujarat,36.7,23.9,30.3,89.8,0.0,15.9,208,Poor,993.3,89.0,2024,8,11,6,Sunday,12.800000000000004,2720.94
2024-08-11,Jaipur,Rajasthan,25.8,11.6,18.7,61.8,8.7,3.4,318,Very Poor,998.6,88.2,2024,8,11,6,Sunday,14.200000000000001,1155.6599999999999
2024-08-11,Lucknow,Uttar Pradesh,34.2,24.8,29.5,41.4,0.0,17.2,43,Good,998.5,94.2,2024,8,11,6,Sunday,9.400000000000002,1221.3
2024-08-11,Bhopal,Madhya Pradesh,25.1,15.1,20.1,61.7,0.0,22.5,233,Poor,990.3,97.7,2024,8,11,6,Sunday,10.000000000000002,1240.17
2024-08-12,Mumbai,Maharashtra,28.0,22.6,25.3,65.0,0.0,17.0,203,Poor,1009.4,12.4,2024,8,12,0,Monday,5.399999999999999,1644.5
2024-08-12,Delhi,Delhi,40.8,35.0,37.9,87.8,0.0,24.9,199,Moderate,1012.5,58.9,2024,8,12,0,Monday,5.799999999999997,3327.62
2024-08-12,Bengaluru,Karnataka,25.5,11.1,18.3,71.9,0.0,16.0,135,Moderate,1011.5,52.5,2024,8,12,0,Monday,14.4,1315.7700000000002
2024-08-12,Chennai,Tamil Nadu,35.6,25.5,30.6,31.3,13.7,18.7,312,Very Poor,1024.9,33.7,2024,8,12,0,Monday,10.100000000000001,957.7800000000001
2024-08-12,Kolkata,West Bengal,37.1,27.5,32.3,44.5,0.0,6.0,272,Poor,1014.4,97.8,2024,8,12,0,Monday,9.600000000000001,1437.35
2024-08-12,Hyderabad,Telangana,30.7,21.5,26.1,55.0,0.0,8.3,340,Very Poor,1022.8,67.1,2024,8,12,0,Monday,9.2,1435.5
2024-08-12,Ahmedabad,Gujarat,36.6,23.4,30.0,82.9,0.0,19.7,240,Poor,1023.8,37.2,2024,8,12,0,Monday,13.200000000000003,2487.0
2024-08-12,Jaipur,Rajasthan,36.2,23.6,29.9,86.3,0.0,7.3,98,Satisfactory,1005.1,69.4,2024,8,12,0,Monday,12.600000000000001,2580.37
2024-08-12,Lucknow,Uttar Pradesh,38.6,29.7,34.1,81.7,0.5,23.6,320,Very Poor,1015.0,80.6,2024,8,12,0,Monday,8.900000000000002,2785.9700000000003
2024-08-12,Bhopal,Madhya Pradesh,38.5,30.6,34.6,86.5,7.5,22.0,140,Moderate,1024.1,95.5,2024,8,12,0,Monday,7.899999999999999,2992.9
2024-08-13,Mumbai,Maharashtra,33.4,27.3,30.4,46.1,8.8,17.3,134,Moderate,1017.4,22.4,2024,8,13,1,Tuesday,6.099999999999998,1401.44
2024-08-13,Delhi,Delhi,34.0,25.3,29.6,93.9,43.6,10.0,279,Poor,1017.5,26.2,2024,8,13,1,Tuesday,8.7,2779.4400000000005
2024-08-13,Bengaluru,Karnataka,34.1,28.1,31.1,47.8,0.0,17.2,275,Poor,1015.1,67.1,2024,8,13,1,Tuesday,6.0,1486.58
2024-08-13,Chennai,Tamil Nadu,28.6,17.7,23.1,91.2,6.1,9.7,43,Good,1014.5,92.0,2024,8,13,1,Tuesday,10.900000000000002,2106.7200000000003
2024-08-13,Kolkata,West Bengal,42.4,35.2,38.8,59.6,67.7,23.6,161,Moderate,1005.7,67.4,2024,8,13,1,Tuesday,7.199999999999996,2312.48
2024-08-13,Hyderabad,Telangana,32.0,22.7,27.4,78.3,5.1,2.5,181,Moderate,1012.1,46.5,2024,8,13,1,Tuesday,9.3,2145.4199999999996
2024-08-13,Ahmedabad,Gujarat,41.4,30.9,36.1,87.6,7.2,2.9,175,Moderate,990.9,12.9,2024,8,13,1,Tuesday,10.5,3162.36
2024-08-13,Jaipur,Rajasthan,29.7,14.9,22.3,65.2,0.0,9.7,200,Moderate,1014.5,50.0,2024,8,13,1,Tuesday,14.799999999999999,1453.96
2024-08-13,Lucknow,Uttar Pradesh,36.8,24.2,30.5,35.9,7.8,9.5,343,Very Poor,1004.3,27.0,2024,8,13,1,Tuesday,12.599999999999998,1094.95
2024-08-13,Bhopal,Madhya Pradesh,34.9,20.0,27.5,61.8,0.0,22.8,229,Poor,1018.6,74.0,2024,8,13,1,Tuesday,14.899999999999999,1699.5
2024-08-14,Mumbai,Maharashtra,36.6,21.6,29.1,48.1,50.7,21.0,103,Moderate,1024.9,60.9,2024,8,14,2,Wednesday,15.0,1399.71
2024-08-14,Delhi,Delhi,35.1,23.0,29.0,80.3,0.0,22.1,122,Moderate,995.4,68.3,2024,8,14,2,Wednesday,12.100000000000001,2328.7
2024-08-14,Bengaluru,Karnataka,32.1,17.7,24.9,45.6,0.0,16.8,58,Satisfactory,1001.5,70.6,2024,8,14,2,Wednesday,14.400000000000002,1135.44
2024-08-14,Chennai,Tamil Nadu,42.1,29.0,35.6,94.1,0.0,19.2,76,Satisfactory,994.7,34.8,2024,8,14,2,Wednesday,13.100000000000001,3349.96
2024-08-14,Kolkata,West Bengal,34.1,23.6,28.8,43.7,0.0,24.4,174,Moderate,997.8,68.1,2024,8,14,2,Wednesday,10.5,1258.5600000000002
2024-08-14,Hyderabad,Telangana,26.2,16.5,21.3,63.6,0.0,6.8,181,Moderate,1000.9,16.1,2024,8,14,2,Wednesday,9.7,1354.68
2024-08-14,Ahmedabad,Gujarat,44.7,34.5,39.6,78.2,0.0,19.3,147,Moderate,1020.8,21.3,2024,8,14,2,Wednesday,10.200000000000003,3096.7200000000003
2024-08-14,Jaipur,Rajasthan,44.4,31.6,38.0,48.4,0.0,10.2,281,Poor,999.8,69.1,2024,8,14,2,Wednesday,12.799999999999997,1839.2
2024-08-14,Lucknow,Uttar Pradesh,42.5,35.9,39.2,83.5,39.9,12.5,186,Moderate,996.9,20.2,2024,8,14,2,Wednesday,6.600000000000001,3273.2000000000003
2024-08-14,Bhopal,Madhya Pradesh,40.3,25.3,32.8,81.2,62.3,3.8,325,Very Poor,1022.5,42.7,2024,8,14,2,Wednesday,14.999999999999996,2663.3599999999997
2024-08-15,Mumbai,Maharashtra,26.5,14.4,20.4,77.8,0.0,14.8,117,Moderate,1002.8,23.6,2024,8,15,3,Thursday,12.1,1587.12
2024-08-15,Delhi,Delhi,29.4,19.0,24.2,88.9,0.0,7.6,160,Moderate,998.9,14.0,2024,8,15,3,Thursday,10.399999999999999,2151.38
2024-08-15,Bengaluru,Karnataka,36.8,26.0,31.4,65.3,3.5,10.0,82,Satisfactory,993.0,33.2,2024,8,15,3,Thursday,10.799999999999997,2050.4199999999996
2024-08-15,Chennai,Tamil Nadu,34.3,27.8,31.1,60.1,0.0,14.8,309,Very Poor,995.9,5.1,2024,8,15,3,Thursday,6.4999999999999964,1869.1100000000001
2024-08-15,Kolkata,West Bengal,38.4,32.4,35.4,73.2,0.0,22.4,142,Moderate,998.6,42.8,2024,8,15,3,Thursday,6.0,2591.28
2024-08-15,Hyderabad,Telangana,40.4,26.3,33.3,85.2,8.0,19.3,236,Poor,1024.4,5.7,2024,8,15,3,Thursday,14.099999999999998,2837.16
2024-08-15,Ahmedabad,Gujarat,39.8,25.6,32.7,87.4,0.0,2.2,174,Moderate,990.4,56.7,2024,8,15,3,Thursday,14.199999999999996,2857.9800000000005
2024-08-15,Jaipur,Rajasthan,34.0,25.0,29.5,89.7,69.9,13.5,259,Poor,1005.6,77.3,2024,8,15,3,Thursday,9.0,2646.15
2024-08-15,Lucknow,Uttar Pradesh,31.6,25.5,28.6,47.2,0.0,16.7,327,Very Poor,1023.4,70.1,2024,8,15,3,Thursday,6.100000000000001,1349.92
2024-08-15,Bhopal,Madhya Pradesh,40.7,28.4,34.5,56.9,69.2,12.4,128,Moderate,990.3,80.3,2024,8,15,3,Thursday,12.300000000000004,1963.05
2024-08-16,Mumbai,Maharashtra,25.2,12.1,18.7,63.6,0.0,13.6,286,Poor,1000.2,34.0,2024,8,16,4,Friday,13.1,1189.32
2024-08-16,Delhi,Delhi,34.0,27.3,30.7,36.1,4.8,12.8,321,Very Poor,995.0,53.2,2024,8,16,4,Friday,6.699999999999999,1108.27
2024-08-16,Bengaluru,Karnataka,28.2,16.3,22.2,68.6,20.5,16.3,269,Poor,1019.6,28.4,2024,8,16,4,Friday,11.899999999999999,1522.9199999999998
2024-08-16,Chennai,Tamil Nadu,40.6,31.6,36.1,55.0,6.6,3.0,70,Satisfactory,996.7,68.1,2024,8,16,4,Friday,9.0,1985.5
2024-08-16,Kolkata,West Bengal,44.4,30.8,37.6,70.7,0.0,21.5,213,Poor,996.8,44.3,2024,8,16,4,Friday,13.599999999999998,2658.32
2024-08-16,Hyderabad,Telangana,39.3,34.0,36.6,48.9,6.1,17.0,235,Poor,998.2,18.9,2024,8,16,4,Friday,5.299999999999997,1789.74
2024-08-16,Ahmedabad,Gujarat,34.0,27.3,30.7,51.2,0.0,19.6,79,Satisfactory,1010.1,83.5,2024,8,16,4,Friday,6.699999999999999,1571.8400000000001
2024-08-16,Jaipur,Rajasthan,33.7,22.6,28.2,73.9,7.0,4.2,347,Very Poor,1014.3,73.9,2024,8,16,4,Friday,11.100000000000001,2083.98
2024-08-16,Lucknow,Uttar Pradesh,38.9,27.0,32.9,63.5,8.7,16.1,259,Poor,992.8,74.0,2024,8,16,4,Friday,11.899999999999999,2089.15
2024-08-16,Bhopal,Madhya Pradesh,40.5,34.3,37.4,72.5,0.0,17.7,236,Poor,1000.3,5.9,2024,8,16,4,Friday,6.200000000000003,2711.5
2024-08-17,Mumbai,Maharashtra,27.3,15.7,21.5,90.2,9.7,10.1,62,Satisfactory,1021.5,79.8,2024,8,17,5,Saturday,11.600000000000001,1939.3
2024-08-17,Delhi,Delhi,33.1,24.8,29.0,81.0,4.2,24.4,264,Poor,1022.8,45.6,2024,8,17,5,Saturday,8.3,2349.0
2024-08-17,Bengaluru,Karnataka,41.6,27.6,34.6,34.4,0.0,5.9,194,Moderate,1007.4,68.0,2024,8,17,5,Saturday,14.0,1190.24
2024-08-17,Chennai,Tamil Nadu,38.3,32.7,35.5,86.9,53.3,5.0,166,Moderate,1017.9,16.3,2024,8,17,5,Saturday,5.599999999999994,3084.9500000000003
2024-08-17,Kolkata,West Bengal,31.5,20.6,26.0,49.6,35.7,16.6,302,Very Poor,997.5,36.9,2024,8,17,5,Saturday,10.899999999999999,1289.6000000000001
2024-08-17,Hyderabad,Telangana,32.7,22.4,27.6,72.2,0.0,6.9,134,Moderate,999.9,10.9,2024,8,17,5,Saturday,10.300000000000004,1992.7200000000003
2024-08-17,Ahmedabad,Gujarat,31.4,16.8,24.1,68.3,0.0,20.7,165,Moderate,1011.8,23.1,2024,8,17,5,Saturday,14.599999999999998,1646.03
2024-08-17,Jaipur,Rajasthan,35.8,22.3,29.1,33.9,60.2,20.6,276,Poor,999.7,72.4,2024,8,17,5,Saturday,13.499999999999996,986.49
2024-08-17,Lucknow,Uttar Pradesh,39.6,26.4,33.0,88.7,1.1,7.8,294,Poor,992.0,43.1,2024,8,17,5,Saturday,13.200000000000003,2927.1
2024-08-17,Bhopal,Madhya Pradesh,27.5,15.8,21.7,30.2,0.0,21.5,115,Moderate,1020.2,76.8,2024,8,17,5,Saturday,11.7,655.3399999999999
2024-08-18,Mumbai,Maharashtra,35.5,28.6,32.0,48.3,0.0,8.8,331,Very Poor,1022.4,45.8,2024,8,18,6,Sunday,6.899999999999999,1545.6
2024-08-18,Delhi,Delhi,44.8,34.6,39.7,48.7,0.0,20.1,241,Poor,1005.2,24.1,2024,8,18,6,Sunday,10.199999999999996,1933.3900000000003
2024-08-18,Bengaluru,Karnataka,39.7,33.4,36.5,48.0,2.3,18.4,84,Satisfactory,1013.2,5.6,2024,8,18,6,Sunday,6.300000000000004,1752.0
2024-08-18,Chennai,Tamil Nadu,29.5,21.7,25.6,39.5,4.2,20.1,315,Very Poor,1010.1,13.5,2024,8,18,6,Sunday,7.800000000000001,1011.2
2024-08-18,Kolkata,West Bengal,44.3,37.3,40.8,75.8,0.0,13.0,328,Very Poor,1007.9,43.1,2024,8,18,6,Sunday,7.0,3092.64
2024-08-18,Hyderabad,Telangana,39.9,32.5,36.2,68.1,0.0,22.8,78,Satisfactory,1009.9,25.6,2024,8,18,6,Sunday,7.399999999999999,2465.22
2024-08-18,Ahmedabad,Gujarat,35.4,24.9,30.1,51.7,0.0,14.6,84,Satisfactory,992.2,88.7,2024,8,18,6,Sunday,10.5,1556.17
2024-08-18,Jaipur,Rajasthan,38.5,29.6,34.0,56.0,7.7,13.6,228,Poor,1010.8,77.3,2024,8,18,6,Sunday,8.899999999999999,1904.0
2024-08-18,Lucknow,Uttar Pradesh,37.3,24.4,30.9,91.7,0.0,10.3,199,Moderate,1004.4,84.3,2024,8,18,6,Sunday,12.899999999999999,2833.5299999999997
2024-08-18,Bhopal,Madhya Pradesh,39.6,34.4,37.0,60.2,0.0,12.0,182,Moderate,1014.7,48.2,2024,8,18,6,Sunday,5.200000000000003,2227.4
2024-08-19,Mumbai,Maharashtra,38.4,30.9,34.6,78.9,1.6,21.1,151,Moderate,1017.7,73.6,2024,8,19,0,Monday,7.5,2729.9400000000005
2024-08-19,Delhi,Delhi,27.4,20.3,23.9,86.2,0.0,14.3,239,Poor,1012.7,72.5,2024,8,19,0,Monday,7.099999999999998,2060.18
2024-08-19,Bengaluru,Karnataka,40.4,31.8,36.1,41.7,0.0,4.1,317,Very Poor,1001.3,64.7,2024,8,19,0,Monday,8.599999999999998,1505.3700000000001
2024-08-19,Chennai,Tamil Nadu,41.8,34.3,38.0,38.7,0.0,6.2,318,Very Poor,1019.4,42.5,2024,8,19,0,Monday,7.5,1470.6000000000001
2024-08-19,Kolkata,West Bengal,30.2,21.3,25.7,62.8,0.0,7.1,228,Poor,1004.1,97.7,2024,8,19,0,Monday,8.899999999999999,1613.9599999999998
2024-08-19,Hyderabad,Telangana,40.6,31.1,35.9,64.6,59.2,13.7,94,Satisfactory,1006.8,37.3,2024,8,19,0,Monday,9.5,2319.14
2024-08-19,Ahmedabad,Gujarat,43.8,35.6,39.7,82.0,65.4,16.3,234,Poor,1021.4,20.9,2024,8,19,0,Monday,8.199999999999996,3255.4
2024-08-19,Jaipur,Rajasthan,40.4,32.7,36.6,78.1,0.0,17.7,183,Moderate,1000.6,75.2,2024,8,19,0,Monday,7.699999999999996,2858.46
2024-08-19,Lucknow,Uttar Pradesh,37.0,27.8,32.4,40.5,1.9,21.5,181,Moderate,990.7,11.3,2024,8,19,0,Monday,9.2,1312.2
2024-08-19,Bhopal,Madhya Pradesh,39.8,33.2,36.5,47.7,0.0,10.1,65,Satisfactory,1015.5,63.0,2024,8,19,0,Monday,6.599999999999994,1741.0500000000002
2024-08-20,Mumbai,Maharashtra,37.8,28.0,32.9,90.7,3.0,7.1,250,Poor,1021.6,51.7,2024,8,20,1,Tuesday,9.799999999999997,2984.0299999999997
2024-08-20,Delhi,Delhi,27.9,20.3,24.1,68.1,0.0,16.7,241,Poor,1007.1,5.4,2024,8,20,1,Tuesday,7.599999999999998,1641.21
2024-08-20,Bengaluru,Karnataka,33.4,25.0,29.2,36.1,25.7,11.9,64,Satisfactory,991.5,18.2,2024,8,20,1,Tuesday,8.399999999999999,1054.1200000000001
2024-08-20,Chennai,Tamil Nadu,36.8,29.9,33.3,62.4,0.0,12.5,285,Poor,1015.2,46.2,2024,8,20,1,Tuesday,6.899999999999999,2077.9199999999996
2024-08-20,Kolkata,West Bengal,38.2,29.1,33.7,62.8,56.3,6.1,140,Moderate,1006.9,91.3,2024,8,20,1,Tuesday,9.100000000000001,2116.36
2024-08-20,Hyderabad,Telangana,44.4,38.4,41.4,88.7,15.2,7.8,244,Poor,990.8,17.9,2024,8,20,1,Tuesday,6.0,3672.18
2024-08-20,Ahmedabad,Gujarat,44.6,38.4,41.5,60.0,0.0,7.5,310,Very Poor,996.9,57.5,2024,8,20,1,Tuesday,6.200000000000003,2490.0
2024-08-20,Jaipur,Rajasthan,35.2,29.6,32.4,66.6,0.0,6.3,207,Poor,1016.1,61.2,2024,8,20,1,Tuesday,5.600000000000001,2157.8399999999997
2024-08-20,Lucknow,Uttar Pradesh,30.0,21.7,25.8,92.8,0.0,4.8,169,Moderate,1006.4,95.1,2024,8,20,1,Tuesday,8.3,2394.24
2024-08-20,Bhopal,Madhya Pradesh,42.3,34.7,38.5,67.1,0.0,16.7,126,Moderate,990.1,29.1,2024,8,20,1,Tuesday,7.599999999999994,2583.35
2024-08-21,Mumbai,Maharashtra,26.9,19.1,23.0,50.9,0.0,24.7,240,Poor,995.4,50.2,2024,8,21,2,Wednesday,7.799999999999997,1170.7
2024-08-21,Delhi,Delhi,26.1,13.9,20.0,36.5,21.2,17.7,130,Moderate,1012.9,57.8,2024,8,21,2,Wednesday,12.200000000000001,730.0
2024-08-21,Bengaluru,Karnataka,37.4,28.3,32.9,39.5,0.0,20.8,169,Moderate,1013.1,64.9,2024,8,21,2,Wednesday,9.099999999999998,1299.55
2024-08-21,Chennai,Tamil Nadu,32.9,21.0,27.0,78.1,77.8,11.5,198,Moderate,1018.7,56.6,2024,8,21,2,Wednesday,11.899999999999999,2108.7
2024-08-21,Kolkata,West Bengal,26.1,15.4,20.7,88.5,0.0,10.2,219,Poor,998.2,35.0,2024,8,21,2,Wednesday,10.700000000000001,1831.95
2024-08-21,Hyderabad,Telangana,32.3,21.7,27.0,58.5,16.7,2.3,349,Very Poor,990.1,83.5,2024,8,21,2,Wednesday,10.599999999999998,1579.5
2024-08-21,Ahmedabad,Gujarat,39.5,34.4,37.0,44.7,0.0,7.4,229,Poor,990.5,7.0,2024,8,21,2,Wednesday,5.100000000000001,1653.9
2024-08-21,Jaipur,Rajasthan,25.4,10.5,18.0,41.9,0.0,3.9,66,Satisfactory,1016.8,60.6,2024,8,21,2,Wednesday,14.899999999999999,754.1999999999999
2024-08-21,Lucknow,Uttar Pradesh,42.0,31.5,36.7,89.9,0.0,4.8,113,Moderate,1024.6,51.3,2024,8,21,2,Wednesday,10.5,3299.3300000000004
2024-08-21,Bhopal,Madhya Pradesh,40.4,32.8,36.6,77.3,0.0,11.2,91,Satisfactory,1004.5,51.7,2024,8,21,2,Wednesday,7.600000000000001,2829.18
2024-08-22,Mumbai,Maharashtra,34.0,23.9,29.0,64.6,0.0,17.3,240,Poor,1017.9,35.3,2024,8,22,3,Thursday,10.100000000000001,1873.3999999999999
2024-08-22,Delhi,Delhi,27.9,19.5,23.7,89.1,9.1,21.6,214,Poor,1023.5,51.5,2024,8,22,3,Thursday,8.399999999999999,2111.6699999999996
2024-08-22,Bengaluru,Karnataka,33.3,27.6,30.5,57.5,66.3,3.2,102,Moderate,1008.5,15.2,2024,8,22,3,Thursday,5.699999999999996,1753.75
2024-08-22,Chennai,Tamil Nadu,43.0,33.0,38.0,79.3,0.7,5.1,241,Poor,1001.4,11.1,2024,8,22,3,Thursday,10.0,3013.4
2024-08-22,Kolkata,West Bengal,44.4,31.1,37.8,93.4,0.0,13.9,96,Satisfactory,1004.2,82.7,2024,8,22,3,Thursday,13.299999999999997,3530.52
2024-08-22,Hyderabad,Telangana,26.1,11.6,18.9,30.2,0.0,18.0,278,Poor,1018.6,28.3,2024,8,22,3,Thursday,14.500000000000002,570.78
2024-08-22,Ahmedabad,Gujarat,41.1,33.6,37.3,32.7,0.0,18.7,118,Moderate,1003.3,89.0,2024,8,22,3,Thursday,7.5,1219.71
2024-08-22,Jaipur,Rajasthan,34.1,22.7,28.4,87.0,36.1,9.1,283,Poor,992.8,47.3,2024,8,22,3,Thursday,11.400000000000002,2470.7999999999997
2024-08-22,Lucknow,Uttar Pradesh,25.6,14.8,20.2,68.6,0.0,12.1,238,Poor,1002.5,75.0,2024,8,22,3,Thursday,10.8,1385.7199999999998
2024-08-22,Bhopal,Madhya Pradesh,40.2,27.0,33.6,90.0,0.0,18.4,187,Moderate,1008.7,82.6,2024,8,22,3,Thursday,13.200000000000003,3024.0
2024-08-23,Mumbai,Maharashtra,40.7,26.4,33.5,77.6,0.0,24.4,153,Moderate,1014.3,58.3,2024,8,23,4,Friday,14.300000000000004,2599.6
2024-08-23,Delhi,Delhi,25.9,17.2,21.5,62.4,0.0,15.5,319,Very Poor,998.4,60.8,2024,8,23,4,Friday,8.7,1341.6
2024-08-23,Bengaluru,Karnataka,34.5,20.9,27.7,90.3,0.0,15.5,238,Poor,1004.9,36.0,2024,8,23,4,Friday,13.600000000000001,2501.31
2024-08-23,Chennai,Tamil Nadu,25.0,10.4,17.7,45.1,0.0,7.4,238,Poor,1024.9,5.4,2024,8,23,4,Friday,14.6,798.27
2024-08-23,Kolkata,West Bengal,42.4,30.7,36.5,53.6,0.0,15.2,179,Moderate,1023.9,98.3,2024,8,23,4,Friday,11.7,1956.4
2024-08-23,Hyderabad,Telangana,41.9,33.9,37.9,54.2,1.7,13.7,155,Moderate,998.1,43.3,2024,8,23,4,Friday,8.0,2054.18
2024-08-23,Ahmedabad,Gujarat,44.7,31.2,38.0,55.2,9.1,24.2,131,Moderate,1003.7,69.6,2024,8,23,4,Friday,13.500000000000004,2097.6
2024-08-23,Jaipur,Rajasthan,30.3,19.6,25.0,93.7,75.6,7.8,200,Moderate,1004.1,66.1,2024,8,23,4,Friday,10.7,2342.5
2024-08-23,Lucknow,Uttar Pradesh,26.9,12.0,19.5,78.9,0.0,13.4,144,Moderate,1022.6,90.2,2024,8,23,4,Friday,14.899999999999999,1538.5500000000002
2024-08-23,Bhopal,Madhya Pradesh,35.6,23.7,29.6,52.1,0.7,2.1,147,Moderate,993.3,24.7,2024,8,23,4,Friday,11.900000000000002,1542.16
2024-08-24,Mumbai,Maharashtra,35.8,27.9,31.9,48.0,0.0,23.9,173,Moderate,1011.9,73.1,2024,8,24,5,Saturday,7.899999999999999,1531.1999999999998
2024-08-24,Delhi,Delhi,25.4,13.9,19.7,71.1,42.4,6.7,291,Poor,1006.1,48.8,2024,8,24,5,Saturday,11.499999999999998,1400.6699999999998
2024-08-24,Bengaluru,Karnataka,41.5,28.9,35.2,53.8,0.8,18.2,236,Poor,1023.8,48.1,2024,8,24,5,Saturday,12.600000000000001,1893.76
2024-08-24,Chennai,Tamil Nadu,35.8,29.3,32.5,60.0,0.0,24.5,99,Satisfactory,1009.0,28.0,2024,8,24,5,Saturday,6.4999999999999964,1950.0
2024-08-24,Kolkata,West Bengal,27.8,18.3,23.1,31.4,4.5,19.5,128,Moderate,994.2,49.9,2024,8,24,5,Saturday,9.5,725.34
2024-08-24,Hyderabad,Telangana,42.9,36.1,39.5,59.8,5.9,7.3,203,Poor,1003.2,80.2,2024,8,24,5,Saturday,6.799999999999997,2362.1
2024-08-24,Ahmedabad,Gujarat,33.0,27.7,30.4,79.0,53.4,13.9,242,Poor,998.1,6.4,2024,8,24,5,Saturday,5.300000000000001,2401.6
2024-08-24,Jaipur,Rajasthan,34.9,22.0,28.5,75.2,0.0,8.6,53,Satisfactory,1006.7,87.9,2024,8,24,5,Saturday,12.899999999999999,2143.2000000000003
2024-08-24,Lucknow,Uttar Pradesh,44.6,29.6,37.1,68.9,0.0,3.2,262,Poor,1006.6,10.4,2024,8,24,5,Saturday,15.0,2556.1900000000005
2024-08-24,Bhopal,Madhya Pradesh,32.4,25.4,28.9,65.4,0.0,19.9,103,Moderate,1015.8,89.7,2024,8,24,5,Saturday,7.0,1890.0600000000002
2024-08-25,Mumbai,Maharashtra,42.2,34.2,38.2,91.2,74.9,5.3,107,Moderate,1024.1,13.1,2024,8,25,6,Sunday,8.0,3483.84
2024-08-25,Delhi,Delhi,33.9,18.9,26.4,61.8,58.6,20.0,70,Satisfactory,997.8,33.8,2024,8,25,6,Sunday,15.0,1631.5199999999998
2024-08-25,Bengaluru,Karnataka,37.9,31.1,34.5,46.7,0.0,11.1,166,Moderate,992.6,39.5,2024,8,25,6,Sunday,6.799999999999997,1611.15
2024-08-25,Chennai,Tamil Nadu,42.9,34.7,38.8,54.7,7.9,23.9,294,Poor,1017.8,43.7,2024,8,25,6,Sunday,8.199999999999996,2122.36
2024-08-25,Kolkata,West Bengal,35.2,27.4,31.3,49.7,0.0,3.5,221,Poor,1021.1,93.4,2024,8,25,6,Sunday,7.800000000000004,1555.6100000000001
2024-08-25,Hyderabad,Telangana,41.8,35.0,38.4,88.6,0.0,9.1,58,Satisfactory,991.5,34.4,2024,8,25,6,Sunday,6.799999999999997,3402.24
2024-08-25,Ahmedabad,Gujarat,29.7,22.1,25.9,94.6,2.4,21.8,145,Moderate,1003.5,88.2,2024,8,25,6,Sunday,7.599999999999998,2450.14
2024-08-25,Jaipur,Rajasthan,28.9,20.6,24.8,69.6,0.0,18.1,212,Poor,1002.2,48.3,2024,8,25,6,Sunday,8.299999999999997,1726.08
2024-08-25,Lucknow,Uttar Pradesh,38.7,31.3,35.0,84.3,26.4,17.3,205,Poor,1005.8,20.0,2024,8,25,6,Sunday,7.400000000000002,2950.5
2024-08-25,Bhopal,Madhya Pradesh,28.3,19.0,23.6,56.6,7.2,9.5,233,Poor,1005.5,78.4,2024,8,25,6,Sunday,9.3,1335.7600000000002
2024-08-26,Mumbai,Maharashtra,31.2,22.3,26.7,49.9,6.0,15.3,108,Moderate,995.1,34.5,2024,8,26,0,Monday,8.899999999999999,1332.33
2024-08-26,Delhi,Delhi,32.8,22.6,27.7,62.9,23.2,9.9,289,Poor,1000.5,70.1,2024,8,26,0,Monday,10.199999999999996,1742.33
2024-08-26,Bengaluru,Karnataka,32.6,20.1,26.3,87.4,7.7,19.8,343,Very Poor,1013.4,77.2,2024,8,26,0,Monday,12.5,2298.6200000000003
2024-08-26,Chennai,Tamil Nadu,33.6,28.0,30.8,60.0,0.0,9.1,170,Moderate,1014.0,83.1,2024,8,26,0,Monday,5.600000000000001,1848.0
2024-08-26,Kolkata,West Bengal,43.0,37.2,40.1,84.6,0.0,9.0,142,Moderate,1018.4,84.0,2024,8,26,0,Monday,5.799999999999997,3392.46
2024-08-26,Hyderabad,Telangana,36.9,30.5,33.7,60.5,21.1,21.0,106,Moderate,1024.0,22.1,2024,8,26,0,Monday,6.399999999999999,2038.8500000000001
2024-08-26,Ahmedabad,Gujarat,25.3,13.1,19.2,71.9,0.0,5.1,121,Moderate,1004.8,13.6,2024,8,26,0,Monday,12.200000000000001,1380.48
2024-08-26,Jaipur,Rajasthan,32.4,18.9,25.7,81.5,0.0,9.8,231,Poor,1015.4,69.9,2024,8,26,0,Monday,13.5,2094.5499999999997
2024-08-26,Lucknow,Uttar Pradesh,37.4,25.5,31.4,55.0,21.4,9.9,156,Moderate,994.4,62.0,2024,8,26,0,Monday,11.899999999999999,1727.0
2024-08-26,Bhopal,Madhya Pradesh,41.3,32.0,36.7,73.5,0.0,16.0,346,Very Poor,1013.0,59.9,2024,8,26,0,Monday,9.299999999999997,2697.4500000000003
2024-08-27,Mumbai,Maharashtra,38.8,24.5,31.7,37.7,0.0,14.1,271,Poor,1008.2,59.6,2024,8,27,1,Tuesday,14.299999999999997,1195.0900000000001
2024-08-27,Delhi,Delhi,44.4,30.6,37.5,37.7,0.0,14.5,260,Poor,1009.4,26.6,2024,8,27,1,Tuesday,13.799999999999997,1413.75
2024-08-27,Bengaluru,Karnataka,39.7,34.4,37.1,55.7,0.0,7.8,293,Poor,998.5,14.5,2024,8,27,1,Tuesday,5.300000000000004,2066.4700000000003
2024-08-27,Chennai,Tamil Nadu,26.7,18.8,22.8,33.0,0.0,15.2,125,Moderate,1004.3,31.8,2024,8,27,1,Tuesday,7.899999999999999,752.4
2024-08-27,Kolkata,West Bengal,41.0,26.2,33.6,52.6,0.5,14.7,321,Very Poor,1017.4,71.3,2024,8,27,1,Tuesday,14.8,1767.3600000000001
2024-08-27,Hyderabad,Telangana,42.7,29.8,36.3,60.9,0.0,16.0,181,Moderate,996.5,67.3,2024,8,27,1,Tuesday,12.900000000000002,2210.6699999999996
2024-08-27,Ahmedabad,Gujarat,37.4,30.0,33.7,58.2,0.0,7.2,106,Moderate,991.4,69.2,2024,8,27,1,Tuesday,7.399999999999999,1961.3400000000004
2024-08-27,Jaipur,Rajasthan,44.8,34.5,39.6,48.8,6.6,9.1,301,Very Poor,1024.6,62.5,2024,8,27,1,Tuesday,10.299999999999997,1932.48
2024-08-27,Lucknow,Uttar Pradesh,26.5,18.0,22.2,77.9,0.0,8.1,135,Moderate,1011.5,37.7,2024,8,27,1,Tuesday,8.5,1729.38
2024-08-27,Bhopal,Madhya Pradesh,29.1,20.1,24.6,42.7,20.8,11.9,237,Poor,1003.2,27.0,2024,8,27,1,Tuesday,9.0,1050.42
2024-08-28,Mumbai,Maharashtra,38.7,29.0,33.9,33.6,0.0,16.1,63,Satisfactory,1005.8,35.6,2024,8,28,2,Wednesday,9.700000000000003,1139.04
2024-08-28,Delhi,Delhi,34.1,20.9,27.5,31.1,0.0,6.2,99,Satisfactory,1017.0,29.2,2024,8,28,2,Wednesday,13.200000000000003,855.25
2024-08-28,Bengaluru,Karnataka,32.6,23.6,28.1,86.8,0.0,23.9,338,Very Poor,994.0,24.7,2024,8,28,2,Wednesday,9.0,2439.08
2024-08-28,Chennai,Tamil Nadu,44.1,37.4,40.8,39.4,4.3,3.8,336,Very Poor,992.0,51.1,2024,8,28,2,Wednesday,6.700000000000003,1607.5199999999998
2024-08-28,Kolkata,West Bengal,33.5,25.0,29.3,94.9,0.0,6.5,123,Moderate,1007.9,46.7,2024,8,28,2,Wednesday,8.5,2780.57
2024-08-28,Hyderabad,Telangana,28.2,20.1,24.2,63.1,20.8,14.5,59,Satisfactory,992.2,70.8,2024,8,28,2,Wednesday,8.099999999999998,1527.02
2024-08-28,Ahmedabad,Gujarat,39.8,27.3,33.5,72.3,7.3,5.1,195,Moderate,1001.9,94.6,2024,8,28,2,Wednesday,12.499999999999996,2422.0499999999997
2024-08-28,Jaipur,Rajasthan,44.3,38.5,41.4,61.0,0.0,6.0,90,Satisfactory,999.1,76.1,2024,8,28,2,Wednesday,5.799999999999997,2525.4
2024-08-28,Lucknow,Uttar Pradesh,41.9,35.6,38.8,32.3,0.0,4.3,262,Poor,1016.3,34.7,2024,8,28,2,Wednesday,6.299999999999997,1253.2399999999998
2024-08-28,Bhopal,Madhya Pradesh,29.0,19.4,24.2,47.2,4.6,13.9,114,Moderate,1022.5,30.1,2024,8,28,2,Wednesday,9.600000000000001,1142.24
2024-08-29,Mumbai,Maharashtra,37.3,26.1,31.7,33.0,6.1,20.6,237,Poor,1009.3,5.2,2024,8,29,3,Thursday,11.199999999999996,1046.1
2024-08-29,Delhi,Delhi,40.0,32.5,36.2,60.2,0.0,6.8,228,Poor,1009.6,95.2,2024,8,29,3,Thursday,7.5,2179.2400000000002
2024-08-29,Bengaluru,Karnataka,31.1,19.7,25.4,70.6,6.0,11.9,346,Very Poor,990.7,56.3,2024,8,29,3,Thursday,11.400000000000002,1793.2399999999998
2024-08-29,Chennai,Tamil Nadu,32.0,17.3,24.7,36.3,0.0,15.1,230,Poor,1010.7,78.6,2024,8,29,3,Thursday,14.7,896.6099999999999
2024-08-29,Kolkata,West Bengal,36.9,22.7,29.8,59.4,0.0,18.4,72,Satisfactory,991.5,17.3,2024,8,29,3,Thursday,14.2,1770.12
2024-08-29,Hyderabad,Telangana,36.7,29.3,33.0,40.8,0.0,15.3,144,Moderate,993.4,93.8,2024,8,29,3,Thursday,7.400000000000002,1346.3999999999999
2024-08-29,Ahmedabad,Gujarat,45.0,30.2,37.6,80.6,0.0,22.6,228,Poor,1017.6,97.4,2024,8,29,3,Thursday,14.8,3030.56
2024-08-29,Jaipur,Rajasthan,35.4,25.3,30.3,55.1,54.5,15.7,200,Moderate,1020.0,87.0,2024,8,29,3,Thursday,10.099999999999998,1669.53
2024-08-29,Lucknow,Uttar Pradesh,31.9,20.6,26.3,59.0,36.4,3.1,241,Poor,1014.4,84.9,2024,8,29,3,Thursday,11.299999999999997,1551.7
2024-08-29,Bhopal,Madhya Pradesh,36.4,24.3,30.4,57.9,0.0,17.3,335,Very Poor,1008.6,10.2,2024,8,29,3,Thursday,12.099999999999998,1760.1599999999999
2024-08-30,Mumbai,Maharashtra,40.9,34.4,37.6,93.8,7.4,4.5,208,Poor,1009.6,12.0,2024,8,30,4,Friday,6.5,3526.88
2024-08-30,Delhi,Delhi,36.1,22.3,29.2,77.1,0.0,15.9,328,Very Poor,995.9,86.5,2024,8,30,4,Friday,13.8,2251.3199999999997
2024-08-30,Bengaluru,Karnataka,40.5,26.1,33.3,49.6,0.0,17.4,48,Good,1013.9,32.3,2024,8,30,4,Friday,14.399999999999999,1651.6799999999998
2024-08-30,Chennai,Tamil Nadu,29.0,20.0,24.5,40.9,37.4,19.6,240,Poor,1001.2,95.4,2024,8,30,4,Friday,9.0,1002.05
2024-08-30,Kolkata,West Bengal,34.1,24.4,29.3,56.7,0.0,14.1,262,Poor,1016.7,39.1,2024,8,30,4,Friday,9.700000000000003,1661.3100000000002
2024-08-30,Hyderabad,Telangana,36.6,21.9,29.3,55.0,9.0,17.1,73,Satisfactory,993.0,95.3,2024,8,30,4,Friday,14.700000000000003,1611.5
2024-08-30,Ahmedabad,Gujarat,36.3,28.0,32.1,57.9,0.0,24.7,98,Satisfactory,1010.7,20.3,2024,8,30,4,Friday,8.299999999999997,1858.5900000000001
2024-08-30,Jaipur,Rajasthan,39.3,33.8,36.6,61.2,1.6,12.6,153,Moderate,995.7,28.9,2024,8,30,4,Friday,5.5,2239.92
2024-08-30,Lucknow,Uttar Pradesh,26.4,15.5,21.0,69.5,0.0,9.7,169,Moderate,1009.5,37.9,2024,8,30,4,Friday,10.899999999999999,1459.5
2024-08-30,Bhopal,Madhya Pradesh,41.0,34.3,37.6,70.2,5.1,14.7,288,Poor,1006.7,68.4,2024,8,30,4,Friday,6.700000000000003,2639.52
2024-08-31,Mumbai,Maharashtra,44.5,33.2,38.8,86.8,0.0,4.2,167,Moderate,1008.6,75.9,2024,8,31,5,Saturday,11.299999999999997,3367.8399999999997
2024-08-31,Delhi,Delhi,38.4,28.5,33.5,58.4,0.0,16.9,244,Poor,994.1,13.8,2024,8,31,5,Saturday,9.899999999999999,1956.3999999999999
2024-08-31,Bengaluru,Karnataka,35.9,26.6,31.3,39.9,65.3,18.2,114,Moderate,992.1,68.7,2024,8,31,5,Saturday,9.299999999999997,1248.87
2024-08-31,Chennai,Tamil Nadu,31.3,24.3,27.8,80.4,6.5,7.4,237,Poor,1005.6,65.2,2024,8,31,5,Saturday,7.0,2235.1200000000003
2024-08-31,Kolkata,West Bengal,40.8,33.0,36.9,80.1,0.0,23.8,218,Poor,996.3,69.1,2024,8,31,5,Saturday,7.799999999999997,2955.6899999999996
2024-08-31,Hyderabad,Telangana,28.5,22.8,25.6,81.9,23.1,18.5,205,Poor,998.8,61.1,2024,8,31,5,Saturday,5.699999999999999,2096.6400000000003
2024-08-31,Ahmedabad,Gujarat,41.9,29.6,35.7,84.1,0.0,3.6,219,Poor,1015.0,7.3,2024,8,31,5,Saturday,12.299999999999997,3002.37
2024-08-31,Jaipur,Rajasthan,41.8,33.0,37.4,32.9,7.2,15.3,255,Poor,998.1,6.5,2024,8,31,5,Saturday,8.799999999999997,1230.4599999999998
2024-08-31,Lucknow,Uttar Pradesh,29.6,16.0,22.8,60.3,5.4,16.8,333,Very Poor,1022.8,98.3,2024,8,31,5,Saturday,13.600000000000001,1374.84
2024-08-31,Bhopal,Madhya Pradesh,41.5,29.4,35.5,73.1,0.0,5.2,319,Very Poor,1005.4,18.9,2024,8,31,5,Saturday,12.100000000000001,2595.0499999999997
2024-09-01,Mumbai,Maharashtra,41.1,35.4,38.3,46.2,66.2,24.9,117,Moderate,1024.2,44.0,2024,9,1,6,Sunday,5.700000000000003,1769.46
2024-09-01,Delhi,Delhi,40.2,32.2,36.2,82.4,0.0,13.7,122,Moderate,1009.7,94.6,2024,9,1,6,Sunday,8.0,2982.8800000000006
2024-09-01,Bengaluru,Karnataka,43.7,30.7,37.2,77.5,0.0,6.4,106,Moderate,1020.3,73.9,2024,9,1,6,Sunday,13.000000000000004,2883.0
2024-09-01,Chennai,Tamil Nadu,37.3,27.8,32.6,40.3,0.0,12.7,164,Moderate,1010.7,9.5,2024,9,1,6,Sunday,9.499999999999996,1313.78
2024-09-01,Kolkata,West Bengal,30.2,24.8,27.5,38.2,1.5,12.1,132,Moderate,995.1,14.5,2024,9,1,6,Sunday,5.399999999999999,1050.5
2024-09-01,Hyderabad,Telangana,41.0,32.3,36.6,40.4,0.0,16.4,248,Poor,1003.8,5.9,2024,9,1,6,Sunday,8.700000000000003,1478.64
2024-09-01,Ahmedabad,Gujarat,39.2,28.0,33.6,52.2,5.3,15.4,253,Poor,992.9,66.1,2024,9,1,6,Sunday,11.200000000000003,1753.92
2024-09-01,Jaipur,Rajasthan,32.4,18.7,25.5,84.8,0.0,18.6,163,Moderate,1018.5,53.0,2024,9,1,6,Sunday,13.7,2162.4
2024-09-01,Lucknow,Uttar Pradesh,43.3,36.0,39.7,46.7,70.2,7.1,340,Very Poor,1020.2,29.5,2024,9,1,6,Sunday,7.299999999999997,1853.9900000000002
2024-09-01,Bhopal,Madhya Pradesh,36.9,31.9,34.4,32.2,1.6,7.1,254,Poor,1023.9,65.4,2024,9,1,6,Sunday,5.0,1107.68
2024-09-02,Mumbai,Maharashtra,29.4,15.4,22.4,73.4,0.0,4.2,220,Poor,1018.1,87.3,2024,9,2,0,Monday,13.999999999999998,1644.16
2024-09-02,Delhi,Delhi,32.3,20.8,26.6,49.9,0.0,13.1,331,Very Poor,1023.5,84.8,2024,9,2,0,Monday,11.499999999999996,1327.3400000000001
2024-09-02,Bengaluru,Karnataka,41.1,32.6,36.9,82.8,9.2,6.9,339,Very Poor,991.4,19.0,2024,9,2,0,Monday,8.5,3055.3199999999997
2024-09-02,Chennai,Tamil Nadu,34.2,20.7,27.5,60.2,0.0,12.0,277,Poor,1012.1,21.3,2024,9,2,0,Monday,13.500000000000004,1655.5
2024-09-02,Kolkata,West Bengal,32.3,19.1,25.7,36.4,6.8,11.2,46,Good,1013.3,93.8,2024,9,2,0,Monday,13.199999999999996,935.4799999999999
2024-09-02,Hyderabad,Telangana,25.2,12.5,18.9,72.0,0.0,6.4,188,Moderate,1004.9,84.2,2024,9,2,0,Monday,12.7,1360.8
2024-09-02,Ahmedabad,Gujarat,36.7,23.0,29.9,50.1,0.0,10.2,109,Moderate,1024.3,98.4,2024,9,2,0,Monday,13.700000000000003,1497.99
2024-09-02,Jaipur,Rajasthan,26.3,18.6,22.5,55.9,53.3,9.6,52,Satisfactory,1019.7,13.9,2024,9,2,0,Monday,7.699999999999999,1257.75
2024-09-02,Lucknow,Uttar Pradesh,35.1,29.5,32.3,55.5,9.0,9.0,298,Poor,991.6,57.9,2024,9,2,0,Monday,5.600000000000001,1792.6499999999999
2024-09-02,Bhopal,Madhya Pradesh,33.2,22.0,27.6,88.5,7.9,13.5,79,Satisfactory,1016.1,52.0,2024,9,2,0,Monday,11.200000000000003,2442.6
2024-09-03,Mumbai,Maharashtra,36.4,26.5,31.4,63.7,0.0,12.5,334,Very Poor,1008.0,54.4,2024,9,3,1,Tuesday,9.899999999999999,2000.18
2024-09-03,Delhi,Delhi,38.0,30.2,34.1,64.5,0.0,6.1,172,Moderate,991.2,37.1,2024,9,3,1,Tuesday,7.800000000000001,2199.4500000000003
2024-09-03,Bengaluru,Karnataka,26.2,13.1,19.7,52.4,0.0,13.1,43,Good,996.6,94.1,2024,9,3,1,Tuesday,13.1,1032.28
2024-09-03,Chennai,Tamil Nadu,33.3,19.0,26.1,55.0,0.0,6.3,310,Very Poor,1006.3,84.5,2024,9,3,1,Tuesday,14.299999999999997,1435.5
2024-09-03,Kolkata,West Bengal,26.0,19.4,22.7,47.9,6.0,18.5,75,Satisfactory,993.5,64.3,2024,9,3,1,Tuesday,6.600000000000001,1087.33
2024-09-03,Hyderabad,Telangana,30.1,23.3,26.7,41.2,0.0,24.8,77,Satisfactory,1004.8,14.2,2024,9,3,1,Tuesday,6.800000000000001,1100.04
2024-09-03,Ahmedabad,Gujarat,36.7,21.9,29.3,67.2,0.0,13.5,307,Very Poor,1014.4,39.9,2024,9,3,1,Tuesday,14.800000000000004,1968.96
2024-09-03,Jaipur,Rajasthan,25.6,16.2,20.9,63.2,0.0,13.1,268,Poor,1014.0,78.5,2024,9,3,1,Tuesday,9.400000000000002,1320.8799999999999
2024-09-03,Lucknow,Uttar Pradesh,31.8,16.8,24.3,85.2,0.0,12.4,303,Very Poor,1019.8,78.9,2024,9,3,1,Tuesday,15.0,2070.36
2024-09-03,Bhopal,Madhya Pradesh,30.4,19.5,25.0,48.4,0.0,17.4,83,Satisfactory,1012.7,82.0,2024,9,3,1,Tuesday,10.899999999999999,1210.0
2024-09-04,Mumbai,Maharashtra,40.7,25.7,33.2,85.3,0.0,18.8,286,Poor,1015.3,65.0,2024,9,4,2,Wednesday,15.000000000000004,2831.96
2024-09-04,Delhi,Delhi,34.0,27.8,30.9,66.3,0.0,10.8,43,Good,1018.3,56.6,2024,9,4,2,Wednesday,6.199999999999999,2048.6699999999996
2024-09-04,Bengaluru,Karnataka,34.4,26.5,30.4,61.0,0.0,17.7,95,Satisfactory,1019.8,96.1,2024,9,4,2,Wednesday,7.899999999999999,1854.3999999999999
2024-09-04,Chennai,Tamil Nadu,35.6,30.2,32.9,62.4,0.0,13.8,243,Poor,1008.2,97.3,2024,9,4,2,Wednesday,5.400000000000002,2052.96
2024-09-04,Kolkata,West Bengal,30.8,23.3,27.1,38.3,7.6,2.9,338,Very Poor,1016.7,66.0,2024,9,4,2,Wednesday,7.5,1037.93
2024-09-04,Hyderabad,Telangana,36.7,28.7,32.7,54.8,1.8,6.6,322,Very Poor,995.5,12.3,2024,9,4,2,Wednesday,8.000000000000004,1791.96
2024-09-04,Ahmedabad,Gujarat,29.7,21.2,25.4,48.2,60.0,6.2,343,Very Poor,1014.0,38.5,2024,9,4,2,Wednesday,8.5,1224.28
2024-09-04,Jaipur,Rajasthan,31.0,25.9,28.4,63.5,1.6,18.8,206,Poor,1006.1,69.3,2024,9,4,2,Wednesday,5.100000000000001,1803.3999999999999
2024-09-04,Lucknow,Uttar Pradesh,37.6,26.6,32.1,73.3,0.0,12.3,90,Satisfactory,1017.1,39.9,2024,9,4,2,Wednesday,11.0,2352.93
2024-09-04,Bhopal,Madhya Pradesh,30.0,22.9,26.5,77.6,0.0,22.5,307,Very Poor,1024.4,68.6,2024,9,4,2,Wednesday,7.100000000000001,2056.3999999999996
2024-09-05,Mumbai,Maharashtra,35.2,20.8,28.0,84.1,9.9,14.5,317,Very Poor,999.1,38.7,2024,9,5,3,Thursday,14.400000000000002,2354.7999999999997
2024-09-05,Delhi,Delhi,26.1,15.2,20.7,54.2,71.9,15.8,166,Moderate,999.6,50.2,2024,9,5,3,Thursday,10.900000000000002,1121.94
2024-09-05,Bengaluru,Karnataka,32.1,26.0,29.1,65.3,0.0,11.9,197,Moderate,991.8,99.3,2024,9,5,3,Thursday,6.100000000000001,1900.23
2024-09-05,Chennai,Tamil Nadu,25.5,15.1,20.3,86.6,0.0,17.1,316,Very Poor,1016.8,59.4,2024,9,5,3,Thursday,10.4,1757.98
2024-09-05,Kolkata,West Bengal,30.5,23.1,26.8,86.5,0.0,21.7,127,Moderate,991.0,5.3,2024,9,5,3,Thursday,7.399999999999999,2318.2000000000003
2024-09-05,Hyderabad,Telangana,43.3,29.3,36.3,63.7,0.0,20.8,236,Poor,993.7,51.3,2024,9,5,3,Thursday,13.999999999999996,2312.31
2024-09-05,Ahmedabad,Gujarat,27.1,16.9,22.0,67.5,0.0,15.1,345,Very Poor,1024.4,25.7,2024,9,5,3,Thursday,10.200000000000003,1485.0
2024-09-05,Jaipur,Rajasthan,39.3,26.0,32.7,35.8,0.0,24.6,41,Good,993.7,58.4,2024,9,5,3,Thursday,13.299999999999997,1170.66
2024-09-05,Lucknow,Uttar Pradesh,39.3,32.3,35.8,38.4,0.0,7.3,223,Poor,990.3,97.0,2024,9,5,3,Thursday,7.0,1374.7199999999998
2024-09-05,Bhopal,Madhya Pradesh,39.4,27.9,33.6,39.4,0.0,15.1,50,Good,1009.6,16.3,2024,9,5,3,Thursday,11.5,1323.84
2024-09-06,Mumbai,Maharashtra,41.0,28.7,34.8,35.3,1.4,24.9,113,Moderate,998.9,51.3,2024,9,6,4,Friday,12.3,1228.4399999999998
2024-09-06,Delhi,Delhi,37.5,31.3,34.4,38.3,0.0,16.2,183,Moderate,1020.8,75.3,2024,9,6,4,Friday,6.199999999999999,1317.5199999999998
2024-09-06,Bengaluru,Karnataka,44.7,35.1,39.9,37.3,0.0,9.1,114,Moderate,1007.6,58.1,2024,9,6,4,Friday,9.600000000000001,1488.2699999999998
2024-09-06,Chennai,Tamil Nadu,36.1,23.6,29.9,47.3,3.9,18.7,62,Satisfactory,1020.5,21.2,2024,9,6,4,Friday,12.5,1414.2699999999998
2024-09-06,Kolkata,West Bengal,27.4,20.8,24.1,64.7,35.0,2.9,322,Very Poor,1022.4,22.2,2024,9,6,4,Friday,6.599999999999998,1559.2700000000002
2024-09-06,Hyderabad,Telangana,26.1,11.6,18.9,43.1,0.0,17.4,263,Poor,1024.1,62.6,2024,9,6,4,Friday,14.500000000000002,814.5899999999999
2024-09-06,Ahmedabad,Gujarat,26.8,15.5,21.1,59.5,8.9,7.2,134,Moderate,999.1,40.7,2024,9,6,4,Friday,11.3,1255.45
2024-09-06,Jaipur,Rajasthan,30.1,24.6,27.3,84.4,0.0,3.5,192,Moderate,1009.7,52.7,2024,9,6,4,Friday,5.5,2304.1200000000003
2024-09-06,Lucknow,Uttar Pradesh,36.5,28.6,32.6,73.1,5.1,18.7,325,Very Poor,1003.8,85.5,2024,9,6,4,Friday,7.899999999999999,2383.06
2024-09-06,Bhopal,Madhya Pradesh,35.7,28.6,32.2,89.5,0.0,18.7,335,Very Poor,1022.3,65.5,2024,9,6,4,Friday,7.100000000000001,2881.9
2024-09-07,Mumbai,Maharashtra,26.8,21.2,24.0,69.3,0.0,7.1,53,Satisfactory,998.6,37.1,2024,9,7,5,Saturday,5.600000000000001,1663.1999999999998
2024-09-07,Delhi,Delhi,43.1,32.9,38.0,73.6,0.0,22.4,291,Poor,1008.5,88.4,2024,9,7,5,Saturday,10.200000000000003,2796.7999999999997
2024-09-07,Bengaluru,Karnataka,26.5,19.5,23.0,72.8,0.0,12.2,126,Moderate,1021.9,14.8,2024,9,7,5,Saturday,7.0,1674.3999999999999
2024-09-07,Chennai,Tamil Nadu,35.8,23.8,29.8,71.0,0.0,6.9,299,Poor,1005.8,70.9,2024,9,7,5,Saturday,11.999999999999996,2115.8
2024-09-07,Kolkata,West Bengal,44.2,33.1,38.7,64.2,0.0,3.3,237,Poor,1004.0,37.0,2024,9,7,5,Saturday,11.100000000000001,2484.5400000000004
2024-09-07,Hyderabad,Telangana,35.7,24.8,30.2,60.7,0.0,23.6,73,Satisfactory,1000.9,53.7,2024,9,7,5,Saturday,10.900000000000002,1833.14
2024-09-07,Ahmedabad,Gujarat,26.4,17.1,21.8,78.2,0.0,10.9,199,Moderate,1021.7,86.3,2024,9,7,5,Saturday,9.299999999999997,1704.7600000000002
2024-09-07,Jaipur,Rajasthan,29.8,22.8,26.3,92.0,0.0,24.7,237,Poor,1002.9,38.4,2024,9,7,5,Saturday,7.0,2419.6
2024-09-07,Lucknow,Uttar Pradesh,44.2,29.5,36.8,76.0,7.6,21.8,206,Poor,1007.0,63.9,2024,9,7,5,Saturday,14.700000000000003,2796.7999999999997
2024-09-07,Bhopal,Madhya Pradesh,36.2,22.3,29.3,53.1,0.0,13.5,305,Very Poor,1021.6,63.7,2024,9,7,5,Saturday,13.900000000000002,1555.8300000000002
2024-09-08,Mumbai,Maharashtra,28.3,14.3,21.3,69.1,54.3,3.8,43,Good,1010.4,92.0,2024,9,8,6,Sunday,14.0,1471.83
2024-09-08,Delhi,Delhi,37.6,27.9,32.7,52.6,6.3,2.1,156,Moderate,1000.7,52.9,2024,9,8,6,Sunday,9.700000000000003,1720.0200000000002
2024-09-08,Bengaluru,Karnataka,31.1,17.8,24.5,90.8,46.6,23.2,70,Satisfactory,1004.3,31.9,2024,9,8,6,Sunday,13.3,2224.6
2024-09-08,Chennai,Tamil Nadu,34.6,20.1,27.4,66.5,0.0,12.7,312,Very Poor,1023.3,39.3,2024,9,8,6,Sunday,14.5,1822.1
2024-09-08,Kolkata,West Bengal,27.4,16.2,21.8,69.0,0.0,7.1,51,Satisfactory,1023.2,19.6,2024,9,8,6,Sunday,11.2,1504.2
2024-09-08,Hyderabad,Telangana,35.7,25.4,30.5,84.9,47.7,18.7,246,Poor,999.3,93.2,2024,9,8,6,Sunday,10.300000000000004,2589.4500000000003
2024-09-08,Ahmedabad,Gujarat,33.3,21.5,27.4,56.1,1.2,18.8,47,Good,998.0,95.9,2024,9,8,6,Sunday,11.799999999999997,1537.1399999999999
2024-09-08,Jaipur,Rajasthan,31.7,24.1,27.9,33.1,53.6,24.8,264,Poor,1018.3,49.5,2024,9,8,6,Sunday,7.599999999999998,923.49
2024-09-08,Lucknow,Uttar Pradesh,41.9,32.2,37.0,81.0,0.0,17.5,217,Poor,1015.4,38.9,2024,9,8,6,Sunday,9.699999999999996,2997.0
2024-09-08,Bhopal,Madhya Pradesh,43.2,28.4,35.8,44.8,0.0,2.6,287,Poor,1002.1,81.6,2024,9,8,6,Sunday,14.800000000000004,1603.8399999999997
2024-09-09,Mumbai,Maharashtra,34.9,25.2,30.0,67.7,0.0,12.9,237,Poor,1001.8,69.1,2024,9,9,0,Monday,9.7,2031.0
2024-09-09,Delhi,Delhi,32.6,27.5,30.1,46.4,0.0,16.9,191,Moderate,1016.5,35.5,2024,9,9,0,Monday,5.100000000000001,1396.64
2024-09-09,Bengaluru,Karnataka,43.9,29.5,36.7,50.0,51.6,13.0,194,Moderate,1017.1,78.0,2024,9,9,0,Monday,14.399999999999999,1835.0000000000002
2024-09-09,Chennai,Tamil Nadu,40.9,33.3,37.1,37.9,0.0,16.6,160,Moderate,1011.8,17.6,2024,9,9,0,Monday,7.600000000000001,1406.09
2024-09-09,Kolkata,West Bengal,39.1,24.4,31.8,40.9,0.0,10.7,110,Moderate,1008.9,26.9,2024,9,9,0,Monday,14.700000000000003,1300.62
2024-09-09,Hyderabad,Telangana,40.6,25.9,33.2,51.0,28.1,17.5,225,Poor,1018.1,9.7,2024,9,9,0,Monday,14.700000000000003,1693.2
2024-09-09,Ahmedabad,Gujarat,35.6,27.6,31.6,47.1,0.0,15.1,233,Poor,996.0,18.3,2024,9,9,0,Monday,8.0,1488.3600000000001
2024-09-09,Jaipur,Rajasthan,31.2,21.8,26.5,53.4,42.9,10.1,197,Moderate,1015.9,29.4,2024,9,9,0,Monday,9.399999999999999,1415.1
2024-09-09,Lucknow,Uttar Pradesh,36.1,27.8,31.9,60.7,0.0,18.1,166,Moderate,1017.0,31.6,2024,9,9,0,Monday,8.3,1936.33
2024-09-09,Bhopal,Madhya Pradesh,25.7,18.4,22.1,80.6,0.0,20.8,245,Poor,997.3,36.7,2024,9,9,0,Monday,7.300000000000001,1781.26
2024-09-10,Mumbai,Maharashtra,36.2,26.6,31.4,88.5,0.0,16.2,264,Poor,1020.5,48.5,2024,9,10,1,Tuesday,9.600000000000001,2778.9
2024-09-10,Delhi,Delhi,41.4,35.0,38.2,75.9,0.0,4.9,199,Moderate,999.1,14.8,2024,9,10,1,Tuesday,6.399999999999999,2899.3800000000006
2024-09-10,Bengaluru,Karnataka,26.4,19.2,22.8,58.6,4.8,3.1,171,Moderate,992.8,10.8,2024,9,10,1,Tuesday,7.199999999999999,1336.0800000000002
2024-09-10,Chennai,Tamil Nadu,25.8,13.4,19.6,44.5,0.0,20.0,329,Very Poor,1015.0,62.7,2024,9,10,1,Tuesday,12.4,872.2
2024-09-10,Kolkata,West Bengal,33.4,20.4,26.9,54.7,0.0,17.6,134,Moderate,997.4,26.8,2024,9,10,1,Tuesday,13.0,1471.43
2024-09-10,Hyderabad,Telangana,38.6,24.7,31.6,73.8,0.0,4.3,108,Moderate,1009.4,36.1,2024,9,10,1,Tuesday,13.900000000000002,2332.08
2024-09-10,Ahmedabad,Gujarat,34.3,22.7,28.5,55.0,8.0,24.7,305,Very Poor,1000.3,66.2,2024,9,10,1,Tuesday,11.599999999999998,1567.5
2024-09-10,Jaipur,Rajasthan,36.6,23.7,30.1,56.9,13.9,20.4,97,Satisfactory,1020.4,71.0,2024,9,10,1,Tuesday,12.900000000000002,1712.69
2024-09-10,Lucknow,Uttar Pradesh,25.6,12.0,18.8,55.8,0.0,17.0,304,Very Poor,1006.9,71.2,2024,9,10,1,Tuesday,13.600000000000001,1049.04
2024-09-10,Bhopal,Madhya Pradesh,28.9,20.6,24.8,58.4,0.0,17.0,317,Very Poor,1004.7,95.4,2024,9,10,1,Tuesday,8.299999999999997,1448.32
2024-09-11,Mumbai,Maharashtra,35.3,23.8,29.5,33.8,0.0,7.1,242,Poor,1022.0,45.5,2024,9,11,2,Wednesday,11.499999999999996,997.0999999999999
2024-09-11,Delhi,Delhi,25.7,16.5,21.1,83.1,0.0,11.6,319,Very Poor,1022.5,58.8,2024,9,11,2,Wednesday,9.2,1753.41
2024-09-11,Bengaluru,Karnataka,43.0,28.6,35.8,88.2,0.0,2.9,232,Poor,991.9,38.1,2024,9,11,2,Wednesday,14.399999999999999,3157.56
2024-09-11,Chennai,Tamil Nadu,33.0,27.8,30.4,61.0,0.0,7.0,225,Poor,999.0,33.9,2024,9,11,2,Wednesday,5.199999999999999,1854.3999999999999
2024-09-11,Kolkata,West Bengal,34.4,26.1,30.2,54.3,0.0,20.8,347,Very Poor,1014.8,5.5,2024,9,11,2,Wednesday,8.299999999999997,1639.86
2024-09-11,Hyderabad,Telangana,40.1,28.3,34.2,56.3,0.0,21.2,283,Poor,1021.4,20.4,2024,9,11,2,Wednesday,11.8,1925.46
2024-09-11,Ahmedabad,Gujarat,39.8,33.0,36.4,57.4,4.3,4.2,283,Poor,1009.7,77.4,2024,9,11,2,Wednesday,6.799999999999997,2089.3599999999997
2024-09-11,Jaipur,Rajasthan,28.0,17.7,22.8,85.7,3.3,4.1,40,Good,1020.1,34.6,2024,9,11,2,Wednesday,10.3,1953.96
2024-09-11,Lucknow,Uttar Pradesh,29.7,23.8,26.7,36.0,25.0,13.9,254,Poor,1006.1,46.3,2024,9,11,2,Wednesday,5.899999999999999,961.1999999999999
2024-09-11,Bhopal,Madhya Pradesh,34.0,27.8,30.9,87.2,0.0,16.9,247,Poor,999.6,81.0,2024,9,11,2,Wednesday,6.199999999999999,2694.48
2024-09-12,Mumbai,Maharashtra,38.0,28.8,33.4,92.5,0.0,19.1,291,Poor,991.7,9.4,2024,9,12,3,Thursday,9.2,3089.5
2024-09-12,Delhi,Delhi,33.7,25.3,29.5,69.5,0.0,24.0,288,Poor,1010.6,42.1,2024,9,12,3,Thursday,8.400000000000002,2050.25
2024-09-12,Bengaluru,Karnataka,35.5,28.1,31.8,43.4,0.0,7.0,235,Poor,1021.3,16.6,2024,9,12,3,Thursday,7.399999999999999,1380.12
2024-09-12,Chennai,Tamil Nadu,29.3,18.2,23.7,54.9,1.1,17.6,201,Poor,1012.3,52.5,2024,9,12,3,Thursday,11.100000000000001,1301.1299999999999
2024-09-12,Kolkata,West Bengal,37.7,25.8,31.8,72.6,0.0,8.0,211,Poor,1022.2,77.1,2024,9,12,3,Thursday,11.900000000000002,2308.68
2024-09-12,Hyderabad,Telangana,30.0,23.9,27.0,88.4,8.9,12.3,230,Poor,1001.3,75.2,2024,9,12,3,Thursday,6.100000000000001,2386.8
2024-09-12,Ahmedabad,Gujarat,40.6,34.9,37.7,50.7,0.0,8.5,267,Poor,1005.6,39.9,2024,9,12,3,Thursday,5.700000000000003,1911.3900000000003
2024-09-12,Jaipur,Rajasthan,37.1,25.5,31.3,43.7,0.0,8.1,349,Very Poor,992.3,62.3,2024,9,12,3,Thursday,11.600000000000001,1367.8100000000002
2024-09-12,Lucknow,Uttar Pradesh,27.0,13.8,20.4,37.7,55.0,4.6,166,Moderate,1001.0,13.6,2024,9,12,3,Thursday,13.2,769.08
2024-09-12,Bhopal,Madhya Pradesh,43.2,30.4,36.8,77.0,0.0,5.4,56,Satisfactory,1019.3,31.6,2024,9,12,3,Thursday,12.800000000000004,2833.6
2024-09-13,Mumbai,Maharashtra,27.5,16.4,22.0,69.5,2.7,23.2,273,Poor,1010.5,79.0,2024,9,13,4,Friday,11.100000000000001,1529.0
2024-09-13,Delhi,Delhi,30.2,22.1,26.1,61.1,0.0,4.5,266,Poor,994.4,49.0,2024,9,13,4,Friday,8.099999999999998,1594.71
2024-09-13,Bengaluru,Karnataka,41.7,31.2,36.4,60.9,0.0,20.2,258,Poor,1006.3,80.1,2024,9,13,4,Friday,10.500000000000004,2216.7599999999998
2024-09-13,Chennai,Tamil Nadu,28.9,18.8,23.8,58.9,48.0,20.7,83,Satisfactory,1021.6,7.8,2024,9,13,4,Friday,10.099999999999998,1401.82
2024-09-13,Kolkata,West Bengal,26.7,19.1,22.9,58.7,45.1,23.6,189,Moderate,995.7,86.0,2024,9,13,4,Friday,7.599999999999998,1344.23
2024-09-13,Hyderabad,Telangana,34.1,21.2,27.6,36.1,57.0,24.9,91,Satisfactory,1008.1,13.9,2024,9,13,4,Friday,12.900000000000002,996.3600000000001
2024-09-13,Ahmedabad,Gujarat,31.5,25.4,28.5,83.0,3.0,6.0,192,Moderate,1006.7,49.4,2024,9,13,4,Friday,6.100000000000001,2365.5
2024-09-13,Jaipur,Rajasthan,35.7,30.4,33.1,74.6,4.9,7.3,343,Very Poor,991.7,71.8,2024,9,13,4,Friday,5.300000000000004,2469.2599999999998
2024-09-13,Lucknow,Uttar Pradesh,33.9,26.3,30.1,40.2,0.0,17.1,155,Moderate,999.6,9.8,2024,9,13,4,Friday,7.599999999999998,1210.0200000000002
2024-09-13,Bhopal,Madhya Pradesh,42.1,32.1,37.1,92.7,0.0,18.0,274,Poor,1008.8,62.4,2024,9,13,4,Friday,10.0,3439.17
2024-09-14,Mumbai,Maharashtra,39.5,34.1,36.8,82.2,0.0,16.1,144,Moderate,995.2,44.7,2024,9,14,5,Saturday,5.399999999999999,3024.96
2024-09-14,Delhi,Delhi,32.0,26.1,29.1,40.4,36.1,6.7,284,Poor,1004.6,34.6,2024,9,14,5,Saturday,5.899999999999999,1175.64
2024-09-14,Bengaluru,Karnataka,26.0,19.0,22.5,43.7,0.0,8.3,287,Poor,995.9,16.8,2024,9,14,5,Saturday,7.0,983.2500000000001
2024-09-14,Chennai,Tamil Nadu,34.9,23.6,29.3,51.5,0.0,17.0,304,Very Poor,995.3,63.6,2024,9,14,5,Saturday,11.299999999999997,1508.95
2024-09-14,Kolkata,West Bengal,27.4,13.4,20.4,35.2,0.0,4.2,96,Satisfactory,1018.0,97.4,2024,9,14,5,Saturday,13.999999999999998,718.08
2024-09-14,Hyderabad,Telangana,42.9,32.3,37.6,90.8,0.0,22.3,99,Satisfactory,1013.6,40.2,2024,9,14,5,Saturday,10.600000000000001,3414.08
2024-09-14,Ahmedabad,Gujarat,41.3,30.3,35.8,53.4,0.0,4.1,148,Moderate,1021.9,41.8,2024,9,14,5,Saturday,10.999999999999996,1911.7199999999998
2024-09-14,Jaipur,Rajasthan,29.1,15.1,22.1,44.1,0.0,21.1,155,Moderate,1004.4,67.5,2024,9,14,5,Saturday,14.000000000000002,974.6100000000001
2024-09-14,Lucknow,Uttar Pradesh,38.9,31.4,35.1,31.4,9.5,5.9,103,Moderate,1003.7,83.1,2024,9,14,5,Saturday,7.5,1102.14
2024-09-14,Bhopal,Madhya Pradesh,42.3,32.3,37.3,53.8,0.0,18.9,290,Poor,1000.8,24.1,2024,9,14,5,Saturday,10.0,2006.7399999999998
2024-09-15,Mumbai,Maharashtra,41.1,31.1,36.1,64.2,0.0,24.9,314,Very Poor,995.2,61.3,2024,9,15,6,Sunday,10.0,2317.6200000000003
2024-09-15,Delhi,Delhi,38.7,24.9,31.8,51.9,0.0,18.3,210,Poor,995.2,76.8,2024,9,15,6,Sunday,13.800000000000004,1650.42
2024-09-15,Bengaluru,Karnataka,30.4,20.4,25.4,75.3,0.0,7.1,125,Moderate,1016.4,33.8,2024,9,15,6,Sunday,10.0,1912.62
2024-09-15,Chennai,Tamil Nadu,34.4,22.7,28.5,90.4,0.0,19.4,139,Moderate,1005.7,72.2,2024,9,15,6,Sunday,11.7,2576.4
2024-09-15,Kolkata,West Bengal,41.9,31.5,36.7,91.3,0.9,15.8,132,Moderate,990.8,97.4,2024,9,15,6,Sunday,10.399999999999999,3350.71
2024-09-15,Hyderabad,Telangana,30.0,20.1,25.1,65.2,0.0,14.3,303,Very Poor,1003.8,91.9,2024,9,15,6,Sunday,9.899999999999999,1636.5200000000002
2024-09-15,Ahmedabad,Gujarat,34.1,29.1,31.6,88.6,0.0,6.1,336,Very Poor,1018.1,60.1,2024,9,15,6,Sunday,5.0,2799.7599999999998
2024-09-15,Jaipur,Rajasthan,29.6,19.8,24.7,93.5,0.0,19.7,228,Poor,1002.2,55.4,2024,9,15,6,Sunday,9.8,2309.45
2024-09-15,Lucknow,Uttar Pradesh,37.2,24.9,31.1,73.0,0.8,8.8,169,Moderate,1001.0,16.8,2024,9,15,6,Sunday,12.300000000000004,2270.3
2024-09-15,Bhopal,Madhya Pradesh,44.7,36.9,40.8,64.5,10.9,10.9,85,Satisfactory,1020.4,8.7,2024,9,15,6,Sunday,7.800000000000004,2631.6
2024-09-16,Mumbai,Maharashtra,31.5,23.0,27.2,85.1,0.0,20.9,105,Moderate,1017.3,52.5,2024,9,16,0,Monday,8.5,2314.72
2024-09-16,Delhi,Delhi,37.7,31.1,34.4,42.4,79.4,15.6,209,Poor,1008.8,99.8,2024,9,16,0,Monday,6.600000000000001,1458.56
2024-09-16,Bengaluru,Karnataka,33.4,19.3,26.4,45.2,0.0,10.6,347,Very Poor,1004.8,57.0,2024,9,16,0,Monday,14.099999999999998,1193.28
2024-09-16,Chennai,Tamil Nadu,29.4,20.7,25.0,38.6,0.0,7.7,93,Satisfactory,1011.7,56.2,2024,9,16,0,Monday,8.7,965.0
2024-09-16,Kolkata,West Bengal,33.1,23.8,28.4,93.9,61.4,18.9,181,Moderate,1021.6,10.2,2024,9,16,0,Monday,9.3,2666.76
2024-09-16,Hyderabad,Telangana,39.9,29.1,34.5,41.4,0.0,9.9,270,Poor,1008.0,86.2,2024,9,16,0,Monday,10.799999999999997,1428.3
2024-09-16,Ahmedabad,Gujarat,41.7,27.9,34.8,57.0,14.0,3.5,334,Very Poor,1015.9,40.9,2024,9,16,0,Monday,13.800000000000004,1983.6
2024-09-16,Jaipur,Rajasthan,33.4,20.2,26.8,48.4,51.7,13.9,286,Poor,1022.8,79.7,2024,9,16,0,Monday,13.2,1297.12
2024-09-16,Lucknow,Uttar Pradesh,33.7,24.9,29.3,42.5,9.6,8.8,60,Satisfactory,998.6,98.9,2024,9,16,0,Monday,8.800000000000004,1245.25
2024-09-16,Bhopal,Madhya Pradesh,41.9,33.3,37.6,57.2,0.0,23.9,274,Poor,1014.5,76.7,2024,9,16,0,Monday,8.600000000000001,2150.7200000000003
2024-09-17,Mumbai,Maharashtra,26.2,19.2,22.7,61.9,3.7,2.3,59,Satisfactory,1013.1,5.0,2024,9,17,1,Tuesday,7.0,1405.1299999999999
2024-09-17,Delhi,Delhi,33.2,19.8,26.5,39.4,0.0,13.8,88,Satisfactory,1021.9,53.7,2024,9,17,1,Tuesday,13.400000000000002,1044.1
2024-09-17,Bengaluru,Karnataka,37.6,26.6,32.1,31.8,0.0,8.0,316,Very Poor,1005.9,40.3,2024,9,17,1,Tuesday,11.0,1020.7800000000001
2024-09-17,Chennai,Tamil Nadu,37.2,23.5,30.4,64.3,1.0,6.5,160,Moderate,993.2,36.3,2024,9,17,1,Tuesday,13.700000000000003,1954.7199999999998
2024-09-17,Kolkata,West Bengal,31.1,24.8,27.9,46.3,6.9,14.3,201,Poor,1009.2,28.6,2024,9,17,1,Tuesday,6.300000000000001,1291.7699999999998
2024-09-17,Hyderabad,Telangana,25.5,16.2,20.8,67.2,0.0,3.6,149,Moderate,1002.2,98.0,2024,9,17,1,Tuesday,9.3,1397.7600000000002
2024-09-17,Ahmedabad,Gujarat,34.2,22.7,28.4,72.2,9.5,23.9,315,Very Poor,998.1,63.6,2024,9,17,1,Tuesday,11.500000000000004,2050.48
2024-09-17,Jaipur,Rajasthan,37.5,22.7,30.1,36.5,0.0,19.0,329,Very Poor,991.1,71.0,2024,9,17,1,Tuesday,14.8,1098.65
2024-09-17,Lucknow,Uttar Pradesh,32.7,27.4,30.0,31.8,0.0,3.3,77,Satisfactory,1018.2,81.9,2024,9,17,1,Tuesday,5.300000000000004,954.0
2024-09-17,Bhopal,Madhya Pradesh,31.0,18.2,24.6,64.2,9.6,13.7,111,Moderate,1023.0,42.9,2024,9,17,1,Tuesday,12.8,1579.3200000000002
2024-09-18,Mumbai,Maharashtra,31.5,18.0,24.8,62.4,0.0,2.1,260,Poor,999.8,62.5,2024,9,18,2,Wednesday,13.5,1547.52
2024-09-18,Delhi,Delhi,41.5,27.3,34.4,56.8,0.0,4.9,128,Moderate,1005.7,25.1,2024,9,18,2,Wednesday,14.2,1953.9199999999998
2024-09-18,Bengaluru,Karnataka,38.0,29.4,33.7,66.2,0.0,7.4,286,Poor,992.0,63.8,2024,9,18,2,Wednesday,8.600000000000001,2230.9400000000005
2024-09-18,Chennai,Tamil Nadu,31.8,22.9,27.4,83.1,0.0,16.9,57,Satisfactory,1011.0,72.8,2024,9,18,2,Wednesday,8.900000000000002,2276.9399999999996
2024-09-18,Kolkata,West Bengal,33.6,26.2,29.9,79.3,0.0,7.8,206,Poor,993.6,35.6,2024,9,18,2,Wednesday,7.400000000000002,2371.0699999999997
2024-09-18,Hyderabad,Telangana,44.5,35.5,40.0,44.3,0.0,19.5,202,Poor,992.1,99.8,2024,9,18,2,Wednesday,9.0,1772.0
2024-09-18,Ahmedabad,Gujarat,35.9,27.3,31.6,74.9,0.0,23.3,148,Moderate,1000.2,46.5,2024,9,18,2,Wednesday,8.599999999999998,2366.84
2024-09-18,Jaipur,Rajasthan,26.7,19.9,23.3,42.3,7.0,18.3,270,Poor,996.7,58.5,2024,9,18,2,Wednesday,6.800000000000001,985.5899999999999
2024-09-18,Lucknow,Uttar Pradesh,37.7,26.7,32.2,78.1,0.0,15.2,188,Moderate,998.5,84.7,2024,9,18,2,Wednesday,11.000000000000004,2514.82
2024-09-18,Bhopal,Madhya Pradesh,37.9,24.9,31.4,88.2,20.4,16.2,117,Moderate,1011.3,92.5,2024,9,18,2,Wednesday,13.0,2769.48
2024-09-19,Mumbai,Maharashtra,29.8,19.7,24.7,78.8,0.0,16.0,255,Poor,1018.8,22.1,2024,9,19,3,Thursday,10.100000000000001,1946.36
2024-09-19,Delhi,Delhi,40.7,31.3,36.0,51.0,0.0,10.2,257,Poor,1001.8,52.4,2024,9,19,3,Thursday,9.400000000000002,1836.0
2024-09-19,Bengaluru,Karnataka,40.4,31.5,36.0,73.1,0.0,22.6,58,Satisfactory,1013.7,66.6,2024,9,19,3,Thursday,8.899999999999999,2631.6
2024-09-19,Chennai,Tamil Nadu,41.4,30.7,36.0,85.1,77.0,2.3,303,Very Poor,1021.0,12.1,2024,9,19,3,Thursday,10.7,3063.6
2024-09-19,Kolkata,West Bengal,30.6,19.5,25.1,32.5,0.0,20.8,164,Moderate,1014.3,5.6,2024,9,19,3,Thursday,11.100000000000001,815.75
2024-09-19,Hyderabad,Telangana,25.8,14.1,20.0,93.0,0.0,24.5,164,Moderate,997.8,58.3,2024,9,19,3,Thursday,11.700000000000001,1860.0
2024-09-19,Ahmedabad,Gujarat,40.4,26.7,33.5,52.2,0.0,8.3,291,Poor,1008.9,19.6,2024,9,19,3,Thursday,13.7,1748.7
2024-09-19,Jaipur,Rajasthan,26.4,20.4,23.4,52.2,0.0,18.6,95,Satisfactory,1023.4,76.6,2024,9,19,3,Thursday,6.0,1221.48
2024-09-19,Lucknow,Uttar Pradesh,43.7,34.8,39.2,60.8,29.6,9.6,287,Poor,1010.3,27.8,2024,9,19,3,Thursday,8.900000000000006,2383.36
2024-09-19,Bhopal,Madhya Pradesh,40.5,32.5,36.5,74.3,7.1,15.2,185,Moderate,992.9,68.7,2024,9,19,3,Thursday,8.0,2711.95
2024-09-20,Mumbai,Maharashtra,33.8,20.2,27.0,31.5,0.0,8.3,245,Poor,1024.6,30.7,2024,9,20,4,Friday,13.599999999999998,850.5
2024-09-20,Delhi,Delhi,27.4,16.3,21.9,94.0,69.4,15.5,301,Very Poor,1000.8,69.0,2024,9,20,4,Friday,11.099999999999998,2058.6
2024-09-20,Bengaluru,Karnataka,28.4,18.9,23.7,50.7,0.0,9.8,111,Moderate,1011.1,25.8,2024,9,20,4,Friday,9.5,1201.59
2024-09-20,Chennai,Tamil Nadu,35.4,26.3,30.9,49.2,0.6,21.6,305,Very Poor,998.2,62.0,2024,9,20,4,Friday,9.099999999999998,1520.28
2024-09-20,Kolkata,West Bengal,33.2,18.9,26.0,88.7,0.0,6.5,56,Satisfactory,1021.8,93.5,2024,9,20,4,Friday,14.300000000000004,2306.2000000000003
2024-09-20,Hyderabad,Telangana,36.9,26.2,31.6,55.4,0.0,4.8,144,Moderate,991.2,39.6,2024,9,20,4,Friday,10.7,1750.64
2024-09-20,Ahmedabad,Gujarat,33.6,23.6,28.6,79.3,4.0,21.5,295,Poor,998.1,34.9,2024,9,20,4,Friday,10.0,2267.98
2024-09-20,Jaipur,Rajasthan,26.6,18.3,22.5,59.1,0.0,19.4,62,Satisfactory,1019.4,98.0,2024,9,20,4,Friday,8.3,1329.75
2024-09-20,Lucknow,Uttar Pradesh,29.3,16.8,23.1,65.1,0.0,11.9,73,Satisfactory,996.2,96.6,2024,9,20,4,Friday,12.5,1503.81
2024-09-20,Bhopal,Madhya Pradesh,44.7,31.3,38.0,57.5,0.0,9.8,208,Poor,1008.0,65.6,2024,9,20,4,Friday,13.400000000000002,2185.0
2024-09-21,Mumbai,Maharashtra,34.5,25.0,29.7,62.4,47.9,16.6,239,Poor,1015.3,61.8,2024,9,21,5,Saturday,9.5,1853.28
2024-09-21,Delhi,Delhi,36.6,31.3,33.9,95.0,0.0,4.2,288,Poor,1017.8,45.5,2024,9,21,5,Saturday,5.300000000000001,3220.5
2024-09-21,Bengaluru,Karnataka,30.5,22.9,26.7,46.3,0.0,10.7,190,Moderate,1024.1,16.1,2024,9,21,5,Saturday,7.600000000000001,1236.2099999999998
2024-09-21,Chennai,Tamil Nadu,33.2,27.2,30.2,47.4,0.4,20.7,257,Poor,1008.3,62.0,2024,9,21,5,Saturday,6.0000000000000036,1431.48
2024-09-21,Kolkata,West Bengal,43.2,37.2,40.2,51.5,77.1,16.7,333,Very Poor,996.8,16.3,2024,9,21,5,Saturday,6.0,2070.3
2024-09-21,Hyderabad,Telangana,33.7,26.7,30.2,90.7,1.1,4.0,227,Poor,1001.9,19.2,2024,9,21,5,Saturday,7.0000000000000036,2739.14
2024-09-21,Ahmedabad,Gujarat,34.5,29.5,32.0,93.4,0.0,5.7,165,Moderate,1025.0,33.0,2024,9,21,5,Saturday,5.0,2988.8
2024-09-21,Jaipur,Rajasthan,42.4,31.0,36.7,54.0,0.0,16.8,267,Poor,1022.3,52.2,2024,9,21,5,Saturday,11.399999999999999,1981.8000000000002
2024-09-21,Lucknow,Uttar Pradesh,44.4,32.5,38.5,36.7,0.0,24.0,257,Poor,1004.2,48.4,2024,9,21,5,Saturday,11.899999999999999,1412.95
2024-09-21,Bhopal,Madhya Pradesh,35.5,26.7,31.1,35.0,6.0,10.8,331,Very Poor,994.5,82.6,2024,9,21,5,Saturday,8.8,1088.5
2024-09-22,Mumbai,Maharashtra,32.8,20.5,26.6,56.7,0.0,14.2,239,Poor,997.5,37.3,2024,9,22,6,Sunday,12.299999999999997,1508.2200000000003
2024-09-22,Delhi,Delhi,25.5,14.6,20.1,48.4,6.7,16.8,127,Moderate,1024.0,91.6,2024,9,22,6,Sunday,10.9,972.84
2024-09-22,Bengaluru,Karnataka,25.5,14.0,19.8,69.2,0.0,23.0,159,Moderate,1021.7,19.4,2024,9,22,6,Sunday,11.5,1370.16
2024-09-22,Chennai,Tamil Nadu,25.9,16.2,21.0,79.0,0.0,10.8,139,Moderate,1022.6,26.8,2024,9,22,6,Sunday,9.7,1659.0
2024-09-22,Kolkata,West Bengal,39.9,27.6,33.8,89.3,0.0,23.3,81,Satisfactory,1016.9,84.0,2024,9,22,6,Sunday,12.299999999999997,3018.3399999999997
2024-09-22,Hyderabad,Telangana,40.8,31.5,36.2,31.5,0.0,22.0,252,Poor,1015.7,7.1,2024,9,22,6,Sunday,9.299999999999997,1140.3000000000002
2024-09-22,Ahmedabad,Gujarat,28.8,19.6,24.2,70.6,8.7,20.0,257,Poor,1004.5,52.6,2024,9,22,6,Sunday,9.2,1708.5199999999998
2024-09-22,Jaipur,Rajasthan,25.6,11.7,18.7,80.0,0.0,23.0,181,Moderate,1001.4,77.5,2024,9,22,6,Sunday,13.900000000000002,1496.0
2024-09-22,Lucknow,Uttar Pradesh,39.7,33.2,36.5,47.5,0.0,18.0,72,Satisfactory,1018.7,90.6,2024,9,22,6,Sunday,6.5,1733.75
2024-09-22,Bhopal,Madhya Pradesh,42.9,35.9,39.4,77.9,0.0,13.3,151,Moderate,1004.7,92.3,2024,9,22,6,Sunday,7.0,3069.26
2024-09-23,Mumbai,Maharashtra,43.7,34.1,38.9,92.7,0.0,15.5,233,Poor,995.0,33.3,2024,9,23,0,Monday,9.600000000000001,3606.03
2024-09-23,Delhi,Delhi,39.5,34.1,36.8,64.5,0.0,18.4,218,Poor,991.9,77.2,2024,9,23,0,Monday,5.399999999999999,2373.6
2024-09-23,Bengaluru,Karnataka,41.7,34.5,38.1,84.2,0.0,22.1,42,Good,1014.7,7.4,2024,9,23,0,Monday,7.200000000000003,3208.0200000000004
2024-09-23,Chennai,Tamil Nadu,30.8,24.4,27.6,71.0,75.9,17.2,199,Moderate,990.2,39.1,2024,9,23,0,Monday,6.400000000000002,1959.6000000000001
2024-09-23,Kolkata,West Bengal,35.0,24.0,29.5,92.4,0.0,21.2,266,Poor,1018.9,31.2,2024,9,23,0,Monday,11.0,2725.8
2024-09-23,Hyderabad,Telangana,38.4,28.7,33.6,43.1,0.0,18.2,109,Moderate,1016.0,89.3,2024,9,23,0,Monday,9.7,1448.16
2024-09-23,Ahmedabad,Gujarat,44.8,38.2,41.5,69.0,0.0,22.5,79,Satisfactory,1012.6,52.2,2024,9,23,0,Monday,6.599999999999994,2863.5
2024-09-23,Jaipur,Rajasthan,25.1,18.9,22.0,92.2,0.0,17.6,158,Moderate,991.6,79.3,2024,9,23,0,Monday,6.200000000000003,2028.4
2024-09-23,Lucknow,Uttar Pradesh,26.9,16.2,21.6,48.2,6.6,24.8,289,Poor,1003.5,49.2,2024,9,23,0,Monday,10.7,1041.1200000000001
2024-09-23,Bhopal,Madhya Pradesh,36.6,31.2,33.9,84.8,0.0,3.8,177,Moderate,990.9,10.2,2024,9,23,0,Monday,5.400000000000002,2874.72
2024-09-24,Mumbai,Maharashtra,30.1,23.8,26.9,72.8,0.0,9.1,247,Poor,1001.2,47.3,2024,9,24,1,Tuesday,6.300000000000001,1958.3199999999997
2024-09-24,Delhi,Delhi,37.3,23.0,30.1,63.7,4.8,5.2,244,Poor,1007.2,45.0,2024,9,24,1,Tuesday,14.299999999999997,1917.3700000000001
2024-09-24,Bengaluru,Karnataka,43.4,28.9,36.1,40.9,0.0,12.4,340,Very Poor,1014.9,62.2,2024,9,24,1,Tuesday,14.5,1476.49
2024-09-24,Chennai,Tamil Nadu,36.7,27.0,31.8,65.3,8.1,24.3,254,Poor,1011.6,41.1,2024,9,24,1,Tuesday,9.700000000000003,2076.54
2024-09-24,Kolkata,West Bengal,38.2,33.1,35.6,60.4,7.5,12.4,68,Satisfactory,1024.4,32.8,2024,9,24,1,Tuesday,5.100000000000001,2150.2400000000002
2024-09-24,Hyderabad,Telangana,33.6,23.2,28.4,52.7,0.0,16.5,156,Moderate,1017.3,77.3,2024,9,24,1,Tuesday,10.400000000000002,1496.68
2024-09-24,Ahmedabad,Gujarat,36.4,26.9,31.6,86.6,0.0,5.9,243,Poor,1002.8,58.6,2024,9,24,1,Tuesday,9.5,2736.56
2024-09-24,Jaipur,Rajasthan,31.6,20.0,25.8,91.0,0.0,14.5,171,Moderate,1020.5,38.3,2024,9,24,1,Tuesday,11.600000000000001,2347.8
2024-09-24,Lucknow,Uttar Pradesh,37.0,26.7,31.9,76.7,0.0,9.2,135,Moderate,1013.2,20.0,2024,9,24,1,Tuesday,10.3,2446.73
2024-09-24,Bhopal,Madhya Pradesh,39.1,27.6,33.3,35.9,0.0,12.6,91,Satisfactory,993.8,99.4,2024,9,24,1,Tuesday,11.5,1195.4699999999998
2024-09-25,Mumbai,Maharashtra,40.6,27.3,34.0,94.6,71.2,6.0,232,Poor,1006.8,10.7,2024,9,25,2,Wednesday,13.3,3216.3999999999996
2024-09-25,Delhi,Delhi,36.6,29.6,33.1,81.9,0.0,17.1,263,Poor,992.8,28.9,2024,9,25,2,Wednesday,7.0,2710.8900000000003
2024-09-25,Bengaluru,Karnataka,30.6,20.5,25.6,89.5,0.0,4.9,95,Satisfactory,994.2,99.4,2024,9,25,2,Wednesday,10.100000000000001,2291.2000000000003
2024-09-25,Chennai,Tamil Nadu,42.9,28.0,35.5,54.9,0.0,5.7,282,Poor,1005.2,78.3,2024,9,25,2,Wednesday,14.899999999999999,1948.95
2024-09-25,Kolkata,West Bengal,29.6,22.9,26.2,89.8,0.0,21.3,62,Satisfactory,1021.7,33.3,2024,9,25,2,Wednesday,6.700000000000003,2352.7599999999998
2024-09-25,Hyderabad,Telangana,34.6,26.6,30.6,57.1,0.0,20.0,245,Poor,1012.5,36.0,2024,9,25,2,Wednesday,8.0,1747.2600000000002
2024-09-25,Ahmedabad,Gujarat,40.3,29.4,34.8,45.6,0.1,18.0,294,Poor,992.7,60.6,2024,9,25,2,Wednesday,10.899999999999999,1586.8799999999999
2024-09-25,Jaipur,Rajasthan,32.8,25.8,29.3,68.2,0.0,16.8,235,Poor,1011.1,66.8,2024,9,25,2,Wednesday,6.9999999999999964,1998.2600000000002
2024-09-25,Lucknow,Uttar Pradesh,27.6,20.3,23.9,70.2,0.3,7.5,120,Moderate,1010.9,55.7,2024,9,25,2,Wednesday,7.300000000000001,1677.78
2024-09-25,Bhopal,Madhya Pradesh,34.3,20.2,27.2,57.7,0.0,3.9,110,Moderate,1017.2,38.3,2024,9,25,2,Wednesday,14.099999999999998,1569.44
2024-09-26,Mumbai,Maharashtra,39.9,33.2,36.6,46.0,0.0,9.8,314,Very Poor,1003.8,87.0,2024,9,26,3,Thursday,6.699999999999996,1683.6000000000001
2024-09-26,Delhi,Delhi,41.6,27.9,34.7,67.0,6.5,14.7,275,Poor,993.9,81.9,2024,9,26,3,Thursday,13.700000000000003,2324.9
2024-09-26,Bengaluru,Karnataka,41.4,34.5,38.0,47.7,0.0,10.9,258,Poor,996.4,30.2,2024,9,26,3,Thursday,6.899999999999999,1812.6000000000001
2024-09-26,Chennai,Tamil Nadu,42.1,36.9,39.5,66.8,0.5,18.9,306,Very Poor,1018.5,50.1,2024,9,26,3,Thursday,5.200000000000003,2638.6
2024-09-26,Kolkata,West Bengal,28.3,20.8,24.6,38.7,0.0,16.3,73,Satisfactory,992.7,9.3,2024,9,26,3,Thursday,7.5,952.0200000000001
2024-09-26,Hyderabad,Telangana,25.0,13.0,19.0,66.5,2.2,13.5,113,Moderate,1014.4,48.0,2024,9,26,3,Thursday,12.0,1263.5
2024-09-26,Ahmedabad,Gujarat,44.4,33.8,39.1,38.5,0.0,23.5,149,Moderate,1020.8,23.9,2024,9,26,3,Thursday,10.600000000000001,1505.3500000000001
2024-09-26,Jaipur,Rajasthan,40.2,33.2,36.7,68.5,7.0,18.3,312,Very Poor,1023.8,37.9,2024,9,26,3,Thursday,7.0,2513.9500000000003
2024-09-26,Lucknow,Uttar Pradesh,25.4,17.6,21.5,33.2,6.5,16.9,307,Very Poor,991.0,72.9,2024,9,26,3,Thursday,7.799999999999997,713.8000000000001
2024-09-26,Bhopal,Madhya Pradesh,38.2,32.9,35.6,85.8,0.0,13.0,71,Satisfactory,1020.3,28.9,2024,9,26,3,Thursday,5.300000000000004,3054.48
2024-09-27,Mumbai,Maharashtra,42.3,37.0,39.7,89.2,0.0,22.8,251,Poor,1016.2,92.8,2024,9,27,4,Friday,5.299999999999997,3541.2400000000002
2024-09-27,Delhi,Delhi,28.7,20.6,24.7,61.6,0.0,18.2,307,Very Poor,1023.6,19.5,2024,9,27,4,Friday,8.099999999999998,1521.52
2024-09-27,Bengaluru,Karnataka,33.4,21.1,27.3,49.1,11.9,20.7,227,Poor,993.3,100.0,2024,9,27,4,Friday,12.299999999999997,1340.43
2024-09-27,Chennai,Tamil Nadu,42.1,36.4,39.2,55.3,0.0,12.2,339,Very Poor,997.6,33.5,2024,9,27,4,Friday,5.700000000000003,2167.76
2024-09-27,Kolkata,West Bengal,30.8,23.6,27.2,64.9,6.7,2.8,320,Very Poor,1003.8,78.5,2024,9,27,4,Friday,7.199999999999999,1765.2800000000002
2024-09-27,Hyderabad,Telangana,37.0,31.5,34.3,55.8,0.0,6.3,166,Moderate,1004.6,49.0,2024,9,27,4,Friday,5.5,1913.9399999999998
2024-09-27,Ahmedabad,Gujarat,34.3,22.1,28.2,54.0,0.0,16.1,213,Poor,1007.2,73.7,2024,9,27,4,Friday,12.199999999999996,1522.8
2024-09-27,Jaipur,Rajasthan,41.1,31.6,36.4,61.9,0.0,16.4,225,Poor,991.0,46.5,2024,9,27,4,Friday,9.5,2253.16
2024-09-27,Lucknow,Uttar Pradesh,44.3,30.6,37.5,48.2,0.0,19.8,332,Very Poor,994.3,29.5,2024,9,27,4,Friday,13.699999999999996,1807.5
2024-09-27,Bhopal,Madhya Pradesh,41.5,28.7,35.1,86.2,0.0,12.2,183,Moderate,1000.9,84.2,2024,9,27,4,Friday,12.8,3025.6200000000003
2024-09-28,Mumbai,Maharashtra,26.2,18.5,22.3,44.9,0.0,13.7,211,Poor,1012.8,76.7,2024,9,28,5,Saturday,7.699999999999999,1001.27
2024-09-28,Delhi,Delhi,43.8,29.0,36.4,94.7,0.0,21.8,297,Poor,1021.8,90.9,2024,9,28,5,Saturday,14.799999999999997,3447.08
2024-09-28,Bengaluru,Karnataka,33.1,26.5,29.8,51.7,0.0,15.0,245,Poor,1011.1,93.9,2024,9,28,5,Saturday,6.600000000000001,1540.66
2024-09-28,Chennai,Tamil Nadu,40.7,29.9,35.3,84.2,24.7,18.0,156,Moderate,1013.5,49.4,2024,9,28,5,Saturday,10.800000000000004,2972.2599999999998
2024-09-28,Kolkata,West Bengal,36.1,29.9,33.0,59.6,4.6,24.0,212,Poor,1012.8,89.0,2024,9,28,5,Saturday,6.200000000000003,1966.8
2024-09-28,Hyderabad,Telangana,37.5,31.8,34.7,38.7,5.8,14.5,85,Satisfactory,1020.9,97.4,2024,9,28,5,Saturday,5.699999999999999,1342.89
2024-09-28,Ahmedabad,Gujarat,32.9,21.2,27.1,49.9,67.0,19.8,207,Poor,1008.3,47.0,2024,9,28,5,Saturday,11.7,1352.29
2024-09-28,Jaipur,Rajasthan,34.3,24.2,29.2,43.2,9.0,23.8,296,Poor,1000.0,12.7,2024,9,28,5,Saturday,10.099999999999998,1261.44
2024-09-28,Lucknow,Uttar Pradesh,45.0,34.2,39.6,33.8,0.0,8.4,318,Very Poor,1022.0,47.9,2024,9,28,5,Saturday,10.799999999999997,1338.48
2024-09-28,Bhopal,Madhya Pradesh,31.0,22.1,26.5,91.6,0.0,19.8,256,Poor,994.5,46.5,2024,9,28,5,Saturday,8.899999999999999,2427.3999999999996
2024-09-29,Mumbai,Maharashtra,33.1,27.6,30.3,75.8,5.1,23.2,265,Poor,993.9,61.1,2024,9,29,6,Sunday,5.5,2296.74
2024-09-29,Delhi,Delhi,26.4,21.2,23.8,60.2,7.9,17.1,339,Very Poor,1001.6,54.0,2024,9,29,6,Sunday,5.199999999999999,1432.7600000000002
2024-09-29,Bengaluru,Karnataka,29.3,19.3,24.3,70.6,0.0,9.5,349,Very Poor,992.6,81.4,2024,9,29,6,Sunday,10.0,1715.58
2024-09-29,Chennai,Tamil Nadu,26.2,16.9,21.6,31.7,0.0,23.6,116,Moderate,1003.9,52.1,2024,9,29,6,Sunday,9.3,684.72
2024-09-29,Kolkata,West Bengal,25.0,11.0,18.0,35.3,9.6,25.0,281,Poor,994.8,45.3,2024,9,29,6,Sunday,14.0,635.4
2024-09-29,Hyderabad,Telangana,25.6,13.7,19.7,35.2,21.2,6.2,147,Moderate,991.4,60.8,2024,9,29,6,Sunday,11.900000000000002,693.44
2024-09-29,Ahmedabad,Gujarat,33.1,26.9,30.0,78.6,0.0,15.6,48,Good,1017.3,34.7,2024,9,29,6,Sunday,6.200000000000003,2358.0
2024-09-29,Jaipur,Rajasthan,29.3,17.5,23.4,94.3,0.0,9.3,64,Satisfactory,1004.2,92.5,2024,9,29,6,Sunday,11.8,2206.62
2024-09-29,Lucknow,Uttar Pradesh,40.5,31.6,36.1,82.7,12.7,3.9,64,Satisfactory,1010.9,88.4,2024,9,29,6,Sunday,8.899999999999999,2985.4700000000003
2024-09-29,Bhopal,Madhya Pradesh,36.1,22.8,29.5,94.1,7.3,18.2,67,Satisfactory,1014.5,86.2,2024,9,29,6,Sunday,13.3,2775.95
2024-09-30,Mumbai,Maharashtra,27.2,15.8,21.5,92.0,77.2,22.8,294,Poor,1021.8,90.3,2024,9,30,0,Monday,11.399999999999999,1978.0
2024-09-30,Delhi,Delhi,38.9,33.7,36.3,38.6,0.0,23.2,285,Poor,1013.2,34.6,2024,9,30,0,Monday,5.199999999999996,1401.1799999999998
2024-09-30,Bengaluru,Karnataka,34.8,28.3,31.6,87.5,0.0,13.5,342,Very Poor,1018.6,19.9,2024,9,30,0,Monday,6.4999999999999964,2765.0
2024-09-30,Chennai,Tamil Nadu,26.4,16.1,21.2,89.5,0.0,18.7,286,Poor,991.5,51.1,2024,9,30,0,Monday,10.299999999999997,1897.3999999999999
2024-09-30,Kolkata,West Bengal,36.2,29.3,32.8,61.7,9.2,9.7,205,Poor,996.6,29.3,2024,9,30,0,Monday,6.900000000000002,2023.76
2024-09-30,Hyderabad,Telangana,30.6,20.2,25.4,76.0,7.4,17.5,240,Poor,990.4,10.6,2024,9,30,0,Monday,10.400000000000002,1930.3999999999999
2024-09-30,Ahmedabad,Gujarat,32.7,26.2,29.4,32.9,1.7,14.1,264,Poor,1023.0,63.8,2024,9,30,0,Monday,6.5000000000000036,967.2599999999999
2024-09-30,Jaipur,Rajasthan,30.7,19.8,25.2,39.3,0.0,3.7,157,Moderate,1003.6,85.1,2024,9,30,0,Monday,10.899999999999999,990.3599999999999
2024-09-30,Lucknow,Uttar Pradesh,41.6,30.1,35.9,63.1,0.0,17.8,114,Moderate,1011.7,46.9,2024,9,30,0,Monday,11.5,2265.29
2024-09-30,Bhopal,Madhya Pradesh,33.6,19.9,26.8,84.4,0.0,2.4,165,Moderate,1023.0,36.3,2024,9,30,0,Monday,13.700000000000003,2261.92
2024-10-01,Mumbai,Maharashtra,43.2,32.9,38.0,66.8,44.9,14.9,144,Moderate,998.9,8.0,2024,10,1,1,Tuesday,10.300000000000004,2538.4
2024-10-01,Delhi,Delhi,36.5,31.0,33.7,69.6,0.0,20.0,339,Very Poor,1008.2,40.2,2024,10,1,1,Tuesday,5.5,2345.52
2024-10-01,Bengaluru,Karnataka,28.2,17.8,23.0,50.9,0.0,17.2,68,Satisfactory,1012.2,78.1,2024,10,1,1,Tuesday,10.399999999999999,1170.7
2024-10-01,Chennai,Tamil Nadu,30.9,19.4,25.2,38.9,0.0,21.5,309,Very Poor,1017.1,66.3,2024,10,1,1,Tuesday,11.5,980.28
2024-10-01,Kolkata,West Bengal,39.2,29.0,34.1,93.7,0.0,22.8,100,Satisfactory,1000.3,5.9,2024,10,1,1,Tuesday,10.200000000000003,3195.17
2024-10-01,Hyderabad,Telangana,27.2,19.0,23.1,83.7,6.6,13.6,308,Very Poor,1007.9,39.4,2024,10,1,1,Tuesday,8.2,1933.4700000000003
2024-10-01,Ahmedabad,Gujarat,31.4,25.4,28.4,49.7,0.0,4.6,153,Moderate,1013.1,69.3,2024,10,1,1,Tuesday,6.0,1411.48
2024-10-01,Jaipur,Rajasthan,41.9,27.1,34.5,43.4,5.8,11.5,291,Poor,996.8,76.5,2024,10,1,1,Tuesday,14.799999999999997,1497.3
2024-10-01,Lucknow,Uttar Pradesh,27.2,21.8,24.5,51.7,0.0,15.4,229,Poor,1018.0,55.2,2024,10,1,1,Tuesday,5.399999999999999,1266.65
2024-10-01,Bhopal,Madhya Pradesh,35.3,21.5,28.4,45.3,2.7,11.5,327,Very Poor,1002.2,98.2,2024,10,1,1,Tuesday,13.799999999999997,1286.5199999999998
2024-10-02,Mumbai,Maharashtra,44.4,38.0,41.2,87.9,0.0,13.7,294,Poor,993.8,56.1,2024,10,2,2,Wednesday,6.399999999999999,3621.4800000000005
2024-10-02,Delhi,Delhi,32.6,24.0,28.3,52.0,0.0,8.1,167,Moderate,1021.3,14.1,2024,10,2,2,Wednesday,8.600000000000001,1471.6000000000001
2024-10-02,Bengaluru,Karnataka,33.1,19.3,26.2,44.0,19.4,15.6,146,Moderate,1011.9,46.2,2024,10,2,2,Wednesday,13.8,1152.8
2024-10-02,Chennai,Tamil Nadu,29.3,18.2,23.7,92.0,0.0,23.5,183,Moderate,1002.3,41.1,2024,10,2,2,Wednesday,11.100000000000001,2180.4
2024-10-02,Kolkata,West Bengal,39.4,27.2,33.3,61.2,0.0,10.0,260,Poor,1009.6,58.0,2024,10,2,2,Wednesday,12.2,2037.9599999999998
2024-10-02,Hyderabad,Telangana,39.3,32.0,35.7,80.1,0.0,18.8,254,Poor,1008.4,46.5,2024,10,2,2,Wednesday,7.299999999999997,2859.57
2024-10-02,Ahmedabad,Gujarat,25.7,18.5,22.1,70.1,0.0,13.9,311,Very Poor,1011.8,44.9,2024,10,2,2,Wednesday,7.199999999999999,1549.21
2024-10-02,Jaipur,Rajasthan,35.5,30.1,32.8,44.5,0.0,24.5,45,Good,1001.1,55.6,2024,10,2,2,Wednesday,5.399999999999999,1459.6
2024-10-02,Lucknow,Uttar Pradesh,42.7,29.8,36.3,42.7,9.3,20.8,307,Very Poor,1015.9,92.2,2024,10,2,2,Wednesday,12.900000000000002,1550.01
2024-10-02,Bhopal,Madhya Pradesh,44.9,38.1,41.5,49.8,0.0,3.7,165,Moderate,1019.5,96.3,2024,10,2,2,Wednesday,6.799999999999997,2066.7
2024-10-03,Mumbai,Maharashtra,29.5,24.3,26.9,45.4,0.0,14.7,216,Poor,1014.3,31.3,2024,10,3,3,Thursday,5.199999999999999,1221.26
2024-10-03,Delhi,Delhi,39.3,25.9,32.6,59.4,0.0,6.3,127,Moderate,1002.6,8.4,2024,10,3,3,Thursday,13.399999999999999,1936.44
2024-10-03,Bengaluru,Karnataka,38.0,26.6,32.3,34.8,0.0,11.6,125,Moderate,1014.9,5.9,2024,10,3,3,Thursday,11.399999999999999,1124.0399999999997
2024-10-03,Chennai,Tamil Nadu,27.8,21.6,24.7,92.3,3.8,3.1,307,Very Poor,998.4,84.1,2024,10,3,3,Thursday,6.199999999999999,2279.81
2024-10-03,Kolkata,West Bengal,32.5,23.7,28.1,79.2,0.0,10.9,269,Poor,991.8,50.5,2024,10,3,3,Thursday,8.8,2225.52
2024-10-03,Hyderabad,Telangana,35.3,29.6,32.4,58.6,0.0,10.5,220,Poor,996.8,93.8,2024,10,3,3,Thursday,5.699999999999996,1898.6399999999999
2024-10-03,Ahmedabad,Gujarat,30.7,18.7,24.7,54.4,1.4,3.2,102,Moderate,999.5,24.8,2024,10,3,3,Thursday,12.0,1343.6799999999998
2024-10-03,Jaipur,Rajasthan,38.7,25.4,32.0,76.5,0.0,5.9,169,Moderate,1004.5,40.4,2024,10,3,3,Thursday,13.300000000000004,2448.0
2024-10-03,Lucknow,Uttar Pradesh,29.1,22.6,25.9,63.1,0.0,18.2,140,Moderate,1000.2,28.3,2024,10,3,3,Thursday,6.5,1634.29
2024-10-03,Bhopal,Madhya Pradesh,39.5,26.3,32.9,68.2,0.0,23.5,245,Poor,1012.3,7.6,2024,10,3,3,Thursday,13.2,2243.78
2024-10-04,Mumbai,Maharashtra,33.9,19.2,26.6,83.2,0.0,6.3,49,Good,1014.5,57.0,2024,10,4,4,Friday,14.7,2213.1200000000003
2024-10-04,Delhi,Delhi,37.9,26.6,32.3,39.4,0.0,21.6,75,Satisfactory,991.0,14.8,2024,10,4,4,Friday,11.299999999999997,1272.62
2024-10-04,Bengaluru,Karnataka,35.6,24.4,30.0,56.2,0.0,8.4,149,Moderate,991.4,6.3,2024,10,4,4,Friday,11.200000000000003,1686.0
2024-10-04,Chennai,Tamil Nadu,28.9,21.2,25.1,83.4,1.7,9.5,79,Satisfactory,1009.1,47.2,2024,10,4,4,Friday,7.699999999999999,2093.34
2024-10-04,Kolkata,West Bengal,43.1,32.4,37.8,87.2,0.0,5.3,203,Poor,1019.1,86.9,2024,10,4,4,Friday,10.700000000000003,3296.16
2024-10-04,Hyderabad,Telangana,27.1,20.7,23.9,82.9,0.0,9.6,192,Moderate,991.1,83.7,2024,10,4,4,Friday,6.400000000000002,1981.31
2024-10-04,Ahmedabad,Gujarat,37.8,28.7,33.3,52.5,2.3,10.3,59,Satisfactory,1001.2,5.1,2024,10,4,4,Friday,9.099999999999998,1748.2499999999998
2024-10-04,Jaipur,Rajasthan,37.5,27.3,32.4,58.3,0.0,5.7,68,Satisfactory,1018.7,59.7,2024,10,4,4,Friday,10.2,1888.9199999999998
2024-10-04,Lucknow,Uttar Pradesh,38.0,28.7,33.4,82.7,9.2,3.3,193,Moderate,1009.6,76.8,2024,10,4,4,Friday,9.3,2762.18
2024-10-04,Bhopal,Madhya Pradesh,36.9,22.9,29.9,42.9,1.1,21.6,257,Poor,1012.5,84.2,2024,10,4,4,Friday,14.0,1282.7099999999998
2024-10-05,Mumbai,Maharashtra,26.7,14.1,20.4,41.7,0.0,9.4,46,Good,995.9,32.9,2024,10,5,5,Saturday,12.6,850.68
2024-10-05,Delhi,Delhi,34.5,21.8,28.1,86.0,8.2,8.6,241,Poor,991.9,69.2,2024,10,5,5,Saturday,12.7,2416.6
2024-10-05,Bengaluru,Karnataka,41.0,29.9,35.5,40.2,8.5,19.8,94,Satisfactory,1000.4,12.1,2024,10,5,5,Saturday,11.100000000000001,1427.1000000000001
2024-10-05,Chennai,Tamil Nadu,26.9,19.4,23.1,59.9,9.1,2.6,79,Satisfactory,1001.9,69.8,2024,10,5,5,Saturday,7.5,1383.69
2024-10-05,Kolkata,West Bengal,41.0,26.9,33.9,53.0,7.1,2.5,260,Poor,995.3,72.4,2024,10,5,5,Saturday,14.100000000000001,1796.6999999999998
2024-10-05,Hyderabad,Telangana,37.8,28.0,32.9,73.9,77.7,20.3,77,Satisfactory,1014.3,59.5,2024,10,5,5,Saturday,9.799999999999997,2431.31
2024-10-05,Ahmedabad,Gujarat,28.3,15.1,21.7,82.2,0.0,9.5,328,Very Poor,1004.7,51.2,2024,10,5,5,Saturday,13.200000000000001,1783.74
2024-10-05,Jaipur,Rajasthan,27.2,17.0,22.1,53.9,0.0,25.0,212,Poor,1008.0,20.9,2024,10,5,5,Saturday,10.2,1191.19
2024-10-05,Lucknow,Uttar Pradesh,29.5,18.2,23.8,90.9,0.0,3.6,194,Moderate,1000.0,13.8,2024,10,5,5,Saturday,11.3,2163.42
2024-10-05,Bhopal,Madhya Pradesh,39.2,26.7,32.9,33.9,0.0,10.3,313,Very Poor,1000.5,65.3,2024,10,5,5,Saturday,12.500000000000004,1115.31
2024-10-06,Mumbai,Maharashtra,34.1,21.6,27.9,39.5,0.0,4.4,346,Very Poor,1000.8,57.5,2024,10,6,6,Sunday,12.5,1102.05
2024-10-06,Delhi,Delhi,40.9,32.1,36.5,67.4,6.3,15.1,81,Satisfactory,1013.4,75.9,2024,10,6,6,Sunday,8.799999999999997,2460.1000000000004
2024-10-06,Bengaluru,Karnataka,29.0,17.1,23.1,85.3,0.0,11.6,128,Moderate,1003.2,93.4,2024,10,6,6,Sunday,11.899999999999999,1970.43
2024-10-06,Chennai,Tamil Nadu,34.4,27.5,31.0,63.9,8.6,23.0,119,Moderate,992.6,76.9,2024,10,6,6,Sunday,6.899999999999999,1980.8999999999999
2024-10-06,Kolkata,West Bengal,28.5,17.5,23.0,75.9,12.7,18.8,48,Good,999.5,52.2,2024,10,6,6,Sunday,11.0,1745.7
2024-10-06,Hyderabad,Telangana,31.8,21.6,26.7,63.6,0.0,15.3,104,Moderate,999.5,45.4,2024,10,6,6,Sunday,10.2,1698.12
2024-10-06,Ahmedabad,Gujarat,37.7,28.4,33.0,31.0,0.0,15.5,335,Very Poor,1004.3,67.2,2024,10,6,6,Sunday,9.300000000000004,1023.0
2024-10-06,Jaipur,Rajasthan,35.6,22.7,29.1,78.9,9.2,22.8,335,Very Poor,1003.7,34.8,2024,10,6,6,Sunday,12.900000000000002,2295.9900000000002
2024-10-06,Lucknow,Uttar Pradesh,37.6,28.7,33.1,81.5,0.0,15.0,292,Poor,1018.9,48.4,2024,10,6,6,Sunday,8.900000000000002,2697.65
2024-10-06,Bhopal,Madhya Pradesh,31.2,20.5,25.8,43.6,0.0,20.6,74,Satisfactory,999.9,8.3,2024,10,6,6,Sunday,10.7,1124.88
2024-10-07,Mumbai,Maharashtra,39.9,32.3,36.1,72.5,0.0,11.3,96,Satisfactory,1023.2,35.4,2024,10,7,0,Monday,7.600000000000001,2617.25
2024-10-07,Delhi,Delhi,32.3,20.6,26.5,75.3,0.0,12.5,144,Moderate,1016.2,92.1,2024,10,7,0,Monday,11.699999999999996,1995.4499999999998
2024-10-07,Bengaluru,Karnataka,33.9,19.9,26.9,53.3,4.9,7.6,322,Very Poor,1001.4,38.5,2024,10,7,0,Monday,14.0,1433.7699999999998
2024-10-07,Chennai,Tamil Nadu,45.0,32.2,38.6,61.5,0.0,16.6,332,Very Poor,1011.2,50.7,2024,10,7,0,Monday,12.799999999999997,2373.9
2024-10-07,Kolkata,West Bengal,25.5,13.3,19.4,56.6,0.0,8.6,265,Poor,996.6,20.9,2024,10,7,0,Monday,12.2,1098.04
2024-10-07,Hyderabad,Telangana,29.8,20.0,24.9,46.1,0.0,15.9,260,Poor,1018.9,14.0,2024,10,7,0,Monday,9.8,1147.8899999999999
2024-10-07,Ahmedabad,Gujarat,31.5,25.2,28.3,65.5,0.0,4.3,266,Poor,1008.2,60.9,2024,10,7,0,Monday,6.300000000000001,1853.65
2024-10-07,Jaipur,Rajasthan,30.2,16.8,23.5,92.0,0.0,3.6,346,Very Poor,1001.4,13.3,2024,10,7,0,Monday,13.399999999999999,2162.0
2024-10-07,Lucknow,Uttar Pradesh,29.6,18.2,23.9,48.5,6.6,4.5,250,Poor,1021.3,84.8,2024,10,7,0,Monday,11.400000000000002,1159.1499999999999
2024-10-07,Bhopal,Madhya Pradesh,26.3,19.3,22.8,85.9,0.0,8.3,155,Moderate,997.8,59.7,2024,10,7,0,Monday,7.0,1958.5200000000002
2024-10-08,Mumbai,Maharashtra,27.8,17.5,22.6,55.2,7.4,12.0,49,Good,1004.2,27.1,2024,10,8,1,Tuesday,10.3,1247.5200000000002
2024-10-08,Delhi,Delhi,42.0,33.7,37.8,74.3,0.0,8.2,246,Poor,1022.7,69.8,2024,10,8,1,Tuesday,8.299999999999997,2808.5399999999995
2024-10-08,Bengaluru,Karnataka,33.5,20.1,26.8,76.4,0.0,2.2,198,Moderate,1018.3,16.7,2024,10,8,1,Tuesday,13.399999999999999,2047.5200000000002
2024-10-08,Chennai,Tamil Nadu,31.7,23.3,27.5,61.0,0.0,16.1,55,Satisfactory,998.3,15.0,2024,10,8,1,Tuesday,8.399999999999999,1677.5
2024-10-08,Kolkata,West Bengal,25.5,16.1,20.8,57.7,0.0,23.1,338,Very Poor,1010.6,7.6,2024,10,8,1,Tuesday,9.399999999999999,1200.16
2024-10-08,Hyderabad,Telangana,31.2,21.7,26.4,48.5,0.0,4.4,82,Satisfactory,1015.4,27.5,2024,10,8,1,Tuesday,9.5,1280.3999999999999
2024-10-08,Ahmedabad,Gujarat,35.0,22.0,28.5,48.1,0.0,16.2,59,Satisfactory,1023.4,84.9,2024,10,8,1,Tuesday,13.0,1370.8500000000001
2024-10-08,Jaipur,Rajasthan,31.4,25.0,28.2,91.7,9.9,21.4,43,Good,998.2,22.8,2024,10,8,1,Tuesday,6.399999999999999,2585.94
2024-10-08,Lucknow,Uttar Pradesh,33.2,19.2,26.2,88.7,0.0,20.0,223,Poor,1011.4,53.8,2024,10,8,1,Tuesday,14.000000000000004,2323.94
2024-10-08,Bhopal,Madhya Pradesh,26.9,17.1,22.0,94.5,0.0,14.4,304,Very Poor,1010.1,59.9,2024,10,8,1,Tuesday,9.799999999999997,2079.0
2024-10-09,Mumbai,Maharashtra,32.8,22.6,27.7,30.7,7.9,8.1,345,Very Poor,990.4,19.7,2024,10,9,2,Wednesday,10.199999999999996,850.39
2024-10-09,Delhi,Delhi,31.4,25.3,28.4,37.7,0.0,6.9,173,Moderate,1008.2,18.4,2024,10,9,2,Wednesday,6.099999999999998,1070.68
2024-10-09,Bengaluru,Karnataka,37.0,31.3,34.1,55.9,3.1,15.5,128,Moderate,1012.1,20.1,2024,10,9,2,Wednesday,5.699999999999999,1906.19
2024-10-09,Chennai,Tamil Nadu,29.2,18.8,24.0,60.0,0.0,24.4,154,Moderate,994.1,78.4,2024,10,9,2,Wednesday,10.399999999999999,1440.0
2024-10-09,Kolkata,West Bengal,42.3,36.6,39.4,54.4,79.5,6.4,87,Satisfactory,1012.0,55.9,2024,10,9,2,Wednesday,5.699999999999996,2143.3599999999997
2024-10-09,Hyderabad,Telangana,28.4,13.5,20.9,59.4,0.0,13.8,91,Satisfactory,1001.7,48.2,2024,10,9,2,Wednesday,14.899999999999999,1241.4599999999998
2024-10-09,Ahmedabad,Gujarat,31.5,25.8,28.7,87.8,0.0,12.9,301,Very Poor,1000.2,71.2,2024,10,9,2,Wednesday,5.699999999999999,2519.8599999999997
2024-10-09,Jaipur,Rajasthan,30.7,23.3,27.0,74.3,0.0,16.3,241,Poor,1008.0,15.8,2024,10,9,2,Wednesday,7.399999999999999,2006.1
2024-10-09,Lucknow,Uttar Pradesh,33.9,26.8,30.3,53.0,16.4,17.3,139,Moderate,993.6,83.2,2024,10,9,2,Wednesday,7.099999999999998,1605.9
2024-10-09,Bhopal,Madhya Pradesh,36.9,29.2,33.1,77.7,0.0,7.8,144,Moderate,1003.4,18.8,2024,10,9,2,Wednesday,7.699999999999999,2571.8700000000003
2024-10-10,Mumbai,Maharashtra,38.7,25.4,32.0,51.6,68.3,11.4,283,Poor,990.9,71.0,2024,10,10,3,Thursday,13.300000000000004,1651.2
2024-10-10,Delhi,Delhi,25.4,14.4,19.9,68.2,0.0,17.6,228,Poor,1008.1,28.6,2024,10,10,3,Thursday,10.999999999999998,1357.18
2024-10-10,Bengaluru,Karnataka,39.7,25.0,32.4,54.7,0.7,23.8,81,Satisfactory,993.6,37.5,2024,10,10,3,Thursday,14.700000000000003,1772.28
2024-10-10,Chennai,Tamil Nadu,41.7,27.9,34.8,62.6,0.0,13.6,164,Moderate,1014.3,34.0,2024,10,10,3,Thursday,13.800000000000004,2178.48
2024-10-10,Kolkata,West Bengal,25.4,14.3,19.9,57.5,0.0,8.1,141,Moderate,1021.7,6.5,2024,10,10,3,Thursday,11.099999999999998,1144.25
2024-10-10,Hyderabad,Telangana,43.9,32.3,38.1,64.6,0.0,7.7,335,Very Poor,996.7,20.0,2024,10,10,3,Thursday,11.600000000000001,2461.2599999999998
2024-10-10,Ahmedabad,Gujarat,37.0,25.7,31.4,92.0,0.0,13.7,180,Moderate,1006.7,10.9,2024,10,10,3,Thursday,11.3,2888.7999999999997
2024-10-10,Jaipur,Rajasthan,30.8,23.0,26.9,44.5,0.0,24.5,344,Very Poor,1022.6,59.6,2024,10,10,3,Thursday,7.800000000000001,1197.05
2024-10-10,Lucknow,Uttar Pradesh,44.8,36.3,40.5,58.9,0.0,17.9,110,Moderate,997.2,37.2,2024,10,10,3,Thursday,8.5,2385.45
2024-10-10,Bhopal,Madhya Pradesh,29.9,24.9,27.4,87.2,0.0,14.8,70,Satisfactory,1024.8,18.8,2024,10,10,3,Thursday,5.0,2389.2799999999997
2024-10-11,Mumbai,Maharashtra,33.8,23.1,28.4,49.1,0.0,23.1,290,Poor,991.5,27.3,2024,10,11,4,Friday,10.699999999999996,1394.44
2024-10-11,Delhi,Delhi,41.7,35.6,38.6,93.3,0.0,8.8,219,Poor,995.3,32.7,2024,10,11,4,Friday,6.100000000000001,3601.38
2024-10-11,Bengaluru,Karnataka,41.5,32.9,37.2,52.6,4.7,9.5,262,Poor,1010.5,42.0,2024,10,11,4,Friday,8.600000000000001,1956.7200000000003
2024-10-11,Chennai,Tamil Nadu,28.3,20.7,24.5,57.7,50.1,4.4,226,Poor,1006.1,44.8,2024,10,11,4,Friday,7.600000000000001,1413.65
2024-10-11,Kolkata,West Bengal,41.2,27.8,34.5,73.6,0.0,21.2,266,Poor,1022.3,51.7,2024,10,11,4,Friday,13.400000000000002,2539.2
2024-10-11,Hyderabad,Telangana,32.5,26.0,29.2,68.1,42.0,4.0,142,Moderate,991.1,62.6,2024,10,11,4,Friday,6.5,1988.5199999999998
2024-10-11,Ahmedabad,Gujarat,33.4,24.3,28.8,35.6,0.0,11.8,73,Satisfactory,1024.0,83.5,2024,10,11,4,Friday,9.099999999999998,1025.28
2024-10-11,Jaipur,Rajasthan,35.2,22.9,29.0,75.4,0.0,12.7,61,Satisfactory,1012.7,62.8,2024,10,11,4,Friday,12.300000000000004,2186.6000000000004
2024-10-11,Lucknow,Uttar Pradesh,26.3,11.6,19.0,39.9,0.0,6.2,180,Moderate,1006.4,59.1,2024,10,11,4,Friday,14.700000000000001,758.1
2024-10-11,Bhopal,Madhya Pradesh,43.4,35.5,39.5,73.0,1.2,7.2,71,Satisfactory,1010.6,19.6,2024,10,11,4,Friday,7.899999999999999,2883.5
2024-10-12,Mumbai,Maharashtra,35.5,23.7,29.6,37.4,0.0,6.7,287,Poor,995.9,13.6,2024,10,12,5,Saturday,11.8,1107.04
2024-10-12,Delhi,Delhi,34.9,26.0,30.5,91.8,0.0,7.5,199,Moderate,1007.5,32.7,2024,10,12,5,Saturday,8.899999999999999,2799.9
2024-10-12,Bengaluru,Karnataka,38.4,25.6,32.0,76.2,0.0,6.6,141,Moderate,993.0,55.1,2024,10,12,5,Saturday,12.799999999999997,2438.4
2024-10-12,Chennai,Tamil Nadu,40.1,32.0,36.1,93.6,0.0,14.9,189,Moderate,1014.3,52.3,2024,10,12,5,Saturday,8.100000000000001,3378.96
2024-10-12,Kolkata,West Bengal,32.4,24.6,28.5,91.5,0.0,21.7,290,Poor,1010.5,79.0,2024,10,12,5,Saturday,7.799999999999997,2607.75
2024-10-12,Hyderabad,Telangana,41.5,31.0,36.2,41.5,0.0,14.8,49,Good,1007.4,62.2,2024,10,12,5,Saturday,10.5,1502.3000000000002
2024-10-12,Ahmedabad,Gujarat,25.7,13.4,19.5,42.6,48.3,21.2,76,Satisfactory,1004.5,63.6,2024,10,12,5,Saturday,12.299999999999999,830.7
2024-10-12,Jaipur,Rajasthan,32.7,20.4,26.6,70.5,4.9,8.3,155,Moderate,1018.7,63.1,2024,10,12,5,Saturday,12.300000000000004,1875.3000000000002
2024-10-12,Lucknow,Uttar Pradesh,25.8,18.5,22.2,87.8,0.0,16.9,135,Moderate,1006.3,66.2,2024,10,12,5,Saturday,7.300000000000001,1949.1599999999999
2024-10-12,Bhopal,Madhya Pradesh,41.8,29.8,35.8,51.4,0.0,3.8,290,Poor,1014.5,87.2,2024,10,12,5,Saturday,11.999999999999996,1840.12
2024-10-13,Mumbai,Maharashtra,38.1,31.7,34.9,36.1,69.8,7.6,49,Good,1016.7,59.5,2024,10,13,6,Sunday,6.400000000000002,1259.89
2024-10-13,Delhi,Delhi,35.9,22.8,29.3,47.9,0.0,5.7,287,Poor,1019.3,44.6,2024,10,13,6,Sunday,13.099999999999998,1403.47
2024-10-13,Bengaluru,Karnataka,35.6,25.8,30.7,82.4,0.0,16.6,109,Moderate,1014.6,90.4,2024,10,13,6,Sunday,9.8,2529.6800000000003
2024-10-13,Chennai,Tamil Nadu,37.1,27.8,32.4,54.9,1.2,19.2,65,Satisfactory,1003.4,83.7,2024,10,13,6,Sunday,9.3,1778.7599999999998
2024-10-13,Kolkata,West Bengal,37.5,23.8,30.7,84.5,0.0,21.3,64,Satisfactory,1008.6,77.7,2024,10,13,6,Sunday,13.7,2594.15
2024-10-13,Hyderabad,Telangana,36.8,26.3,31.5,69.6,7.0,7.1,232,Poor,1018.9,16.6,2024,10,13,6,Sunday,10.499999999999996,2192.3999999999996
2024-10-13,Ahmedabad,Gujarat,42.7,36.6,39.6,85.2,0.0,11.3,219,Poor,1023.9,24.2,2024,10,13,6,Sunday,6.100000000000001,3373.92
2024-10-13,Jaipur,Rajasthan,26.7,19.5,23.1,79.6,0.0,13.9,94,Satisfactory,991.3,95.9,2024,10,13,6,Sunday,7.199999999999999,1838.76
2024-10-13,Lucknow,Uttar Pradesh,35.8,26.8,31.3,57.0,0.0,13.5,91,Satisfactory,1017.7,47.1,2024,10,13,6,Sunday,8.999999999999996,1784.1000000000001
2024-10-13,Bhopal,Madhya Pradesh,31.3,24.1,27.7,38.2,0.0,15.9,297,Poor,1024.8,96.6,2024,10,13,6,Sunday,7.199999999999999,1058.14
2024-10-14,Mumbai,Maharashtra,30.3,25.1,27.7,84.2,0.0,6.1,274,Poor,1019.2,78.8,2024,10,14,0,Monday,5.199999999999999,2332.34
2024-10-14,Delhi,Delhi,41.3,34.1,37.7,77.4,0.0,18.2,69,Satisfactory,1024.0,9.1,2024,10,14,0,Monday,7.199999999999996,2917.9800000000005
2024-10-14,Bengaluru,Karnataka,27.5,18.2,22.8,48.9,0.0,18.5,274,Poor,1002.7,38.6,2024,10,14,0,Monday,9.3,1114.92
2024-10-14,Chennai,Tamil Nadu,40.6,35.5,38.0,39.3,0.0,17.4,214,Poor,1019.0,23.2,2024,10,14,0,Monday,5.100000000000001,1493.3999999999999
2024-10-14,Kolkata,West Bengal,32.4,22.3,27.3,70.3,0.0,16.4,76,Satisfactory,1003.8,20.5,2024,10,14,0,Monday,10.099999999999998,1919.19
2024-10-14,Hyderabad,Telangana,36.2,28.2,32.2,94.8,4.1,7.6,180,Moderate,1007.3,50.8,2024,10,14,0,Monday,8.000000000000004,3052.5600000000004
2024-10-14,Ahmedabad,Gujarat,40.9,33.8,37.3,88.8,0.0,8.4,54,Satisfactory,1001.6,57.9,2024,10,14,0,Monday,7.100000000000001,3312.24
2024-10-14,Jaipur,Rajasthan,43.3,37.3,40.3,48.2,1.2,16.1,288,Poor,998.0,87.8,2024,10,14,0,Monday,6.0,1942.46
2024-10-14,Lucknow,Uttar Pradesh,40.1,26.6,33.3,70.3,0.0,14.8,325,Very Poor,1021.1,61.4,2024,10,14,0,Monday,13.5,2340.99
2024-10-14,Bhopal,Madhya Pradesh,32.1,20.2,26.2,72.2,0.0,5.3,184,Moderate,1024.3,9.3,2024,10,14,0,Monday,11.900000000000002,1891.64
2024-10-15,Mumbai,Maharashtra,33.5,24.9,29.2,80.8,0.0,15.0,340,Very Poor,1021.2,99.4,2024,10,15,1,Tuesday,8.600000000000001,2359.3599999999997
2024-10-15,Delhi,Delhi,39.4,32.9,36.1,31.5,8.3,8.4,179,Moderate,1012.4,35.0,2024,10,15,1,Tuesday,6.5,1137.15
2024-10-15,Bengaluru,Karnataka,32.6,18.5,25.6,45.2,5.8,15.0,108,Moderate,1022.3,14.7,2024,10,15,1,Tuesday,14.100000000000001,1157.1200000000001
2024-10-15,Chennai,Tamil Nadu,40.3,31.6,36.0,40.8,0.0,8.7,50,Good,1018.3,54.4,2024,10,15,1,Tuesday,8.699999999999996,1468.8
2024-10-15,Kolkata,West Bengal,30.6,19.2,24.9,43.0,0.0,23.1,245,Poor,1003.7,27.3,2024,10,15,1,Tuesday,11.400000000000002,1070.7
2024-10-15,Hyderabad,Telangana,36.5,28.1,32.3,52.3,4.0,17.0,153,Moderate,1005.4,42.8,2024,10,15,1,Tuesday,8.399999999999999,1689.2899999999997
2024-10-15,Ahmedabad,Gujarat,30.7,24.8,27.7,47.4,3.3,11.1,345,Very Poor,1023.1,83.6,2024,10,15,1,Tuesday,5.899999999999999,1312.98
2024-10-15,Jaipur,Rajasthan,42.5,31.4,36.9,68.9,1.4,13.7,202,Poor,1014.3,47.2,2024,10,15,1,Tuesday,11.100000000000001,2542.4100000000003
2024-10-15,Lucknow,Uttar Pradesh,33.0,20.8,26.9,87.0,0.0,23.0,101,Moderate,999.6,89.4,2024,10,15,1,Tuesday,12.2,2340.2999999999997
2024-10-15,Bhopal,Madhya Pradesh,33.8,21.3,27.5,71.6,0.0,8.3,255,Poor,1012.6,24.4,2024,10,15,1,Tuesday,12.499999999999996,1968.9999999999998
2024-10-16,Mumbai,Maharashtra,25.1,14.6,19.8,56.1,3.1,24.2,188,Moderate,1019.2,73.1,2024,10,16,2,Wednesday,10.500000000000002,1110.78
2024-10-16,Delhi,Delhi,32.8,27.5,30.2,53.3,0.0,8.3,230,Poor,999.6,10.9,2024,10,16,2,Wednesday,5.299999999999997,1609.6599999999999
2024-10-16,Bengaluru,Karnataka,34.0,22.9,28.4,65.5,8.0,13.5,56,Satisfactory,1002.4,93.7,2024,10,16,2,Wednesday,11.100000000000001,1860.1999999999998
2024-10-16,Chennai,Tamil Nadu,28.1,18.9,23.5,69.9,0.0,13.1,90,Satisfactory,1004.8,54.4,2024,10,16,2,Wednesday,9.200000000000003,1642.65
2024-10-16,Kolkata,West Bengal,27.2,19.3,23.2,76.1,0.0,14.9,318,Very Poor,1000.7,14.3,2024,10,16,2,Wednesday,7.899999999999999,1765.5199999999998
2024-10-16,Hyderabad,Telangana,37.0,25.0,31.0,60.2,0.0,22.5,67,Satisfactory,1000.7,18.1,2024,10,16,2,Wednesday,12.0,1866.2
2024-10-16,Ahmedabad,Gujarat,39.4,27.4,33.4,75.5,0.0,16.2,336,Very Poor,1024.3,34.7,2024,10,16,2,Wednesday,12.0,2521.7
2024-10-16,Jaipur,Rajasthan,28.0,15.3,21.7,71.1,0.0,3.6,320,Very Poor,1010.8,62.3,2024,10,16,2,Wednesday,12.7,1542.87
2024-10-16,Lucknow,Uttar Pradesh,34.4,28.7,31.5,43.6,0.2,25.0,112,Moderate,1004.4,6.8,2024,10,16,2,Wednesday,5.699999999999999,1373.4
2024-10-16,Bhopal,Madhya Pradesh,36.8,22.1,29.4,36.7,1.3,7.8,326,Very Poor,1018.5,17.2,2024,10,16,2,Wednesday,14.699999999999996,1078.98
2024-10-17,Mumbai,Maharashtra,29.0,23.2,26.1,52.1,2.0,13.3,48,Good,1013.1,39.7,2024,10,17,3,Thursday,5.800000000000001,1359.8100000000002
2024-10-17,Delhi,Delhi,44.5,31.3,37.9,34.8,0.0,15.3,83,Satisfactory,1008.7,24.8,2024,10,17,3,Thursday,13.2,1318.9199999999998
2024-10-17,Bengaluru,Karnataka,40.2,32.0,36.1,45.9,0.0,22.1,172,Moderate,1014.1,37.8,2024,10,17,3,Thursday,8.200000000000003,1656.99
2024-10-17,Chennai,Tamil Nadu,39.5,32.4,36.0,60.5,6.6,14.6,204,Poor,997.0,44.0,2024,10,17,3,Thursday,7.100000000000001,2178.0
2024-10-17,Kolkata,West Bengal,40.6,29.1,34.8,57.7,0.0,9.9,52,Satisfactory,998.0,64.4,2024,10,17,3,Thursday,11.5,2007.96
2024-10-17,Hyderabad,Telangana,28.5,20.6,24.6,74.4,0.0,15.0,289,Poor,991.1,34.5,2024,10,17,3,Thursday,7.899999999999999,1830.2400000000002
2024-10-17,Ahmedabad,Gujarat,34.1,27.6,30.9,58.5,0.0,10.0,301,Very Poor,1022.8,58.4,2024,10,17,3,Thursday,6.5,1807.6499999999999
2024-10-17,Jaipur,Rajasthan,40.2,28.6,34.4,62.3,0.0,4.7,338,Very Poor,1005.6,74.9,2024,10,17,3,Thursday,11.600000000000001,2143.12
2024-10-17,Lucknow,Uttar Pradesh,32.5,22.1,27.3,85.3,0.0,22.7,184,Moderate,995.6,36.3,2024,10,17,3,Thursday,10.399999999999999,2328.69
2024-10-17,Bhopal,Madhya Pradesh,41.9,27.6,34.8,57.7,0.0,23.8,191,Moderate,1007.8,22.7,2024,10,17,3,Thursday,14.299999999999997,2007.96
2024-10-18,Mumbai,Maharashtra,40.7,27.4,34.0,86.2,0.0,16.0,62,Satisfactory,1016.6,45.4,2024,10,18,4,Friday,13.300000000000004,2930.8
2024-10-18,Delhi,Delhi,32.0,20.8,26.4,42.5,0.0,19.1,256,Poor,999.1,16.8,2024,10,18,4,Friday,11.2,1122.0
2024-10-18,Bengaluru,Karnataka,41.9,36.7,39.3,45.2,37.0,8.3,66,Satisfactory,997.6,25.3,2024,10,18,4,Friday,5.199999999999996,1776.36
2024-10-18,Chennai,Tamil Nadu,42.9,28.1,35.5,92.0,8.5,21.0,238,Poor,997.3,41.9,2024,10,18,4,Friday,14.799999999999997,3266.0
2024-10-18,Kolkata,West Bengal,42.5,30.9,36.7,84.5,60.2,5.5,239,Poor,1022.4,54.6,2024,10,18,4,Friday,11.600000000000001,3101.15
2024-10-18,Hyderabad,Telangana,42.6,33.5,38.0,57.2,0.0,8.7,182,Moderate,1022.5,13.3,2024,10,18,4,Friday,9.100000000000001,2173.6
2024-10-18,Ahmedabad,Gujarat,43.9,29.9,36.9,75.6,0.0,4.1,247,Poor,1017.5,35.8,2024,10,18,4,Friday,14.0,2789.64
2024-10-18,Jaipur,Rajasthan,32.2,22.5,27.3,66.1,0.0,5.0,98,Satisfactory,992.7,62.4,2024,10,18,4,Friday,9.700000000000003,1804.53
2024-10-18,Lucknow,Uttar Pradesh,26.2,12.2,19.2,64.7,0.0,12.8,84,Satisfactory,1013.4,65.9,2024,10,18,4,Friday,14.0,1242.24
2024-10-18,Bhopal,Madhya Pradesh,37.7,28.6,33.1,60.2,0.0,22.1,259,Poor,997.4,32.9,2024,10,18,4,Friday,9.100000000000001,1992.6200000000001
2024-10-19,Mumbai,Maharashtra,38.7,25.7,32.2,42.0,0.0,8.7,58,Satisfactory,1014.1,5.0,2024,10,19,5,Saturday,13.000000000000004,1352.4
2024-10-19,Delhi,Delhi,33.7,19.1,26.4,87.9,0.0,9.0,132,Moderate,1013.7,17.8,2024,10,19,5,Saturday,14.600000000000001,2320.56
2024-10-19,Bengaluru,Karnataka,26.1,16.4,21.2,43.6,0.0,14.4,285,Poor,1016.2,15.7,2024,10,19,5,Saturday,9.700000000000003,924.32
2024-10-19,Chennai,Tamil Nadu,25.5,16.1,20.8,68.2,0.0,13.9,101,Moderate,1003.9,50.5,2024,10,19,5,Saturday,9.399999999999999,1418.5600000000002
2024-10-19,Kolkata,West Bengal,35.0,28.5,31.8,78.4,15.5,16.2,235,Poor,1001.1,9.3,2024,10,19,5,Saturday,6.5,2493.1200000000003
2024-10-19,Hyderabad,Telangana,32.5,18.4,25.4,32.3,76.5,2.6,257,Poor,1015.1,26.0,2024,10,19,5,Saturday,14.100000000000001,820.4199999999998
2024-10-19,Ahmedabad,Gujarat,42.4,36.4,39.4,45.5,0.0,20.4,284,Poor,1000.4,51.9,2024,10,19,5,Saturday,6.0,1792.7
2024-10-19,Jaipur,Rajasthan,34.9,25.6,30.3,30.8,5.7,7.9,231,Poor,1013.6,66.4,2024,10,19,5,Saturday,9.299999999999997,933.24
2024-10-19,Lucknow,Uttar Pradesh,30.3,22.7,26.5,86.1,0.2,20.8,212,Poor,1002.5,67.1,2024,10,19,5,Saturday,7.600000000000001,2281.6499999999996
2024-10-19,Bhopal,Madhya Pradesh,26.3,15.1,20.7,82.9,9.9,11.5,77,Satisfactory,990.3,63.4,2024,10,19,5,Saturday,11.200000000000001,1716.03
2024-10-20,Mumbai,Maharashtra,32.6,25.0,28.8,53.5,0.0,7.5,109,Moderate,1012.2,86.1,2024,10,20,6,Sunday,7.600000000000001,1540.8
2024-10-20,Delhi,Delhi,35.2,23.7,29.4,66.7,0.0,10.5,197,Moderate,1008.6,7.0,2024,10,20,6,Sunday,11.500000000000004,1960.98
2024-10-20,Bengaluru,Karnataka,38.1,25.5,31.8,37.4,0.0,7.7,201,Poor,1010.1,88.8,2024,10,20,6,Sunday,12.600000000000001,1189.32
2024-10-20,Chennai,Tamil Nadu,38.2,29.7,33.9,55.2,0.0,6.4,268,Poor,1002.9,86.1,2024,10,20,6,Sunday,8.500000000000004,1871.28
2024-10-20,Kolkata,West Bengal,31.7,17.6,24.7,34.9,0.0,4.0,240,Poor,1013.1,62.1,2024,10,20,6,Sunday,14.099999999999998,862.03
2024-10-20,Hyderabad,Telangana,38.8,26.2,32.5,43.5,50.6,7.3,269,Poor,992.1,67.1,2024,10,20,6,Sunday,12.599999999999998,1413.75
2024-10-20,Ahmedabad,Gujarat,30.7,20.0,25.3,33.9,0.0,3.0,270,Poor,1005.0,14.2,2024,10,20,6,Sunday,10.7,857.67
2024-10-20,Jaipur,Rajasthan,43.0,35.4,39.2,70.9,0.0,7.3,306,Very Poor,1012.6,17.4,2024,10,20,6,Sunday,7.600000000000001,2779.28
2024-10-20,Lucknow,Uttar Pradesh,38.3,26.2,32.2,90.8,0.0,9.7,329,Very Poor,1015.0,56.1,2024,10,20,6,Sunday,12.099999999999998,2923.76
2024-10-20,Bhopal,Madhya Pradesh,29.8,21.7,25.7,50.5,0.0,11.8,199,Moderate,992.6,44.0,2024,10,20,6,Sunday,8.100000000000001,1297.85
2024-10-21,Mumbai,Maharashtra,26.3,16.2,21.3,92.4,0.0,8.6,180,Moderate,1024.9,31.1,2024,10,21,0,Monday,10.100000000000001,1968.1200000000001
2024-10-21,Delhi,Delhi,25.1,16.6,20.8,34.6,0.0,8.6,143,Moderate,1018.5,5.3,2024,10,21,0,Monday,8.5,719.6800000000001
2024-10-21,Bengaluru,Karnataka,38.2,24.1,31.2,45.3,47.7,3.2,46,Good,1004.9,22.3,2024,10,21,0,Monday,14.100000000000001,1413.36
2024-10-21,Chennai,Tamil Nadu,27.9,13.2,20.6,44.0,24.4,17.1,138,Moderate,994.0,60.3,2024,10,21,0,Monday,14.7,906.4000000000001
2024-10-21,Kolkata,West Bengal,32.7,23.3,28.0,57.5,0.0,23.3,44,Good,1022.8,8.9,2024,10,21,0,Monday,9.400000000000002,1610.0
2024-10-21,Hyderabad,Telangana,33.5,22.6,28.0,48.1,2.7,5.8,152,Moderate,1021.0,69.6,2024,10,21,0,Monday,10.899999999999999,1346.8
2024-10-21,Ahmedabad,Gujarat,38.7,32.5,35.6,60.4,0.0,5.5,86,Satisfactory,1012.2,69.0,2024,10,21,0,Monday,6.200000000000003,2150.2400000000002
2024-10-21,Jaipur,Rajasthan,25.5,12.6,19.0,30.1,3.5,21.3,263,Poor,1015.4,28.5,2024,10,21,0,Monday,12.9,571.9
2024-10-21,Lucknow,Uttar Pradesh,29.9,22.8,26.4,65.6,0.0,20.0,172,Moderate,1020.1,62.4,2024,10,21,0,Monday,7.099999999999998,1731.8399999999997
2024-10-21,Bhopal,Madhya Pradesh,41.9,29.6,35.8,67.7,0.0,8.6,92,Satisfactory,1001.9,54.0,2024,10,21,0,Monday,12.299999999999997,2423.66
2024-10-22,Mumbai,Maharashtra,41.1,34.7,37.9,61.3,0.0,12.9,235,Poor,1019.7,99.1,2024,10,22,1,Tuesday,6.399999999999999,2323.27
2024-10-22,Delhi,Delhi,40.9,35.7,38.3,87.2,9.5,13.8,225,Poor,1000.0,86.0,2024,10,22,1,Tuesday,5.199999999999996,3339.7599999999998
2024-10-22,Bengaluru,Karnataka,36.6,25.0,30.8,85.6,0.0,24.5,292,Poor,1009.4,94.1,2024,10,22,1,Tuesday,11.600000000000001,2636.48
2024-10-22,Chennai,Tamil Nadu,38.3,29.8,34.1,49.8,6.5,19.5,193,Moderate,1000.9,71.8,2024,10,22,1,Tuesday,8.499999999999996,1698.18
2024-10-22,Kolkata,West Bengal,31.5,22.3,26.9,88.2,0.0,6.9,293,Poor,1009.1,19.0,2024,10,22,1,Tuesday,9.2,2372.58
2024-10-22,Hyderabad,Telangana,29.5,18.5,24.0,38.1,9.8,19.7,71,Satisfactory,1015.0,83.6,2024,10,22,1,Tuesday,11.0,914.4000000000001
2024-10-22,Ahmedabad,Gujarat,38.6,30.9,34.7,81.1,0.0,10.5,70,Satisfactory,1002.8,16.6,2024,10,22,1,Tuesday,7.700000000000003,2814.17
2024-10-22,Jaipur,Rajasthan,32.7,17.8,25.2,67.0,6.3,24.0,192,Moderate,1010.6,11.2,2024,10,22,1,Tuesday,14.900000000000002,1688.3999999999999
2024-10-22,Lucknow,Uttar Pradesh,44.9,36.0,40.4,68.6,19.9,8.9,339,Very Poor,1000.7,41.8,2024,10,22,1,Tuesday,8.899999999999999,2771.4399999999996
2024-10-22,Bhopal,Madhya Pradesh,26.7,13.5,20.1,52.2,0.0,5.0,84,Satisfactory,995.1,77.1,2024,10,22,1,Tuesday,13.2,1049.22
2024-10-23,Mumbai,Maharashtra,30.2,23.2,26.7,53.1,70.0,11.5,272,Poor,1011.4,66.0,2024,10,23,2,Wednesday,7.0,1417.77
2024-10-23,Delhi,Delhi,35.4,25.3,30.4,71.0,0.0,8.2,207,Poor,1009.2,39.2,2024,10,23,2,Wednesday,10.099999999999998,2158.4
2024-10-23,Bengaluru,Karnataka,33.1,19.8,26.4,34.8,0.0,11.7,310,Very Poor,1018.0,31.7,2024,10,23,2,Wednesday,13.3,918.7199999999999
2024-10-23,Chennai,Tamil Nadu,42.9,31.4,37.2,80.2,46.8,8.5,230,Poor,995.4,32.3,2024,10,23,2,Wednesday,11.5,2983.4400000000005
2024-10-23,Kolkata,West Bengal,28.7,14.6,21.7,56.7,0.0,3.4,333,Very Poor,999.0,51.6,2024,10,23,2,Wednesday,14.1,1230.39
2024-10-23,Hyderabad,Telangana,32.8,21.4,27.1,57.8,0.0,22.3,238,Poor,1016.4,41.0,2024,10,23,2,Wednesday,11.399999999999999,1566.38
2024-10-23,Ahmedabad,Gujarat,27.2,15.2,21.2,83.5,0.0,14.0,151,Moderate,1023.9,92.4,2024,10,23,2,Wednesday,12.0,1770.2
2024-10-23,Jaipur,Rajasthan,40.6,26.4,33.5,47.0,0.0,6.6,203,Poor,1007.7,85.1,2024,10,23,2,Wednesday,14.200000000000003,1574.5
2024-10-23,Lucknow,Uttar Pradesh,27.5,20.0,23.7,66.6,0.0,19.3,262,Poor,1021.8,53.5,2024,10,23,2,Wednesday,7.5,1578.4199999999998
2024-10-23,Bhopal,Madhya Pradesh,43.3,31.9,37.6,73.8,0.0,21.4,232,Poor,1000.4,90.2,2024,10,23,2,Wednesday,11.399999999999999,2774.88
2024-10-24,Mumbai,Maharashtra,33.5,22.2,27.8,56.1,43.8,13.7,85,Satisfactory,1013.1,99.8,2024,10,24,3,Thursday,11.3,1559.5800000000002
2024-10-24,Delhi,Delhi,39.7,33.3,36.5,84.5,75.7,3.7,200,Moderate,994.8,62.1,2024,10,24,3,Thursday,6.400000000000006,3084.25
2024-10-24,Bengaluru,Karnataka,28.4,22.1,25.2,66.7,0.6,20.1,210,Poor,990.6,9.5,2024,10,24,3,Thursday,6.299999999999997,1680.84
2024-10-24,Chennai,Tamil Nadu,44.9,36.5,40.7,52.4,1.4,4.3,192,Moderate,1006.4,68.4,2024,10,24,3,Thursday,8.399999999999999,2132.6800000000003
2024-10-24,Kolkata,West Bengal,38.5,25.3,31.9,74.6,69.8,10.9,106,Moderate,996.1,82.7,2024,10,24,3,Thursday,13.2,2379.74
2024-10-24,Hyderabad,Telangana,43.6,38.4,41.0,89.9,0.0,24.8,55,Satisfactory,998.0,30.1,2024,10,24,3,Thursday,5.200000000000003,3685.9
2024-10-24,Ahmedabad,Gujarat,43.8,34.2,39.0,73.9,6.9,14.9,97,Satisfactory,1014.9,76.3,2024,10,24,3,Thursday,9.599999999999994,2882.1000000000004
2024-10-24,Jaipur,Rajasthan,27.2,21.4,24.3,54.3,53.1,9.6,108,Moderate,1016.6,55.5,2024,10,24,3,Thursday,5.800000000000001,1319.49
2024-10-24,Lucknow,Uttar Pradesh,37.3,22.6,30.0,38.1,0.0,16.3,183,Moderate,1019.4,74.4,2024,10,24,3,Thursday,14.699999999999996,1143.0
2024-10-24,Bhopal,Madhya Pradesh,43.2,35.2,39.2,79.0,4.8,22.7,268,Poor,997.5,68.5,2024,10,24,3,Thursday,8.0,3096.8
2024-10-25,Mumbai,Maharashtra,39.8,29.8,34.8,30.7,32.6,21.3,96,Satisfactory,993.7,95.2,2024,10,25,4,Friday,9.999999999999996,1068.36
2024-10-25,Delhi,Delhi,33.3,26.1,29.7,85.9,7.5,6.2,113,Moderate,1003.4,40.8,2024,10,25,4,Friday,7.199999999999996,2551.23
2024-10-25,Bengaluru,Karnataka,42.5,30.7,36.6,48.2,0.0,14.1,167,Moderate,999.7,71.5,2024,10,25,4,Friday,11.8,1764.1200000000001
2024-10-25,Chennai,Tamil Nadu,31.3,16.9,24.1,47.1,0.0,7.0,277,Poor,1000.6,87.1,2024,10,25,4,Friday,14.400000000000002,1135.1100000000001
2024-10-25,Kolkata,West Bengal,38.6,29.0,33.8,63.0,0.0,13.4,121,Moderate,992.0,13.4,2024,10,25,4,Friday,9.600000000000001,2129.3999999999996
2024-10-25,Hyderabad,Telangana,32.3,23.4,27.9,37.7,0.0,9.5,159,Moderate,992.5,71.8,2024,10,25,4,Friday,8.899999999999999,1051.83
2024-10-25,Ahmedabad,Gujarat,31.5,25.3,28.4,44.7,2.4,2.4,72,Satisfactory,1011.6,29.3,2024,10,25,4,Friday,6.199999999999999,1269.48
2024-10-25,Jaipur,Rajasthan,39.1,32.8,36.0,58.8,48.8,20.1,42,Good,1017.1,38.8,2024,10,25,4,Friday,6.300000000000004,2116.7999999999997
2024-10-25,Lucknow,Uttar Pradesh,39.7,24.7,32.2,56.4,0.0,5.9,145,Moderate,1006.6,80.7,2024,10,25,4,Friday,15.000000000000004,1816.0800000000002
2024-10-25,Bhopal,Madhya Pradesh,43.1,32.7,37.9,60.3,7.9,7.6,319,Very Poor,999.8,61.9,2024,10,25,4,Friday,10.399999999999999,2285.37
2024-10-26,Mumbai,Maharashtra,36.6,25.1,30.8,80.5,0.0,6.0,110,Moderate,1002.3,28.4,2024,10,26,5,Saturday,11.5,2479.4
2024-10-26,Delhi,Delhi,30.7,23.8,27.2,73.4,0.0,19.7,125,Moderate,994.5,59.3,2024,10,26,5,Saturday,6.899999999999999,1996.48
2024-10-26,Bengaluru,Karnataka,35.6,27.3,31.4,81.4,0.0,8.3,331,Very Poor,1022.2,46.5,2024,10,26,5,Saturday,8.3,2555.96
2024-10-26,Chennai,Tamil Nadu,32.8,18.3,25.6,90.2,0.0,23.0,163,Moderate,1021.0,22.8,2024,10,26,5,Saturday,14.499999999999996,2309.1200000000003
2024-10-26,Kolkata,West Bengal,41.7,30.9,36.3,85.1,0.0,5.3,187,Moderate,992.9,93.9,2024,10,26,5,Saturday,10.800000000000004,3089.1299999999997
2024-10-26,Hyderabad,Telangana,26.3,18.1,22.2,52.8,8.1,2.5,235,Poor,1021.9,25.5,2024,10,26,5,Saturday,8.2,1172.1599999999999
2024-10-26,Ahmedabad,Gujarat,26.2,20.4,23.3,30.6,0.0,8.7,107,Moderate,1019.8,14.6,2024,10,26,5,Saturday,5.800000000000001,712.98
2024-10-26,Jaipur,Rajasthan,33.5,20.1,26.8,46.6,0.0,4.8,234,Poor,1013.8,28.1,2024,10,26,5,Saturday,13.399999999999999,1248.88
2024-10-26,Lucknow,Uttar Pradesh,29.5,20.6,25.0,85.7,7.4,16.5,120,Moderate,993.2,49.3,2024,10,26,5,Saturday,8.899999999999999,2142.5
2024-10-26,Bhopal,Madhya Pradesh,34.3,21.6,28.0,40.3,28.9,19.2,119,Moderate,990.7,43.1,2024,10,26,5,Saturday,12.699999999999996,1128.3999999999999
2024-10-27,Mumbai,Maharashtra,37.8,28.2,33.0,92.7,2.3,21.0,133,Moderate,1004.2,70.3,2024,10,27,6,Sunday,9.599999999999998,3059.1
2024-10-27,Delhi,Delhi,33.7,19.8,26.7,91.7,7.2,2.6,130,Moderate,993.6,67.8,2024,10,27,6,Sunday,13.900000000000002,2448.39
2024-10-27,Bengaluru,Karnataka,44.0,34.7,39.3,57.9,0.0,6.9,94,Satisfactory,1017.1,35.4,2024,10,27,6,Sunday,9.299999999999997,2275.47
2024-10-27,Chennai,Tamil Nadu,37.6,31.7,34.7,93.1,0.0,24.3,50,Good,995.1,8.9,2024,10,27,6,Sunday,5.900000000000002,3230.57
2024-10-27,Kolkata,West Bengal,34.3,28.5,31.4,63.3,3.3,5.8,323,Very Poor,1016.8,60.3,2024,10,27,6,Sunday,5.799999999999997,1987.62
2024-10-27,Hyderabad,Telangana,32.3,17.5,24.9,67.4,9.7,20.8,288,Poor,991.9,60.0,2024,10,27,6,Sunday,14.799999999999997,1678.26
2024-10-27,Ahmedabad,Gujarat,36.2,30.6,33.4,75.1,0.0,5.2,342,Very Poor,999.6,65.2,2024,10,27,6,Sunday,5.600000000000001,2508.3399999999997
2024-10-27,Jaipur,Rajasthan,27.4,20.9,24.1,54.0,0.0,14.9,143,Moderate,999.1,43.1,2024,10,27,6,Sunday,6.5,1301.4
2024-10-27,Lucknow,Uttar Pradesh,41.1,26.8,34.0,79.4,0.0,19.2,102,Moderate,1010.9,90.7,2024,10,27,6,Sunday,14.3,2699.6000000000004
2024-10-27,Bhopal,Madhya Pradesh,40.2,28.3,34.3,47.3,74.7,18.6,243,Poor,991.7,87.9,2024,10,27,6,Sunday,11.900000000000002,1622.3899999999999
2024-10-28,Mumbai,Maharashtra,31.2,24.3,27.8,37.6,0.0,2.6,92,Satisfactory,1003.9,50.8,2024,10,28,0,Monday,6.899999999999999,1045.28
2024-10-28,Delhi,Delhi,25.9,19.0,22.4,74.1,0.0,6.5,93,Satisfactory,1003.8,14.6,2024,10,28,0,Monday,6.899999999999999,1659.8399999999997
2024-10-28,Bengaluru,Karnataka,32.0,23.7,27.8,78.7,0.8,19.6,96,Satisfactory,1000.8,83.2,2024,10,28,0,Monday,8.3,2187.86
2024-10-28,Chennai,Tamil Nadu,27.5,22.0,24.8,91.1,0.0,22.9,193,Moderate,1021.6,92.7,2024,10,28,0,Monday,5.5,2259.2799999999997
2024-10-28,Kolkata,West Bengal,42.3,27.8,35.1,51.1,0.0,19.3,77,Satisfactory,992.6,54.7,2024,10,28,0,Monday,14.499999999999996,1793.6100000000001
2024-10-28,Hyderabad,Telangana,30.9,23.3,27.1,84.5,2.0,13.5,184,Moderate,998.2,26.6,2024,10,28,0,Monday,7.599999999999998,2289.9500000000003
2024-10-28,Ahmedabad,Gujarat,25.2,14.9,20.0,91.9,50.1,21.8,135,Moderate,1019.8,83.1,2024,10,28,0,Monday,10.299999999999999,1838.0
2024-10-28,Jaipur,Rajasthan,42.8,28.4,35.6,62.2,0.0,6.9,183,Moderate,1011.6,58.4,2024,10,28,0,Monday,14.399999999999999,2214.32
2024-10-28,Lucknow,Uttar Pradesh,26.9,13.9,20.4,41.4,0.0,3.4,230,Poor,1002.4,78.3,2024,10,28,0,Monday,12.999999999999998,844.56
2024-10-28,Bhopal,Madhya Pradesh,32.3,25.3,28.8,71.1,8.9,14.0,279,Poor,1015.1,90.1,2024,10,28,0,Monday,6.9999999999999964,2047.6799999999998
2024-10-29,Mumbai,Maharashtra,43.2,33.9,38.5,88.8,0.0,17.1,245,Poor,1019.7,21.5,2024,10,29,1,Tuesday,9.300000000000004,3418.7999999999997
2024-10-29,Delhi,Delhi,41.5,33.6,37.6,56.3,0.0,4.3,116,Moderate,993.5,29.9,2024,10,29,1,Tuesday,7.899999999999999,2116.88
2024-10-29,Bengaluru,Karnataka,39.8,29.1,34.5,79.7,0.0,21.5,54,Satisfactory,1014.8,87.6,2024,10,29,1,Tuesday,10.699999999999996,2749.65
2024-10-29,Chennai,Tamil Nadu,39.4,29.0,34.2,83.6,0.0,17.4,60,Satisfactory,999.6,6.9,2024,10,29,1,Tuesday,10.399999999999999,2859.12
2024-10-29,Kolkata,West Bengal,44.1,35.7,39.9,86.4,76.0,22.6,238,Poor,1000.1,19.4,2024,10,29,1,Tuesday,8.399999999999999,3447.36
2024-10-29,Hyderabad,Telangana,34.8,28.8,31.8,74.0,5.7,15.2,335,Very Poor,1005.4,49.0,2024,10,29,1,Tuesday,5.9999999999999964,2353.2000000000003
2024-10-29,Ahmedabad,Gujarat,27.8,18.3,23.0,72.6,0.0,7.4,196,Moderate,1002.0,87.8,2024,10,29,1,Tuesday,9.5,1669.8
2024-10-29,Jaipur,Rajasthan,29.8,21.0,25.4,36.9,38.6,10.0,63,Satisfactory,1019.3,29.4,2024,10,29,1,Tuesday,8.8,937.2599999999999
2024-10-29,Lucknow,Uttar Pradesh,25.6,14.6,20.1,50.3,0.0,9.1,296,Poor,1019.6,51.8,2024,10,29,1,Tuesday,11.000000000000002,1011.03
2024-10-29,Bhopal,Madhya Pradesh,32.5,23.5,28.0,40.9,72.8,11.3,180,Moderate,1018.7,44.4,2024,10,29,1,Tuesday,9.0,1145.2
2024-10-30,Mumbai,Maharashtra,41.6,34.8,38.2,44.3,0.0,10.2,116,Moderate,1025.0,41.5,2024,10,30,2,Wednesday,6.800000000000004,1692.26
2024-10-30,Delhi,Delhi,37.5,24.4,31.0,34.5,0.0,7.9,327,Very Poor,1000.7,49.4,2024,10,30,2,Wednesday,13.100000000000001,1069.5
2024-10-30,Bengaluru,Karnataka,39.2,24.8,32.0,72.9,28.6,16.8,131,Moderate,1024.4,19.8,2024,10,30,2,Wednesday,14.400000000000002,2332.8
2024-10-30,Chennai,Tamil Nadu,32.2,24.0,28.1,46.4,0.0,3.8,212,Poor,1014.8,48.6,2024,10,30,2,Wednesday,8.200000000000003,1303.84
2024-10-30,Kolkata,West Bengal,34.1,20.2,27.2,66.3,0.0,10.2,253,Poor,1008.3,55.3,2024,10,30,2,Wednesday,13.900000000000002,1803.36
2024-10-30,Hyderabad,Telangana,29.5,17.9,23.7,80.6,43.7,11.3,105,Moderate,993.7,83.0,2024,10,30,2,Wednesday,11.600000000000001,1910.2199999999998
2024-10-30,Ahmedabad,Gujarat,39.3,32.5,35.9,31.1,0.0,6.5,293,Poor,1016.8,78.1,2024,10,30,2,Wednesday,6.799999999999997,1116.49
2024-10-30,Jaipur,Rajasthan,41.8,32.6,37.2,86.4,5.3,6.9,79,Satisfactory,1017.6,45.8,2024,10,30,2,Wednesday,9.199999999999996,3214.0800000000004
2024-10-30,Lucknow,Uttar Pradesh,27.4,20.7,24.1,87.9,0.0,7.0,326,Very Poor,1018.8,24.9,2024,10,30,2,Wednesday,6.699999999999999,2118.3900000000003
2024-10-30,Bhopal,Madhya Pradesh,38.3,24.4,31.4,66.0,6.9,21.2,325,Very Poor,1010.6,65.1,2024,10,30,2,Wednesday,13.899999999999999,2072.4
2024-10-31,Mumbai,Maharashtra,43.6,32.0,37.8,30.5,0.0,6.9,218,Poor,998.1,62.0,2024,10,31,3,Thursday,11.600000000000001,1152.8999999999999
2024-10-31,Delhi,Delhi,30.8,23.7,27.3,79.7,0.0,16.8,263,Poor,1018.2,80.2,2024,10,31,3,Thursday,7.100000000000001,2175.81
2024-10-31,Bengaluru,Karnataka,42.7,35.6,39.2,37.0,0.0,24.1,58,Satisfactory,1017.8,71.6,2024,10,31,3,Thursday,7.100000000000001,1450.4
2024-10-31,Chennai,Tamil Nadu,27.2,14.3,20.7,42.9,73.8,7.0,128,Moderate,1017.3,9.6,2024,10,31,3,Thursday,12.899999999999999,888.03
2024-10-31,Kolkata,West Bengal,37.5,24.8,31.2,30.7,25.0,17.4,225,Poor,1004.2,12.2,2024,10,31,3,Thursday,12.7,957.8399999999999
2024-10-31,Hyderabad,Telangana,37.8,24.7,31.3,48.8,0.0,10.0,267,Poor,1008.2,94.0,2024,10,31,3,Thursday,13.099999999999998,1527.44
2024-10-31,Ahmedabad,Gujarat,36.5,29.9,33.2,39.7,5.1,7.2,324,Very Poor,993.5,41.5,2024,10,31,3,Thursday,6.600000000000001,1318.0400000000002
2024-10-31,Jaipur,Rajasthan,35.9,27.7,31.8,51.0,1.4,24.3,251,Poor,1007.6,20.9,2024,10,31,3,Thursday,8.2,1621.8
2024-10-31,Lucknow,Uttar Pradesh,40.1,34.4,37.3,85.3,0.0,18.4,77,Satisfactory,1013.7,6.6,2024,10,31,3,Thursday,5.700000000000003,3181.6899999999996
2024-10-31,Bhopal,Madhya Pradesh,28.3,15.7,22.0,58.6,0.0,19.2,143,Moderate,1005.5,40.8,2024,10,31,3,Thursday,12.600000000000001,1289.2
2024-11-01,Mumbai,Maharashtra,44.3,31.6,37.9,31.3,0.0,3.8,231,Poor,1000.8,64.3,2024,11,1,4,Friday,12.699999999999996,1186.27
2024-11-01,Delhi,Delhi,30.5,21.1,25.8,43.8,0.0,14.5,40,Good,1023.1,18.6,2024,11,1,4,Friday,9.399999999999999,1130.04
2024-11-01,Bengaluru,Karnataka,26.5,16.9,21.7,76.0,0.0,9.1,92,Satisfactory,1003.2,63.1,2024,11,1,4,Friday,9.600000000000001,1649.2
2024-11-01,Chennai,Tamil Nadu,40.4,29.7,35.1,47.5,0.0,6.6,105,Moderate,1005.7,65.7,2024,11,1,4,Friday,10.7,1667.25
2024-11-01,Kolkata,West Bengal,43.6,32.2,37.9,87.0,0.0,7.8,332,Very Poor,1021.9,13.8,2024,11,1,4,Friday,11.399999999999999,3297.2999999999997
2024-11-01,Hyderabad,Telangana,34.2,19.2,26.7,65.1,0.0,19.0,169,Moderate,1017.4,20.0,2024,11,1,4,Friday,15.000000000000004,1738.1699999999998
2024-11-01,Ahmedabad,Gujarat,33.4,27.3,30.4,58.8,0.0,24.1,270,Poor,991.1,61.2,2024,11,1,4,Friday,6.099999999999998,1787.5199999999998
2024-11-01,Jaipur,Rajasthan,40.2,28.1,34.1,77.2,0.7,4.2,260,Poor,990.4,82.4,2024,11,1,4,Friday,12.100000000000001,2632.52
2024-11-01,Lucknow,Uttar Pradesh,33.2,18.8,26.0,79.8,0.0,19.4,284,Poor,1013.4,82.1,2024,11,1,4,Friday,14.400000000000002,2074.7999999999997
2024-11-01,Bhopal,Madhya Pradesh,28.1,20.7,24.4,47.3,0.0,15.4,55,Satisfactory,1018.9,34.7,2024,11,1,4,Friday,7.400000000000002,1154.12
2024-11-02,Mumbai,Maharashtra,34.7,20.5,27.6,81.4,3.7,21.2,78,Satisfactory,1013.3,45.4,2024,11,2,5,Saturday,14.200000000000003,2246.6400000000003
2024-11-02,Delhi,Delhi,43.2,35.5,39.3,44.6,8.2,16.4,99,Satisfactory,1001.2,6.9,2024,11,2,5,Saturday,7.700000000000003,1752.78
2024-11-02,Bengaluru,Karnataka,36.7,30.2,33.4,87.4,0.0,15.9,177,Moderate,1001.5,88.0,2024,11,2,5,Saturday,6.5000000000000036,2919.16
2024-11-02,Chennai,Tamil Nadu,39.0,27.6,33.3,37.6,48.5,22.3,131,Moderate,995.3,12.8,2024,11,2,5,Saturday,11.399999999999999,1252.08
2024-11-02,Kolkata,West Bengal,44.7,39.5,42.1,73.7,0.0,7.2,63,Satisfactory,1005.1,14.1,2024,11,2,5,Saturday,5.200000000000003,3102.7700000000004
2024-11-02,Hyderabad,Telangana,26.8,16.0,21.4,55.9,0.0,11.5,78,Satisfactory,997.1,71.3,2024,11,2,5,Saturday,10.8,1196.26
2024-11-02,Ahmedabad,Gujarat,44.0,38.1,41.0,91.3,57.6,5.2,115,Moderate,996.2,29.0,2024,11,2,5,Saturday,5.899999999999999,3743.2999999999997
2024-11-02,Jaipur,Rajasthan,31.2,20.5,25.8,31.8,3.9,24.7,154,Moderate,1008.1,45.4,2024,11,2,5,Saturday,10.7,820.44
2024-11-02,Lucknow,Uttar Pradesh,40.7,35.0,37.8,92.4,32.0,23.5,272,Poor,1012.5,6.8,2024,11,2,5,Saturday,5.700000000000003,3492.72
2024-11-02,Bhopal,Madhya Pradesh,31.7,22.8,27.3,40.3,0.0,23.6,239,Poor,996.8,11.3,2024,11,2,5,Saturday,8.899999999999999,1100.19
2024-11-03,Mumbai,Maharashtra,42.0,27.5,34.7,79.9,78.4,5.8,177,Moderate,1009.6,57.8,2024,11,3,6,Sunday,14.5,2772.53
2024-11-03,Delhi,Delhi,44.7,39.1,41.9,70.8,2.1,7.7,276,Poor,1003.8,95.3,2024,11,3,6,Sunday,5.600000000000001,2966.52
2024-11-03,Bengaluru,Karnataka,36.5,29.2,32.8,57.6,0.0,17.2,210,Poor,993.3,7.2,2024,11,3,6,Sunday,7.300000000000001,1889.28
2024-11-03,Chennai,Tamil Nadu,29.5,23.7,26.6,77.4,5.0,18.8,226,Poor,1000.8,30.0,2024,11,3,6,Sunday,5.800000000000001,2058.84
2024-11-03,Kolkata,West Bengal,29.0,15.8,22.4,64.0,53.8,3.9,73,Satisfactory,993.8,85.2,2024,11,3,6,Sunday,13.2,1433.6
2024-11-03,Hyderabad,Telangana,25.8,17.3,21.5,60.3,45.5,19.7,66,Satisfactory,1024.4,50.3,2024,11,3,6,Sunday,8.5,1296.45
2024-11-03,Ahmedabad,Gujarat,44.1,39.1,41.6,80.4,63.3,11.0,192,Moderate,998.4,26.5,2024,11,3,6,Sunday,5.0,3344.6400000000003
2024-11-03,Jaipur,Rajasthan,28.4,16.7,22.6,53.9,0.0,5.3,126,Moderate,1014.8,88.9,2024,11,3,6,Sunday,11.7,1218.14
2024-11-03,Lucknow,Uttar Pradesh,28.6,16.0,22.3,41.9,0.0,6.0,320,Very Poor,1024.4,32.7,2024,11,3,6,Sunday,12.600000000000001,934.37
2024-11-03,Bhopal,Madhya Pradesh,28.6,15.4,22.0,62.6,61.4,5.7,273,Poor,1015.4,47.3,2024,11,3,6,Sunday,13.200000000000001,1377.2
2024-11-04,Mumbai,Maharashtra,39.3,34.0,36.6,41.6,0.0,16.5,226,Poor,990.4,72.6,2024,11,4,0,Monday,5.299999999999997,1522.5600000000002
2024-11-04,Delhi,Delhi,39.3,25.3,32.3,39.5,0.0,18.6,110,Moderate,1015.4,69.9,2024,11,4,0,Monday,13.999999999999996,1275.85
2024-11-04,Bengaluru,Karnataka,29.3,17.6,23.5,42.1,0.0,8.9,213,Poor,1023.2,53.3,2024,11,4,0,Monday,11.7,989.35
2024-11-04,Chennai,Tamil Nadu,44.0,32.4,38.2,92.3,0.0,20.6,166,Moderate,1019.9,30.8,2024,11,4,0,Monday,11.600000000000001,3525.86
2024-11-04,Kolkata,West Bengal,39.5,33.5,36.5,79.1,0.0,15.2,165,Moderate,994.1,30.6,2024,11,4,0,Monday,6.0,2887.1499999999996
2024-11-04,Hyderabad,Telangana,34.7,29.7,32.2,87.8,0.0,14.0,206,Poor,997.3,62.7,2024,11,4,0,Monday,5.0000000000000036,2827.1600000000003
2024-11-04,Ahmedabad,Gujarat,28.3,20.9,24.6,34.3,0.0,17.6,80,Satisfactory,1001.1,37.6,2024,11,4,0,Monday,7.400000000000002,843.78
2024-11-04,Jaipur,Rajasthan,36.5,28.1,32.3,74.0,0.0,13.7,277,Poor,998.8,90.8,2024,11,4,0,Monday,8.399999999999999,2390.2
2024-11-04,Lucknow,Uttar Pradesh,34.9,20.2,27.5,65.5,0.0,21.8,161,Moderate,1020.3,62.4,2024,11,4,0,Monday,14.7,1801.25
2024-11-04,Bhopal,Madhya Pradesh,38.0,25.4,31.7,56.8,57.6,20.2,304,Very Poor,990.8,16.8,2024,11,4,0,Monday,12.600000000000001,1800.56
2024-11-05,Mumbai,Maharashtra,41.7,32.8,37.2,68.0,9.1,6.8,317,Very Poor,1015.6,14.6,2024,11,5,1,Tuesday,8.900000000000006,2529.6000000000004
2024-11-05,Delhi,Delhi,28.0,16.4,22.2,69.7,0.0,18.2,347,Very Poor,1003.4,35.4,2024,11,5,1,Tuesday,11.600000000000001,1547.34
2024-11-05,Bengaluru,Karnataka,36.8,24.7,30.8,64.2,7.7,24.9,287,Poor,1006.1,72.1,2024,11,5,1,Tuesday,12.099999999999998,1977.3600000000001
2024-11-05,Chennai,Tamil Nadu,32.5,22.9,27.7,93.0,0.0,2.0,119,Moderate,1021.5,32.2,2024,11,5,1,Tuesday,9.600000000000001,2576.1
2024-11-05,Kolkata,West Bengal,41.4,33.6,37.5,72.7,8.2,4.0,51,Satisfactory,992.8,34.1,2024,11,5,1,Tuesday,7.799999999999997,2726.25
2024-11-05,Hyderabad,Telangana,35.0,26.1,30.5,66.2,0.0,6.5,297,Poor,1012.7,69.0,2024,11,5,1,Tuesday,8.899999999999999,2019.1000000000001
2024-11-05,Ahmedabad,Gujarat,42.5,30.5,36.5,74.7,0.7,7.4,100,Satisfactory,1002.4,18.8,2024,11,5,1,Tuesday,12.0,2726.55
2024-11-05,Jaipur,Rajasthan,40.5,32.9,36.7,59.2,1.6,10.3,254,Poor,1017.5,27.8,2024,11,5,1,Tuesday,7.600000000000001,2172.6400000000003
2024-11-05,Lucknow,Uttar Pradesh,39.6,24.9,32.3,45.1,0.0,5.9,320,Very Poor,1001.7,44.3,2024,11,5,1,Tuesday,14.700000000000003,1456.73
2024-11-05,Bhopal,Madhya Pradesh,28.9,14.2,21.6,82.7,8.8,20.1,329,Very Poor,1005.3,53.5,2024,11,5,1,Tuesday,14.7,1786.3200000000002
2024-11-06,Mumbai,Maharashtra,32.6,27.1,29.9,79.6,0.0,16.3,74,Satisfactory,998.7,90.8,2024,11,6,2,Wednesday,5.5,2380.0399999999995
2024-11-06,Delhi,Delhi,41.9,36.0,38.9,31.6,2.4,5.0,305,Very Poor,1005.3,24.4,2024,11,6,2,Wednesday,5.899999999999999,1229.24
2024-11-06,Bengaluru,Karnataka,25.9,17.3,21.6,71.0,70.8,3.4,319,Very Poor,1019.4,79.1,2024,11,6,2,Wednesday,8.599999999999998,1533.6000000000001
2024-11-06,Chennai,Tamil Nadu,31.2,17.1,24.2,56.2,0.0,14.6,236,Poor,1002.5,80.3,2024,11,6,2,Wednesday,14.099999999999998,1360.04
2024-11-06,Kolkata,West Bengal,38.8,31.5,35.1,93.0,6.6,6.0,211,Poor,992.2,55.1,2024,11,6,2,Wednesday,7.299999999999997,3264.3
2024-11-06,Hyderabad,Telangana,28.8,20.3,24.5,91.5,20.9,9.0,210,Poor,1013.8,27.0,2024,11,6,2,Wednesday,8.5,2241.75
2024-11-06,Ahmedabad,Gujarat,32.7,18.1,25.4,58.1,76.1,4.3,224,Poor,1019.2,41.3,2024,11,6,2,Wednesday,14.600000000000001,1475.74
2024-11-06,Jaipur,Rajasthan,32.5,23.5,28.0,40.3,0.0,14.5,189,Moderate,1024.1,72.9,2024,11,6,2,Wednesday,9.0,1128.3999999999999
2024-11-06,Lucknow,Uttar Pradesh,43.3,32.6,37.9,38.8,5.5,24.2,170,Moderate,1002.6,46.3,2024,11,6,2,Wednesday,10.699999999999996,1470.5199999999998
2024-11-06,Bhopal,Madhya Pradesh,30.7,17.8,24.2,70.2,0.0,24.5,64,Satisfactory,1003.2,63.6,2024,11,6,2,Wednesday,12.899999999999999,1698.84
2024-11-07,Mumbai,Maharashtra,31.9,18.9,25.4,61.0,50.3,24.6,298,Poor,1005.9,58.7,2024,11,7,3,Thursday,13.0,1549.3999999999999
2024-11-07,Delhi,Delhi,29.4,15.8,22.6,68.5,7.3,9.1,125,Moderate,1018.2,53.4,2024,11,7,3,Thursday,13.599999999999998,1548.1000000000001
2024-11-07,Bengaluru,Karnataka,44.1,31.4,37.7,94.1,3.7,17.8,321,Very Poor,991.3,32.7,2024,11,7,3,Thursday,12.700000000000003,3547.57
2024-11-07,Chennai,Tamil Nadu,33.5,18.9,26.2,43.9,10.0,11.1,251,Poor,1021.7,56.8,2024,11,7,3,Thursday,14.600000000000001,1150.1799999999998
2024-11-07,Kolkata,West Bengal,26.9,15.6,21.2,87.1,0.0,23.3,73,Satisfactory,1024.4,38.6,2024,11,7,3,Thursday,11.299999999999999,1846.5199999999998
2024-11-07,Hyderabad,Telangana,38.2,32.9,35.5,61.4,0.0,3.2,213,Poor,990.6,63.8,2024,11,7,3,Thursday,5.300000000000004,2179.7
2024-11-07,Ahmedabad,Gujarat,29.7,18.2,23.9,87.5,2.8,2.8,266,Poor,1003.1,53.2,2024,11,7,3,Thursday,11.5,2091.25
2024-11-07,Jaipur,Rajasthan,30.7,15.9,23.3,74.5,0.0,13.2,265,Poor,1007.3,77.9,2024,11,7,3,Thursday,14.799999999999999,1735.8500000000001
2024-11-07,Lucknow,Uttar Pradesh,29.0,18.1,23.6,31.3,0.0,21.2,84,Satisfactory,1024.2,62.7,2024,11,7,3,Thursday,10.899999999999999,738.6800000000001
2024-11-07,Bhopal,Madhya Pradesh,32.6,27.5,30.0,69.2,8.2,20.4,310,Very Poor,1019.8,30.3,2024,11,7,3,Thursday,5.100000000000001,2076.0
2024-11-08,Mumbai,Maharashtra,38.1,30.2,34.1,94.2,9.5,8.0,201,Poor,1004.6,22.5,2024,11,8,4,Friday,7.900000000000002,3212.2200000000003
2024-11-08,Delhi,Delhi,34.9,27.8,31.4,73.7,0.0,11.4,145,Moderate,1001.2,29.5,2024,11,8,4,Friday,7.099999999999998,2314.18
2024-11-08,Bengaluru,Karnataka,28.3,19.2,23.8,88.8,0.0,10.1,172,Moderate,1001.2,94.0,2024,11,8,4,Friday,9.100000000000001,2113.44
2024-11-08,Chennai,Tamil Nadu,38.8,27.8,33.3,39.2,0.0,8.9,232,Poor,1001.7,13.8,2024,11,8,4,Friday,10.999999999999996,1305.36
2024-11-08,Kolkata,West Bengal,31.9,20.6,26.3,30.4,9.8,18.5,87,Satisfactory,996.0,15.6,2024,11,8,4,Friday,11.299999999999997,799.52
2024-11-08,Hyderabad,Telangana,29.9,23.3,26.6,73.8,0.0,21.8,62,Satisfactory,996.0,39.2,2024,11,8,4,Friday,6.599999999999998,1963.08
2024-11-08,Ahmedabad,Gujarat,27.7,16.1,21.9,75.0,48.6,13.7,70,Satisfactory,1005.7,28.5,2024,11,8,4,Friday,11.599999999999998,1642.5
2024-11-08,Jaipur,Rajasthan,36.0,27.8,31.9,64.1,68.7,9.4,348,Very Poor,1019.5,87.9,2024,11,8,4,Friday,8.2,2044.7899999999997
2024-11-08,Lucknow,Uttar Pradesh,31.9,19.3,25.6,44.9,6.3,6.8,107,Moderate,1019.7,45.0,2024,11,8,4,Friday,12.599999999999998,1149.44
2024-11-08,Bhopal,Madhya Pradesh,35.9,22.2,29.0,92.9,0.0,3.8,144,Moderate,993.5,41.4,2024,11,8,4,Friday,13.7,2694.1000000000004
2024-11-09,Mumbai,Maharashtra,27.3,13.5,20.4,70.0,0.0,9.3,192,Moderate,1005.3,63.0,2024,11,9,5,Saturday,13.8,1428.0
2024-11-09,Delhi,Delhi,41.8,27.8,34.8,60.5,2.5,16.7,60,Satisfactory,1016.1,12.2,2024,11,9,5,Saturday,13.999999999999996,2105.3999999999996
2024-11-09,Bengaluru,Karnataka,28.1,21.6,24.8,57.3,0.0,10.5,76,Satisfactory,992.4,61.1,2024,11,9,5,Saturday,6.5,1421.04
2024-11-09,Chennai,Tamil Nadu,39.9,26.8,33.4,65.4,0.0,7.1,132,Moderate,1006.5,92.7,2024,11,9,5,Saturday,13.099999999999998,2184.36
2024-11-09,Kolkata,West Bengal,43.1,37.6,40.3,35.4,0.0,5.1,268,Poor,1001.6,31.6,2024,11,9,5,Saturday,5.5,1426.62
2024-11-09,Hyderabad,Telangana,39.0,24.5,31.8,77.1,58.6,8.8,110,Moderate,1000.5,75.4,2024,11,9,5,Saturday,14.5,2451.7799999999997
2024-11-09,Ahmedabad,Gujarat,43.2,32.9,38.1,49.5,31.9,24.6,121,Moderate,1013.3,15.8,2024,11,9,5,Saturday,10.300000000000004,1885.95
2024-11-09,Jaipur,Rajasthan,35.3,21.8,28.6,42.0,0.0,22.3,254,Poor,991.5,25.2,2024,11,9,5,Saturday,13.499999999999996,1201.2
2024-11-09,Lucknow,Uttar Pradesh,41.5,28.4,35.0,81.0,37.8,24.7,334,Very Poor,1011.1,72.4,2024,11,9,5,Saturday,13.100000000000001,2835.0
2024-11-09,Bhopal,Madhya Pradesh,34.0,27.6,30.8,73.5,9.6,11.7,344,Very Poor,993.4,21.0,2024,11,9,5,Saturday,6.399999999999999,2263.8
2024-11-10,Mumbai,Maharashtra,34.9,29.7,32.3,92.1,0.0,4.3,50,Good,1011.5,99.8,2024,11,10,6,Sunday,5.199999999999999,2974.8299999999995
2024-11-10,Delhi,Delhi,41.8,34.5,38.2,55.6,0.0,12.3,66,Satisfactory,1018.6,9.6,2024,11,10,6,Sunday,7.299999999999997,2123.92
2024-11-10,Bengaluru,Karnataka,25.4,13.6,19.5,64.2,0.0,20.5,117,Moderate,1000.3,93.9,2024,11,10,6,Sunday,11.799999999999999,1251.9
2024-11-10,Chennai,Tamil Nadu,28.4,18.4,23.4,33.3,0.0,2.2,162,Moderate,1000.4,50.3,2024,11,10,6,Sunday,10.0,779.2199999999999
2024-11-10,Kolkata,West Bengal,27.7,16.9,22.3,76.2,0.0,13.5,100,Satisfactory,1021.2,49.5,2024,11,10,6,Sunday,10.8,1699.2600000000002
2024-11-10,Hyderabad,Telangana,26.9,12.4,19.6,78.3,30.7,6.1,162,Moderate,1008.7,72.8,2024,11,10,6,Sunday,14.499999999999998,1534.68
2024-11-10,Ahmedabad,Gujarat,25.8,18.5,22.2,88.6,0.0,23.7,138,Moderate,1021.8,50.9,2024,11,10,6,Sunday,7.300000000000001,1966.9199999999998
2024-11-10,Jaipur,Rajasthan,37.0,25.3,31.2,62.4,0.0,17.8,338,Very Poor,998.6,46.8,2024,11,10,6,Sunday,11.7,1946.8799999999999
2024-11-10,Lucknow,Uttar Pradesh,37.5,23.0,30.3,77.0,0.0,14.0,122,Moderate,998.8,99.9,2024,11,10,6,Sunday,14.5,2333.1
2024-11-10,Bhopal,Madhya Pradesh,29.6,18.4,24.0,63.2,0.3,13.1,118,Moderate,995.1,49.2,2024,11,10,6,Sunday,11.200000000000003,1516.8000000000002
2024-11-11,Mumbai,Maharashtra,29.5,14.9,22.2,53.5,0.6,7.9,150,Moderate,1004.3,86.9,2024,11,11,0,Monday,14.6,1187.7
2024-11-11,Delhi,Delhi,36.3,26.0,31.2,56.1,0.0,20.7,219,Poor,994.0,49.1,2024,11,11,0,Monday,10.299999999999997,1750.32
2024-11-11,Bengaluru,Karnataka,39.1,30.0,34.6,77.8,1.4,22.5,90,Satisfactory,1010.3,34.7,2024,11,11,0,Monday,9.100000000000001,2691.88
2024-11-11,Chennai,Tamil Nadu,31.9,21.5,26.7,42.8,0.0,14.9,202,Poor,1017.6,28.3,2024,11,11,0,Monday,10.399999999999999,1142.76
2024-11-11,Kolkata,West Bengal,33.1,26.2,29.6,70.0,0.0,9.5,95,Satisfactory,1020.7,87.1,2024,11,11,0,Monday,6.900000000000002,2072.0
2024-11-11,Hyderabad,Telangana,43.0,36.5,39.7,36.2,0.0,17.0,182,Moderate,991.8,32.8,2024,11,11,0,Monday,6.5,1437.1400000000003
2024-11-11,Ahmedabad,Gujarat,30.3,24.8,27.6,35.6,0.0,7.7,132,Moderate,1012.8,95.7,2024,11,11,0,Monday,5.5,982.5600000000001
2024-11-11,Jaipur,Rajasthan,42.1,32.0,37.1,92.2,0.0,23.9,289,Poor,1006.1,55.4,2024,11,11,0,Monday,10.100000000000001,3420.6200000000003
2024-11-11,Lucknow,Uttar Pradesh,39.5,28.3,33.9,57.1,0.0,15.5,288,Poor,1020.3,67.0,2024,11,11,0,Monday,11.2,1935.69
2024-11-11,Bhopal,Madhya Pradesh,42.9,30.4,36.6,76.6,9.7,4.0,259,Poor,998.4,57.9,2024,11,11,0,Monday,12.5,2803.56
2024-11-12,Mumbai,Maharashtra,31.1,25.1,28.1,50.2,71.4,10.7,156,Moderate,1003.0,43.6,2024,11,12,1,Tuesday,6.0,1410.6200000000001
2024-11-12,Delhi,Delhi,38.3,29.7,34.0,31.3,0.0,12.8,126,Moderate,997.2,48.0,2024,11,12,1,Tuesday,8.599999999999998,1064.2
2024-11-12,Bengaluru,Karnataka,37.1,22.2,29.6,65.6,0.0,5.8,239,Poor,999.9,43.3,2024,11,12,1,Tuesday,14.900000000000002,1941.76
2024-11-12,Chennai,Tamil Nadu,25.1,11.6,18.3,34.9,76.5,20.6,103,Moderate,995.0,72.1,2024,11,12,1,Tuesday,13.500000000000002,638.67
2024-11-12,Kolkata,West Bengal,42.9,34.8,38.9,51.2,0.0,11.7,247,Poor,1014.5,66.5,2024,11,12,1,Tuesday,8.100000000000001,1991.68
2024-11-12,Hyderabad,Telangana,42.6,36.4,39.5,63.9,0.0,2.4,146,Moderate,992.1,16.3,2024,11,12,1,Tuesday,6.200000000000003,2524.0499999999997
2024-11-12,Ahmedabad,Gujarat,27.4,18.1,22.7,41.6,0.0,13.8,348,Very Poor,1023.4,55.9,2024,11,12,1,Tuesday,9.299999999999997,944.32
2024-11-12,Jaipur,Rajasthan,27.8,14.2,21.0,62.3,78.1,10.8,250,Poor,1023.4,18.4,2024,11,12,1,Tuesday,13.600000000000001,1308.3
2024-11-12,Lucknow,Uttar Pradesh,28.8,21.4,25.1,80.7,0.0,7.2,301,Very Poor,1013.9,23.5,2024,11,12,1,Tuesday,7.400000000000002,2025.5700000000002
2024-11-12,Bhopal,Madhya Pradesh,30.3,21.4,25.9,49.4,0.0,9.7,297,Poor,1020.9,12.0,2024,11,12,1,Tuesday,8.900000000000002,1279.4599999999998
2024-11-13,Mumbai,Maharashtra,28.4,22.5,25.4,43.2,46.5,2.8,145,Moderate,1006.1,41.7,2024,11,13,2,Wednesday,5.899999999999999,1097.28
2024-11-13,Delhi,Delhi,31.6,17.7,24.7,31.2,0.0,11.7,75,Satisfactory,1000.7,13.9,2024,11,13,2,Wednesday,13.900000000000002,770.64
2024-11-13,Bengaluru,Karnataka,31.0,17.7,24.4,38.8,30.2,11.9,94,Satisfactory,996.0,98.7,2024,11,13,2,Wednesday,13.3,946.7199999999999
2024-11-13,Chennai,Tamil Nadu,36.4,25.7,31.0,54.2,9.5,24.4,277,Poor,1006.0,14.2,2024,11,13,2,Wednesday,10.7,1680.2
2024-11-13,Kolkata,West Bengal,32.6,25.7,29.2,61.4,9.3,11.6,340,Very Poor,994.8,85.6,2024,11,13,2,Wednesday,6.900000000000002,1792.8799999999999
2024-11-13,Hyderabad,Telangana,30.8,22.8,26.8,55.4,0.0,18.2,310,Very Poor,1004.2,36.4,2024,11,13,2,Wednesday,8.0,1484.72
2024-11-13,Ahmedabad,Gujarat,43.3,28.9,36.1,47.7,0.0,16.0,267,Poor,990.9,72.3,2024,11,13,2,Wednesday,14.399999999999999,1721.9700000000003
2024-11-13,Jaipur,Rajasthan,40.8,34.1,37.4,70.8,1.9,4.2,187,Moderate,996.5,68.0,2024,11,13,2,Wednesday,6.699999999999996,2647.9199999999996
2024-11-13,Lucknow,Uttar Pradesh,39.7,31.9,35.8,72.8,48.1,16.4,88,Satisfactory,991.7,98.9,2024,11,13,2,Wednesday,7.800000000000004,2606.24
2024-11-13,Bhopal,Madhya Pradesh,39.4,29.0,34.2,49.1,22.4,22.1,314,Very Poor,1006.3,14.8,2024,11,13,2,Wednesday,10.399999999999999,1679.2200000000003
2024-11-14,Mumbai,Maharashtra,34.7,25.4,30.0,56.5,3.7,12.7,219,Poor,1021.4,35.2,2024,11,14,3,Thursday,9.300000000000004,1695.0
2024-11-14,Delhi,Delhi,31.0,18.5,24.7,36.6,0.0,16.4,98,Satisfactory,1024.0,54.7,2024,11,14,3,Thursday,12.5,904.02
2024-11-14,Bengaluru,Karnataka,31.4,18.2,24.8,52.9,0.0,20.0,252,Poor,1001.1,54.0,2024,11,14,3,Thursday,13.2,1311.92
2024-11-14,Chennai,Tamil Nadu,28.4,20.6,24.5,72.4,6.6,13.1,137,Moderate,1020.8,74.9,2024,11,14,3,Thursday,7.799999999999997,1773.8000000000002
2024-11-14,Kolkata,West Bengal,32.9,21.2,27.1,88.1,0.0,8.4,245,Poor,1014.0,12.4,2024,11,14,3,Thursday,11.7,2387.5099999999998
2024-11-14,Hyderabad,Telangana,43.0,28.3,35.7,44.1,0.0,11.5,329,Very Poor,1022.2,24.3,2024,11,14,3,Thursday,14.7,1574.3700000000001
2024-11-14,Ahmedabad,Gujarat,35.5,29.5,32.5,59.2,0.0,13.1,288,Poor,1006.9,13.4,2024,11,14,3,Thursday,6.0,1924.0
2024-11-14,Jaipur,Rajasthan,34.6,21.4,28.0,83.6,10.3,19.5,46,Good,993.8,71.7,2024,11,14,3,Thursday,13.200000000000003,2340.7999999999997
2024-11-14,Lucknow,Uttar Pradesh,25.6,15.3,20.4,36.2,9.6,3.5,189,Moderate,1001.4,40.3,2024,11,14,3,Thursday,10.3,738.48
2024-11-14,Bhopal,Madhya Pradesh,28.4,17.6,23.0,58.3,0.0,16.8,319,Very Poor,994.8,26.2,2024,11,14,3,Thursday,10.799999999999997,1340.8999999999999
2024-11-15,Mumbai,Maharashtra,39.0,32.1,35.5,67.1,0.0,23.7,122,Moderate,1006.1,44.6,2024,11,15,4,Friday,6.899999999999999,2382.0499999999997
2024-11-15,Delhi,Delhi,42.8,29.4,36.1,56.2,0.0,5.3,336,Very Poor,1003.8,14.4,2024,11,15,4,Friday,13.399999999999999,2028.8200000000002
2024-11-15,Bengaluru,Karnataka,26.0,16.9,21.4,40.6,0.0,19.8,70,Satisfactory,1023.3,71.4,2024,11,15,4,Friday,9.100000000000001,868.8399999999999
2024-11-15,Chennai,Tamil Nadu,26.8,14.5,20.6,44.0,4.5,21.5,270,Poor,1020.1,63.9,2024,11,15,4,Friday,12.3,906.4000000000001
2024-11-15,Kolkata,West Bengal,32.2,17.2,24.7,48.2,0.0,15.1,213,Poor,1002.4,60.4,2024,11,15,4,Friday,15.000000000000004,1190.54
2024-11-15,Hyderabad,Telangana,35.8,29.6,32.7,58.6,0.0,13.4,71,Satisfactory,1020.2,67.3,2024,11,15,4,Friday,6.199999999999996,1916.2200000000003
2024-11-15,Ahmedabad,Gujarat,42.3,29.0,35.6,79.0,0.0,18.9,180,Moderate,1020.8,89.6,2024,11,15,4,Friday,13.299999999999997,2812.4
2024-11-15,Jaipur,Rajasthan,42.2,36.2,39.2,36.6,0.0,12.9,305,Very Poor,993.3,62.2,2024,11,15,4,Friday,6.0,1434.7200000000003
2024-11-15,Lucknow,Uttar Pradesh,39.8,31.0,35.4,94.6,6.7,24.8,153,Moderate,1018.7,54.3,2024,11,15,4,Friday,8.799999999999997,3348.8399999999997
2024-11-15,Bhopal,Madhya Pradesh,38.6,27.7,33.2,70.9,0.0,21.3,116,Moderate,1016.7,16.3,2024,11,15,4,Friday,10.900000000000002,2353.8800000000006
2024-11-16,Mumbai,Maharashtra,25.5,20.5,23.0,44.6,0.0,15.0,323,Very Poor,1014.7,95.5,2024,11,16,5,Saturday,5.0,1025.8
2024-11-16,Delhi,Delhi,26.1,18.7,22.4,33.2,0.0,21.6,40,Good,1005.8,99.8,2024,11,16,5,Saturday,7.400000000000002,743.6800000000001
2024-11-16,Bengaluru,Karnataka,27.2,19.2,23.2,31.7,7.8,3.2,334,Very Poor,998.8,84.9,2024,11,16,5,Saturday,8.0,735.4399999999999
2024-11-16,Chennai,Tamil Nadu,33.3,18.6,25.9,70.7,0.0,8.1,82,Satisfactory,1013.0,42.1,2024,11,16,5,Saturday,14.699999999999996,1831.1299999999999
2024-11-16,Kolkata,West Bengal,26.3,13.5,19.9,73.9,0.0,18.3,198,Moderate,1021.8,84.9,2024,11,16,5,Saturday,12.8,1470.61
2024-11-16,Hyderabad,Telangana,38.6,29.5,34.0,72.1,0.0,2.9,47,Good,1010.6,87.1,2024,11,16,5,Saturday,9.100000000000001,2451.3999999999996
2024-11-16,Ahmedabad,Gujarat,28.9,19.3,24.1,73.3,0.0,20.8,245,Poor,991.2,38.2,2024,11,16,5,Saturday,9.599999999999998,1766.53
2024-11-16,Jaipur,Rajasthan,27.6,20.3,23.9,64.8,0.0,11.2,215,Poor,1021.4,11.8,2024,11,16,5,Saturday,7.300000000000001,1548.7199999999998
2024-11-16,Lucknow,Uttar Pradesh,41.9,27.0,34.5,75.4,0.0,15.9,169,Moderate,1015.9,82.8,2024,11,16,5,Saturday,14.899999999999999,2601.3
2024-11-16,Bhopal,Madhya Pradesh,39.3,25.2,32.3,89.9,0.0,6.2,89,Satisfactory,994.3,51.1,2024,11,16,5,Saturday,14.099999999999998,2903.77
2024-11-17,Mumbai,Maharashtra,36.5,25.1,30.8,64.2,0.0,5.5,130,Moderate,1024.6,37.7,2024,11,17,6,Sunday,11.399999999999999,1977.3600000000001
2024-11-17,Delhi,Delhi,26.0,14.7,20.4,72.4,1.8,7.3,148,Moderate,1007.0,48.5,2024,11,17,6,Sunday,11.3,1476.96
2024-11-17,Bengaluru,Karnataka,41.4,35.3,38.3,57.0,42.8,7.0,93,Satisfactory,993.6,63.7,2024,11,17,6,Sunday,6.100000000000001,2183.1
2024-11-17,Chennai,Tamil Nadu,26.5,17.2,21.9,44.3,0.0,14.9,145,Moderate,990.9,96.8,2024,11,17,6,Sunday,9.3,970.1699999999998
2024-11-17,Kolkata,West Bengal,38.9,25.8,32.4,48.1,0.0,24.8,281,Poor,990.7,25.6,2024,11,17,6,Sunday,13.099999999999998,1558.44
2024-11-17,Hyderabad,Telangana,28.9,16.9,22.9,85.6,43.2,11.5,241,Poor,997.6,53.8,2024,11,17,6,Sunday,12.0,1960.2399999999998
2024-11-17,Ahmedabad,Gujarat,34.2,23.5,28.8,57.1,0.0,7.8,293,Poor,1016.6,37.1,2024,11,17,6,Sunday,10.700000000000003,1644.48
2024-11-17,Jaipur,Rajasthan,26.1,17.8,22.0,36.1,0.0,22.0,263,Poor,1008.1,33.1,2024,11,17,6,Sunday,8.3,794.2
2024-11-17,Lucknow,Uttar Pradesh,37.5,24.5,31.0,71.8,0.0,12.7,229,Poor,1022.3,39.2,2024,11,17,6,Sunday,13.0,2225.7999999999997
2024-11-17,Bhopal,Madhya Pradesh,32.3,26.3,29.3,59.5,0.0,20.9,291,Poor,991.0,33.1,2024,11,17,6,Sunday,5.9999999999999964,1743.3500000000001
2024-11-18,Mumbai,Maharashtra,43.4,34.3,38.8,87.8,2.1,22.8,68,Satisfactory,997.8,10.6,2024,11,18,0,Monday,9.100000000000001,3406.6399999999994
2024-11-18,Delhi,Delhi,30.2,17.6,23.9,63.1,50.9,4.1,106,Moderate,1014.3,93.0,2024,11,18,0,Monday,12.599999999999998,1508.09
2024-11-18,Bengaluru,Karnataka,41.8,29.8,35.8,30.9,0.0,14.1,122,Moderate,998.1,69.1,2024,11,18,0,Monday,11.999999999999996,1106.2199999999998
2024-11-18,Chennai,Tamil Nadu,32.8,24.1,28.4,73.7,0.0,4.5,266,Poor,997.3,62.7,2024,11,18,0,Monday,8.699999999999996,2093.08
2024-11-18,Kolkata,West Bengal,38.2,28.5,33.3,33.4,9.6,23.0,137,Moderate,1014.4,25.7,2024,11,18,0,Monday,9.700000000000003,1112.2199999999998
2024-11-18,Hyderabad,Telangana,25.6,14.5,20.0,69.8,7.3,19.0,237,Poor,994.9,38.0,2024,11,18,0,Monday,11.100000000000001,1396.0
2024-11-18,Ahmedabad,Gujarat,34.9,28.8,31.8,35.7,0.0,21.1,188,Moderate,1011.4,62.4,2024,11,18,0,Monday,6.099999999999998,1135.2600000000002
2024-11-18,Jaipur,Rajasthan,36.4,25.4,30.9,92.9,0.0,17.1,153,Moderate,1009.2,15.6,2024,11,18,0,Monday,11.0,2870.61
2024-11-18,Lucknow,Uttar Pradesh,28.6,20.3,24.4,91.8,0.0,2.2,348,Very Poor,1015.0,49.6,2024,11,18,0,Monday,8.3,2239.9199999999996
2024-11-18,Bhopal,Madhya Pradesh,39.7,29.5,34.6,82.3,0.0,14.8,109,Moderate,1005.8,22.0,2024,11,18,0,Monday,10.200000000000003,2847.58
2024-11-19,Mumbai,Maharashtra,30.6,25.5,28.1,89.6,0.0,17.9,260,Poor,1024.4,41.6,2024,11,19,1,Tuesday,5.100000000000001,2517.7599999999998
2024-11-19,Delhi,Delhi,32.2,18.6,25.4,85.8,0.0,5.1,119,Moderate,1005.9,52.1,2024,11,19,1,Tuesday,13.600000000000001,2179.3199999999997
2024-11-19,Bengaluru,Karnataka,39.5,31.8,35.6,85.5,1.9,15.9,225,Poor,992.7,85.4,2024,11,19,1,Tuesday,7.699999999999999,3043.8
2024-11-19,Chennai,Tamil Nadu,42.4,28.7,35.6,65.5,69.4,21.6,105,Moderate,1018.7,49.6,2024,11,19,1,Tuesday,13.7,2331.8
2024-11-19,Kolkata,West Bengal,43.2,31.0,37.1,48.3,0.0,3.9,141,Moderate,995.0,75.8,2024,11,19,1,Tuesday,12.200000000000003,1791.93
2024-11-19,Hyderabad,Telangana,35.2,22.5,28.8,78.8,0.0,19.1,309,Very Poor,995.2,40.3,2024,11,19,1,Tuesday,12.700000000000003,2269.44
2024-11-19,Ahmedabad,Gujarat,43.9,34.3,39.1,35.2,0.0,13.4,315,Very Poor,1010.4,16.6,2024,11,19,1,Tuesday,9.600000000000001,1376.3200000000002
2024-11-19,Jaipur,Rajasthan,37.4,26.4,31.9,94.2,0.0,7.5,110,Moderate,1008.1,53.3,2024,11,19,1,Tuesday,11.0,3004.98
2024-11-19,Lucknow,Uttar Pradesh,39.0,33.7,36.3,74.9,0.0,24.5,60,Satisfactory,1001.7,98.3,2024,11,19,1,Tuesday,5.299999999999997,2718.87
2024-11-19,Bhopal,Madhya Pradesh,38.7,29.1,33.9,83.4,0.0,20.9,107,Moderate,997.5,7.4,2024,11,19,1,Tuesday,9.600000000000001,2827.26
2024-11-20,Mumbai,Maharashtra,34.6,22.2,28.4,44.2,55.2,15.8,282,Poor,1014.2,58.3,2024,11,20,2,Wednesday,12.400000000000002,1255.28
2024-11-20,Delhi,Delhi,44.5,34.1,39.3,57.1,0.0,15.3,166,Moderate,1017.7,55.7,2024,11,20,2,Wednesday,10.399999999999999,2244.0299999999997
2024-11-20,Bengaluru,Karnataka,38.1,30.4,34.3,52.7,54.6,20.6,129,Moderate,1012.8,84.9,2024,11,20,2,Wednesday,7.700000000000003,1807.61
2024-11-20,Chennai,Tamil Nadu,37.7,26.8,32.3,70.5,0.0,15.8,110,Moderate,1024.0,95.6,2024,11,20,2,Wednesday,10.900000000000002,2277.1499999999996
2024-11-20,Kolkata,West Bengal,31.1,25.7,28.4,55.9,0.0,8.1,289,Poor,997.7,38.3,2024,11,20,2,Wednesday,5.400000000000002,1587.56
2024-11-20,Hyderabad,Telangana,37.9,25.1,31.5,67.9,0.0,20.0,63,Satisfactory,1019.6,78.0,2024,11,20,2,Wednesday,12.799999999999997,2138.8500000000004
2024-11-20,Ahmedabad,Gujarat,40.2,34.8,37.5,36.9,4.5,17.6,128,Moderate,995.4,26.5,2024,11,20,2,Wednesday,5.400000000000006,1383.75
2024-11-20,Jaipur,Rajasthan,27.5,19.6,23.5,77.4,0.0,9.4,200,Moderate,1004.4,72.4,2024,11,20,2,Wednesday,7.899999999999999,1818.9
2024-11-20,Lucknow,Uttar Pradesh,25.1,10.9,18.0,34.3,9.4,14.3,114,Moderate,1007.7,11.9,2024,11,20,2,Wednesday,14.200000000000001,617.4
2024-11-20,Bhopal,Madhya Pradesh,40.6,26.6,33.6,64.4,3.6,8.4,190,Moderate,991.9,68.3,2024,11,20,2,Wednesday,14.0,2163.84
2024-11-21,Mumbai,Maharashtra,25.2,19.1,22.2,75.4,0.0,4.0,135,Moderate,1016.6,54.8,2024,11,21,3,Thursday,6.099999999999998,1673.88
2024-11-21,Delhi,Delhi,33.1,27.9,30.5,73.1,3.7,17.0,169,Moderate,1017.8,65.0,2024,11,21,3,Thursday,5.200000000000003,2229.5499999999997
2024-11-21,Bengaluru,Karnataka,32.8,26.6,29.7,80.7,27.2,15.5,158,Moderate,1006.8,6.7,2024,11,21,3,Thursday,6.199999999999996,2396.79
2024-11-21,Chennai,Tamil Nadu,37.8,31.9,34.9,59.9,0.0,14.3,327,Very Poor,991.5,95.9,2024,11,21,3,Thursday,5.899999999999999,2090.5099999999998
2024-11-21,Kolkata,West Bengal,38.6,32.7,35.7,43.5,0.0,18.0,270,Poor,1009.1,6.7,2024,11,21,3,Thursday,5.899999999999999,1552.95
2024-11-21,Hyderabad,Telangana,28.8,15.5,22.2,53.1,10.8,16.1,256,Poor,1004.8,14.2,2024,11,21,3,Thursday,13.3,1178.82
2024-11-21,Ahmedabad,Gujarat,30.7,15.8,23.2,91.8,0.0,8.4,341,Very Poor,998.9,11.8,2024,11,21,3,Thursday,14.899999999999999,2129.7599999999998
2024-11-21,Jaipur,Rajasthan,26.2,12.6,19.4,79.9,0.0,6.7,221,Poor,1007.3,48.5,2024,11,21,3,Thursday,13.6,1550.06
2024-11-21,Lucknow,Uttar Pradesh,40.4,31.7,36.1,40.4,0.0,19.6,82,Satisfactory,1022.7,91.9,2024,11,21,3,Thursday,8.7,1458.44
2024-11-21,Bhopal,Madhya Pradesh,35.1,29.1,32.1,92.5,23.8,24.3,190,Moderate,1014.4,16.5,2024,11,21,3,Thursday,6.0,2969.25
2024-11-22,Mumbai,Maharashtra,41.3,30.6,36.0,38.6,0.0,18.2,342,Very Poor,1003.1,55.6,2024,11,22,4,Friday,10.699999999999996,1389.6000000000001
2024-11-22,Delhi,Delhi,31.6,19.8,25.7,41.2,1.3,17.4,322,Very Poor,995.5,27.9,2024,11,22,4,Friday,11.8,1058.8400000000001
2024-11-22,Bengaluru,Karnataka,30.8,17.6,24.2,48.6,0.0,19.7,182,Moderate,995.9,25.5,2024,11,22,4,Friday,13.2,1176.12
2024-11-22,Chennai,Tamil Nadu,36.5,28.3,32.4,67.4,0.0,13.9,318,Very Poor,1014.1,66.7,2024,11,22,4,Friday,8.2,2183.76
2024-11-22,Kolkata,West Bengal,34.2,29.1,31.6,71.0,6.8,9.4,116,Moderate,995.2,68.1,2024,11,22,4,Friday,5.100000000000001,2243.6
2024-11-22,Hyderabad,Telangana,34.1,24.2,29.2,61.0,12.1,18.5,64,Satisfactory,1004.9,23.2,2024,11,22,4,Friday,9.900000000000002,1781.2
2024-11-22,Ahmedabad,Gujarat,38.4,30.3,34.4,44.9,3.9,16.8,237,Poor,1020.2,25.8,2024,11,22,4,Friday,8.099999999999998,1544.56
2024-11-22,Jaipur,Rajasthan,27.0,16.5,21.8,68.0,2.2,5.4,196,Moderate,1005.2,93.6,2024,11,22,4,Friday,10.5,1482.4
2024-11-22,Lucknow,Uttar Pradesh,39.5,26.2,32.9,43.2,2.3,3.4,297,Poor,1001.3,42.9,2024,11,22,4,Friday,13.3,1421.28
2024-11-22,Bhopal,Madhya Pradesh,33.4,19.2,26.3,94.8,0.0,3.5,148,Moderate,1010.1,39.4,2024,11,22,4,Friday,14.2,2493.24
2024-11-23,Mumbai,Maharashtra,38.8,29.1,33.9,78.9,0.0,23.9,161,Moderate,1018.1,24.5,2024,11,23,5,Saturday,9.699999999999996,2674.71
2024-11-23,Delhi,Delhi,43.6,37.3,40.4,46.5,0.0,3.8,227,Poor,1012.0,14.4,2024,11,23,5,Saturday,6.300000000000004,1878.6
2024-11-23,Bengaluru,Karnataka,35.1,25.2,30.2,34.4,0.0,15.7,78,Satisfactory,1011.2,6.4,2024,11,23,5,Saturday,9.900000000000002,1038.8799999999999
2024-11-23,Chennai,Tamil Nadu,29.7,18.0,23.8,67.5,61.8,10.7,113,Moderate,1002.1,83.9,2024,11,23,5,Saturday,11.7,1606.5
2024-11-23,Kolkata,West Bengal,34.2,27.3,30.8,89.4,4.1,7.6,246,Poor,1023.0,39.9,2024,11,23,5,Saturday,6.900000000000002,2753.5200000000004
2024-11-23,Hyderabad,Telangana,31.9,18.8,25.4,88.3,0.0,23.3,252,Poor,1011.9,87.6,2024,11,23,5,Saturday,13.099999999999998,2242.8199999999997
2024-11-23,Ahmedabad,Gujarat,29.0,17.9,23.5,35.9,0.0,24.5,284,Poor,1021.5,89.9,2024,11,23,5,Saturday,11.100000000000001,843.65
2024-11-23,Jaipur,Rajasthan,38.8,27.3,33.1,36.9,9.0,23.3,340,Very Poor,1009.4,47.5,2024,11,23,5,Saturday,11.499999999999996,1221.39
2024-11-23,Lucknow,Uttar Pradesh,34.3,22.9,28.6,54.2,6.4,13.8,321,Very Poor,1000.5,66.2,2024,11,23,5,Saturday,11.399999999999999,1550.1200000000001
2024-11-23,Bhopal,Madhya Pradesh,25.1,18.8,22.0,37.8,56.4,15.4,89,Satisfactory,1006.2,80.3,2024,11,23,5,Saturday,6.300000000000001,831.5999999999999
2024-11-24,Mumbai,Maharashtra,32.6,23.0,27.8,49.4,0.0,9.7,147,Moderate,1017.9,22.3,2024,11,24,6,Sunday,9.600000000000001,1373.32
2024-11-24,Delhi,Delhi,26.3,15.7,21.0,69.7,0.0,5.1,248,Poor,995.5,97.1,2024,11,24,6,Sunday,10.600000000000001,1463.7
2024-11-24,Bengaluru,Karnataka,25.9,19.5,22.7,61.6,0.0,16.1,222,Poor,1006.2,29.3,2024,11,24,6,Sunday,6.399999999999999,1398.32
2024-11-24,Chennai,Tamil Nadu,39.3,30.6,35.0,62.8,0.0,10.0,247,Poor,1014.6,6.8,2024,11,24,6,Sunday,8.699999999999996,2198.0
2024-11-24,Kolkata,West Bengal,27.1,21.4,24.2,77.1,0.0,14.2,51,Satisfactory,1014.7,35.7,2024,11,24,6,Sunday,5.700000000000003,1865.8199999999997
2024-11-24,Hyderabad,Telangana,29.6,22.2,25.9,51.8,66.3,25.0,213,Poor,1005.2,26.6,2024,11,24,6,Sunday,7.400000000000002,1341.62
2024-11-24,Ahmedabad,Gujarat,42.6,33.0,37.8,62.9,0.0,10.1,341,Very Poor,1021.1,10.6,2024,11,24,6,Sunday,9.600000000000001,2377.62
2024-11-24,Jaipur,Rajasthan,25.2,10.7,17.9,65.6,7.1,22.3,134,Moderate,994.9,17.1,2024,11,24,6,Sunday,14.5,1174.2399999999998
2024-11-24,Lucknow,Uttar Pradesh,28.2,22.1,25.2,74.1,56.7,17.0,162,Moderate,994.2,59.5,2024,11,24,6,Sunday,6.099999999999998,1867.3199999999997
2024-11-24,Bhopal,Madhya Pradesh,31.9,23.7,27.8,90.4,0.0,9.3,139,Moderate,1024.2,97.9,2024,11,24,6,Sunday,8.2,2513.1200000000003
2024-11-25,Mumbai,Maharashtra,32.0,21.0,26.5,61.2,0.0,17.0,247,Poor,1003.4,71.5,2024,11,25,0,Monday,11.0,1621.8000000000002
2024-11-25,Delhi,Delhi,35.2,23.1,29.2,60.0,0.0,3.5,68,Satisfactory,1014.9,39.9,2024,11,25,0,Monday,12.100000000000001,1752.0
2024-11-25,Bengaluru,Karnataka,41.4,29.6,35.5,59.4,0.0,22.4,338,Very Poor,996.6,59.0,2024,11,25,0,Monday,11.799999999999997,2108.7
2024-11-25,Chennai,Tamil Nadu,37.7,28.3,33.0,76.6,51.3,13.8,195,Moderate,1019.1,95.4,2024,11,25,0,Monday,9.400000000000002,2527.7999999999997
2024-11-25,Kolkata,West Bengal,37.1,26.0,31.6,80.8,8.2,20.0,52,Satisfactory,1014.5,72.8,2024,11,25,0,Monday,11.100000000000001,2553.28
2024-11-25,Hyderabad,Telangana,33.8,20.7,27.2,90.7,2.4,19.3,264,Poor,1011.7,6.8,2024,11,25,0,Monday,13.099999999999998,2467.04
2024-11-25,Ahmedabad,Gujarat,40.5,28.2,34.4,79.8,4.4,15.3,292,Poor,1022.7,91.3,2024,11,25,0,Monday,12.3,2745.12
2024-11-25,Jaipur,Rajasthan,36.3,26.0,31.1,51.4,0.0,7.6,203,Poor,1022.3,57.9,2024,11,25,0,Monday,10.299999999999997,1598.54
2024-11-25,Lucknow,Uttar Pradesh,33.7,28.1,30.9,87.4,3.2,15.4,126,Moderate,1008.4,22.2,2024,11,25,0,Monday,5.600000000000001,2700.66
2024-11-25,Bhopal,Madhya Pradesh,35.5,22.6,29.0,58.1,2.1,11.7,104,Moderate,994.4,69.1,2024,11,25,0,Monday,12.899999999999999,1684.9
2024-11-26,Mumbai,Maharashtra,35.2,27.1,31.1,90.6,39.4,9.3,74,Satisfactory,1012.6,35.1,2024,11,26,1,Tuesday,8.100000000000001,2817.66
2024-11-26,Delhi,Delhi,37.6,23.4,30.5,59.4,0.0,16.1,177,Moderate,999.1,40.9,2024,11,26,1,Tuesday,14.200000000000003,1811.7
2024-11-26,Bengaluru,Karnataka,42.3,33.8,38.0,71.3,2.2,19.5,322,Very Poor,1006.2,36.8,2024,11,26,1,Tuesday,8.5,2709.4
2024-11-26,Chennai,Tamil Nadu,27.7,15.5,21.6,74.9,6.9,8.9,49,Good,1002.4,42.2,2024,11,26,1,Tuesday,12.2,1617.8400000000001
2024-11-26,Kolkata,West Bengal,43.3,37.5,40.4,75.5,0.0,18.7,146,Moderate,1000.6,75.8,2024,11,26,1,Tuesday,5.799999999999997,3050.2
2024-11-26,Hyderabad,Telangana,43.1,36.4,39.7,50.5,5.0,6.8,189,Moderate,995.0,33.9,2024,11,26,1,Tuesday,6.700000000000003,2004.8500000000001
2024-11-26,Ahmedabad,Gujarat,35.8,26.5,31.1,73.1,0.0,16.4,167,Moderate,1011.4,31.7,2024,11,26,1,Tuesday,9.299999999999997,2273.41
2024-11-26,Jaipur,Rajasthan,32.3,25.6,28.9,61.0,0.0,11.7,240,Poor,994.6,17.5,2024,11,26,1,Tuesday,6.699999999999996,1762.8999999999999
2024-11-26,Lucknow,Uttar Pradesh,39.1,24.7,31.9,35.7,0.0,16.3,252,Poor,1004.1,80.8,2024,11,26,1,Tuesday,14.400000000000002,1138.83
2024-11-26,Bhopal,Madhya Pradesh,44.7,38.3,41.5,33.8,11.3,9.0,116,Moderate,1009.3,35.2,2024,11,26,1,Tuesday,6.400000000000006,1402.6999999999998
2024-11-27,Mumbai,Maharashtra,28.0,19.8,23.9,70.0,0.0,2.8,320,Very Poor,1019.4,9.3,2024,11,27,2,Wednesday,8.2,1673.0
2024-11-27,Delhi,Delhi,35.8,29.1,32.4,59.4,0.0,4.7,277,Poor,1010.9,13.5,2024,11,27,2,Wednesday,6.699999999999996,1924.56
2024-11-27,Bengaluru,Karnataka,43.4,29.1,36.2,37.0,0.0,20.7,288,Poor,1008.8,87.8,2024,11,27,2,Wednesday,14.299999999999997,1339.4
2024-11-27,Chennai,Tamil Nadu,30.5,19.2,24.9,30.5,26.7,11.3,279,Poor,1012.9,74.5,2024,11,27,2,Wednesday,11.3,759.4499999999999
2024-11-27,Kolkata,West Bengal,39.7,31.8,35.8,74.6,0.0,7.9,175,Moderate,1022.6,32.6,2024,11,27,2,Wednesday,7.900000000000002,2670.6799999999994
2024-11-27,Hyderabad,Telangana,28.7,22.3,25.5,43.6,0.0,9.4,322,Very Poor,1009.7,38.9,2024,11,27,2,Wednesday,6.399999999999999,1111.8
2024-11-27,Ahmedabad,Gujarat,32.6,22.7,27.6,64.7,0.0,4.9,47,Good,1022.8,81.1,2024,11,27,2,Wednesday,9.900000000000002,1785.7200000000003
2024-11-27,Jaipur,Rajasthan,41.4,30.5,36.0,63.7,0.0,18.7,47,Good,990.6,80.7,2024,11,27,2,Wednesday,10.899999999999999,2293.2000000000003
2024-11-27,Lucknow,Uttar Pradesh,29.7,22.0,25.9,40.2,29.9,15.3,166,Moderate,1009.8,26.0,2024,11,27,2,Wednesday,7.699999999999999,1041.18
2024-11-27,Bhopal,Madhya Pradesh,27.5,14.9,21.2,51.5,36.0,5.9,335,Very Poor,990.1,61.5,2024,11,27,2,Wednesday,12.6,1091.8
2024-11-28,Mumbai,Maharashtra,37.9,32.1,35.0,65.1,0.0,20.7,347,Very Poor,1021.3,72.2,2024,11,28,3,Thursday,5.799999999999997,2278.5
2024-11-28,Delhi,Delhi,26.8,16.3,21.6,74.5,65.5,10.3,248,Poor,991.5,39.4,2024,11,28,3,Thursday,10.5,1609.2
2024-11-28,Bengaluru,Karnataka,29.3,16.2,22.7,44.3,0.2,10.0,93,Satisfactory,1016.2,46.6,2024,11,28,3,Thursday,13.100000000000001,1005.6099999999999
2024-11-28,Chennai,Tamil Nadu,26.8,14.7,20.8,55.1,0.0,10.0,220,Poor,994.6,61.4,2024,11,28,3,Thursday,12.100000000000001,1146.0800000000002
2024-11-28,Kolkata,West Bengal,41.0,34.0,37.5,48.9,0.0,24.2,140,Moderate,1012.9,79.4,2024,11,28,3,Thursday,7.0,1833.75
2024-11-28,Hyderabad,Telangana,27.9,20.3,24.1,46.7,33.9,24.7,243,Poor,1002.0,72.0,2024,11,28,3,Thursday,7.599999999999998,1125.47
2024-11-28,Ahmedabad,Gujarat,28.9,14.7,21.8,43.0,0.0,12.5,56,Satisfactory,1020.3,18.3,2024,11,28,3,Thursday,14.2,937.4
2024-11-28,Jaipur,Rajasthan,33.0,27.5,30.3,74.7,7.6,23.1,99,Satisfactory,1016.2,93.9,2024,11,28,3,Thursday,5.5,2263.4100000000003
2024-11-28,Lucknow,Uttar Pradesh,35.0,20.1,27.5,74.3,12.1,18.0,120,Moderate,996.0,7.4,2024,11,28,3,Thursday,14.899999999999999,2043.25
2024-11-28,Bhopal,Madhya Pradesh,43.3,31.6,37.5,89.8,0.0,6.7,143,Moderate,995.3,99.4,2024,11,28,3,Thursday,11.699999999999996,3367.5
2024-11-29,Mumbai,Maharashtra,28.2,23.1,25.7,48.6,8.9,23.2,140,Moderate,1007.9,84.6,2024,11,29,4,Friday,5.099999999999998,1249.02
2024-11-29,Delhi,Delhi,44.5,38.8,41.6,77.1,0.0,9.2,348,Very Poor,993.3,60.6,2024,11,29,4,Friday,5.700000000000003,3207.3599999999997
2024-11-29,Bengaluru,Karnataka,36.2,25.7,31.0,32.6,45.9,22.2,211,Poor,1001.9,56.6,2024,11,29,4,Friday,10.500000000000004,1010.6
2024-11-29,Chennai,Tamil Nadu,38.7,26.8,32.8,81.3,0.0,13.0,59,Satisfactory,1022.2,51.3,2024,11,29,4,Friday,11.900000000000002,2666.64
2024-11-29,Kolkata,West Bengal,29.6,18.8,24.2,35.7,4.3,4.5,222,Poor,1013.9,43.6,2024,11,29,4,Friday,10.8,863.94
2024-11-29,Hyderabad,Telangana,29.1,18.0,23.6,73.8,67.7,3.5,43,Good,1011.1,61.4,2024,11,29,4,Friday,11.100000000000001,1741.68
2024-11-29,Ahmedabad,Gujarat,31.8,17.2,24.5,66.1,0.0,3.8,79,Satisfactory,1015.3,57.7,2024,11,29,4,Friday,14.600000000000001,1619.4499999999998
2024-11-29,Jaipur,Rajasthan,37.3,24.2,30.7,78.9,28.1,22.4,90,Satisfactory,1001.1,83.3,2024,11,29,4,Friday,13.099999999999998,2422.23
2024-11-29,Lucknow,Uttar Pradesh,28.9,22.1,25.5,35.7,0.0,21.5,239,Poor,1018.1,14.6,2024,11,29,4,Friday,6.799999999999997,910.35
2024-11-29,Bhopal,Madhya Pradesh,39.4,27.3,33.4,77.0,1.8,22.7,306,Very Poor,999.8,7.2,2024,11,29,4,Friday,12.099999999999998,2571.7999999999997
2024-11-30,Mumbai,Maharashtra,32.5,24.2,28.4,52.6,0.0,3.8,329,Very Poor,1024.0,94.0,2024,11,30,5,Saturday,8.3,1493.84
2024-11-30,Delhi,Delhi,42.6,31.0,36.8,44.4,0.0,13.6,202,Poor,1024.8,46.4,2024,11,30,5,Saturday,11.600000000000001,1633.9199999999998
2024-11-30,Bengaluru,Karnataka,38.9,32.1,35.5,90.6,29.3,16.4,271,Poor,1006.9,60.1,2024,11,30,5,Saturday,6.799999999999997,3216.2999999999997
2024-11-30,Chennai,Tamil Nadu,28.1,14.4,21.3,92.4,57.8,10.6,171,Moderate,1024.7,69.6,2024,11,30,5,Saturday,13.700000000000001,1968.1200000000001
2024-11-30,Kolkata,West Bengal,38.5,28.3,33.4,37.3,8.0,5.6,346,Very Poor,1008.8,77.8,2024,11,30,5,Saturday,10.2,1245.82
2024-11-30,Hyderabad,Telangana,42.7,29.0,35.9,46.1,0.0,4.5,82,Satisfactory,1020.0,15.3,2024,11,30,5,Saturday,13.700000000000003,1654.99
2024-11-30,Ahmedabad,Gujarat,29.9,19.2,24.6,87.2,0.0,8.1,223,Poor,994.7,43.9,2024,11,30,5,Saturday,10.7,2145.1200000000003
2024-11-30,Jaipur,Rajasthan,30.7,17.2,24.0,93.8,1.3,6.4,324,Very Poor,1002.4,42.5,2024,11,30,5,Saturday,13.5,2251.2
2024-11-30,Lucknow,Uttar Pradesh,38.2,32.8,35.5,31.0,0.0,21.3,142,Moderate,1001.0,40.8,2024,11,30,5,Saturday,5.400000000000006,1100.5
2024-11-30,Bhopal,Madhya Pradesh,25.2,10.6,17.9,39.0,0.0,23.4,46,Good,993.5,46.9,2024,11,30,5,Saturday,14.6,698.0999999999999
2024-12-01,Mumbai,Maharashtra,40.4,29.0,34.7,75.5,0.0,13.8,98,Satisfactory,1014.3,54.5,2024,12,1,6,Sunday,11.399999999999999,2619.8500000000004
2024-12-01,Delhi,Delhi,31.3,25.4,28.4,58.1,6.1,22.5,316,Very Poor,1001.8,26.1,2024,12,1,6,Sunday,5.900000000000002,1650.04
2024-12-01,Bengaluru,Karnataka,38.8,32.8,35.8,56.5,6.8,15.0,259,Poor,1017.9,35.4,2024,12,1,6,Sunday,6.0,2022.6999999999998
2024-12-01,Chennai,Tamil Nadu,44.8,35.9,40.4,81.4,29.7,2.6,164,Moderate,997.6,50.9,2024,12,1,6,Sunday,8.899999999999999,3288.56
2024-12-01,Kolkata,West Bengal,37.6,30.7,34.1,34.6,0.0,15.8,277,Poor,1009.2,28.3,2024,12,1,6,Sunday,6.900000000000002,1179.8600000000001
2024-12-01,Hyderabad,Telangana,26.8,19.8,23.3,78.1,0.0,13.7,150,Moderate,1002.1,99.4,2024,12,1,6,Sunday,7.0,1819.73
2024-12-01,Ahmedabad,Gujarat,37.5,23.7,30.6,71.5,0.0,20.6,221,Poor,991.8,89.1,2024,12,1,6,Sunday,13.8,2187.9
2024-12-01,Jaipur,Rajasthan,42.0,36.9,39.4,86.5,0.0,17.7,199,Moderate,1012.0,20.5,2024,12,1,6,Sunday,5.100000000000001,3408.1
2024-12-01,Lucknow,Uttar Pradesh,30.5,19.9,25.2,78.0,0.9,8.8,96,Satisfactory,1023.4,54.4,2024,12,1,6,Sunday,10.600000000000001,1965.6
2024-12-01,Bhopal,Madhya Pradesh,27.2,16.7,21.9,54.4,0.0,15.8,335,Very Poor,995.0,62.2,2024,12,1,6,Sunday,10.5,1191.36
2024-12-02,Mumbai,Maharashtra,44.6,30.7,37.6,82.5,0.0,16.3,188,Moderate,1019.8,27.0,2024,12,2,0,Monday,13.900000000000002,3102.0
2024-12-02,Delhi,Delhi,37.9,28.5,33.2,59.5,0.0,14.3,119,Moderate,997.6,53.8,2024,12,2,0,Monday,9.399999999999999,1975.4
2024-12-02,Bengaluru,Karnataka,29.0,21.3,25.2,30.2,37.1,2.9,79,Satisfactory,991.5,89.2,2024,12,2,0,Monday,7.699999999999999,761.04
2024-12-02,Chennai,Tamil Nadu,25.0,18.3,21.6,83.6,8.0,13.7,292,Poor,1021.7,10.4,2024,12,2,0,Monday,6.699999999999999,1805.76
2024-12-02,Kolkata,West Bengal,28.4,19.5,24.0,42.5,0.0,18.1,114,Moderate,1012.4,78.8,2024,12,2,0,Monday,8.899999999999999,1020.0
2024-12-02,Hyderabad,Telangana,33.6,27.1,30.3,57.9,7.0,9.1,332,Very Poor,1013.2,39.9,2024,12,2,0,Monday,6.5,1754.37
2024-12-02,Ahmedabad,Gujarat,31.9,20.8,26.4,78.8,0.0,11.9,329,Very Poor,1001.3,67.1,2024,12,2,0,Monday,11.099999999999998,2080.3199999999997
2024-12-02,Jaipur,Rajasthan,27.5,16.9,22.2,88.3,44.6,22.7,72,Satisfactory,1008.0,7.4,2024,12,2,0,Monday,10.600000000000001,1960.2599999999998
2024-12-02,Lucknow,Uttar Pradesh,36.7,30.5,33.6,39.7,7.7,4.4,263,Poor,996.9,84.1,2024,12,2,0,Monday,6.200000000000003,1333.92
2024-12-02,Bhopal,Madhya Pradesh,41.1,26.2,33.7,86.2,0.0,16.7,68,Satisfactory,1001.7,78.2,2024,12,2,0,Monday,14.900000000000002,2904.9400000000005
2024-12-03,Mumbai,Maharashtra,40.6,35.3,37.9,62.4,0.0,5.7,329,Very Poor,1021.3,84.1,2024,12,3,1,Tuesday,5.300000000000004,2364.96
2024-12-03,Delhi,Delhi,42.5,30.1,36.3,42.0,0.0,20.0,189,Moderate,997.9,17.2,2024,12,3,1,Tuesday,12.399999999999999,1524.6
2024-12-03,Bengaluru,Karnataka,28.2,16.2,22.2,67.4,14.4,2.0,53,Satisfactory,1001.4,69.6,2024,12,3,1,Tuesday,12.0,1496.28
2024-12-03,Chennai,Tamil Nadu,26.7,20.9,23.8,67.8,9.0,10.0,315,Very Poor,990.7,7.1,2024,12,3,1,Tuesday,5.800000000000001,1613.6399999999999
2024-12-03,Kolkata,West Bengal,27.1,12.1,19.6,40.7,0.0,18.9,102,Moderate,1002.3,34.0,2024,12,3,1,Tuesday,15.000000000000002,797.7200000000001
2024-12-03,Hyderabad,Telangana,41.4,33.8,37.6,48.4,0.0,24.8,296,Poor,1002.9,39.8,2024,12,3,1,Tuesday,7.600000000000001,1819.84
2024-12-03,Ahmedabad,Gujarat,31.2,23.9,27.6,57.5,0.0,10.0,129,Moderate,998.6,67.2,2024,12,3,1,Tuesday,7.300000000000001,1587.0
2024-12-03,Jaipur,Rajasthan,37.1,27.1,32.1,44.1,0.0,16.2,230,Poor,1013.5,20.8,2024,12,3,1,Tuesday,10.0,1415.6100000000001
2024-12-03,Lucknow,Uttar Pradesh,44.6,38.9,41.8,61.9,7.4,24.5,157,Moderate,993.1,83.1,2024,12,3,1,Tuesday,5.700000000000003,2587.4199999999996
2024-12-03,Bhopal,Madhya Pradesh,27.9,18.0,22.9,34.6,5.3,13.2,151,Moderate,1006.1,23.6,2024,12,3,1,Tuesday,9.899999999999999,792.34
2024-12-04,Mumbai,Maharashtra,28.6,16.3,22.5,42.9,6.2,14.4,168,Moderate,1004.8,68.9,2024,12,4,2,Wednesday,12.3,965.25
2024-12-04,Delhi,Delhi,41.4,29.1,35.3,65.1,0.0,3.6,207,Poor,1009.8,38.7,2024,12,4,2,Wednesday,12.299999999999997,2298.0299999999997
2024-12-04,Bengaluru,Karnataka,37.9,26.5,32.2,73.8,0.0,16.5,78,Satisfactory,1004.3,77.5,2024,12,4,2,Wednesday,11.399999999999999,2376.36
2024-12-04,Chennai,Tamil Nadu,28.8,18.2,23.5,62.5,0.0,2.9,307,Very Poor,993.3,59.8,2024,12,4,2,Wednesday,10.600000000000001,1468.75
2024-12-04,Kolkata,West Bengal,30.2,24.9,27.5,76.1,0.0,5.7,339,Very Poor,993.7,66.6,2024,12,4,2,Wednesday,5.300000000000001,2092.75
2024-12-04,Hyderabad,Telangana,38.6,23.7,31.1,58.2,0.0,18.2,248,Poor,1003.0,35.2,2024,12,4,2,Wednesday,14.900000000000002,1810.0200000000002
2024-12-04,Ahmedabad,Gujarat,31.7,20.9,26.3,49.5,0.0,2.5,99,Satisfactory,1017.7,63.9,2024,12,4,2,Wednesday,10.8,1301.8500000000001
2024-12-04,Jaipur,Rajasthan,29.3,21.7,25.5,67.5,5.5,22.4,223,Poor,991.5,44.6,2024,12,4,2,Wednesday,7.600000000000001,1721.25
2024-12-04,Lucknow,Uttar Pradesh,36.7,31.5,34.1,43.7,0.7,5.7,294,Poor,1001.7,36.3,2024,12,4,2,Wednesday,5.200000000000003,1490.17
2024-12-04,Bhopal,Madhya Pradesh,28.9,18.4,23.7,80.9,0.0,20.9,60,Satisfactory,1016.0,71.9,2024,12,4,2,Wednesday,10.5,1917.3300000000002
2024-12-05,Mumbai,Maharashtra,25.9,13.9,19.9,91.4,0.0,9.0,249,Poor,1013.7,72.6,2024,12,5,3,Thursday,11.999999999999998,1818.86
2024-12-05,Delhi,Delhi,43.9,35.3,39.6,32.6,9.1,22.1,142,Moderate,1000.9,83.9,2024,12,5,3,Thursday,8.600000000000001,1290.96
2024-12-05,Bengaluru,Karnataka,40.9,35.2,38.0,72.6,6.8,23.2,179,Moderate,1015.7,96.3,2024,12,5,3,Thursday,5.699999999999996,2758.7999999999997
2024-12-05,Chennai,Tamil Nadu,35.6,27.9,31.7,94.1,0.0,10.9,324,Very Poor,1022.1,40.0,2024,12,5,3,Thursday,7.700000000000003,2982.97
2024-12-05,Kolkata,West Bengal,33.5,19.9,26.7,63.9,0.0,8.0,144,Moderate,1000.1,22.7,2024,12,5,3,Thursday,13.600000000000001,1706.1299999999999
2024-12-05,Hyderabad,Telangana,37.5,28.6,33.1,76.3,0.0,5.8,107,Moderate,1003.7,74.0,2024,12,5,3,Thursday,8.899999999999999,2525.53
2024-12-05,Ahmedabad,Gujarat,28.6,19.9,24.3,83.2,77.0,5.5,201,Poor,991.5,42.9,2024,12,5,3,Thursday,8.700000000000003,2021.7600000000002
2024-12-05,Jaipur,Rajasthan,35.3,29.0,32.1,38.1,69.6,4.7,312,Very Poor,997.5,13.5,2024,12,5,3,Thursday,6.299999999999997,1223.01
2024-12-05,Lucknow,Uttar Pradesh,44.2,36.6,40.4,49.7,3.7,13.6,287,Poor,1023.3,14.5,2024,12,5,3,Thursday,7.600000000000001,2007.88
2024-12-05,Bhopal,Madhya Pradesh,31.7,22.9,27.3,76.1,9.3,19.3,283,Poor,1001.2,76.9,2024,12,5,3,Thursday,8.8,2077.5299999999997
2024-12-06,Mumbai,Maharashtra,35.7,25.3,30.5,79.4,8.2,20.7,97,Satisfactory,998.2,73.1,2024,12,6,4,Friday,10.400000000000002,2421.7000000000003
2024-12-06,Delhi,Delhi,26.9,16.1,21.5,89.1,0.0,21.8,278,Poor,1019.5,88.2,2024,12,6,4,Friday,10.799999999999997,1915.6499999999999
2024-12-06,Bengaluru,Karnataka,41.9,35.1,38.5,49.8,0.0,6.2,311,Very Poor,1020.8,72.1,2024,12,6,4,Friday,6.799999999999997,1917.3
2024-12-06,Chennai,Tamil Nadu,27.8,18.8,23.3,48.4,0.0,4.1,54,Satisfactory,1009.8,41.4,2024,12,6,4,Friday,9.0,1127.72
2024-12-06,Kolkata,West Bengal,39.1,26.8,32.9,84.2,77.8,14.7,260,Poor,1005.6,5.3,2024,12,6,4,Friday,12.3,2770.18
2024-12-06,Hyderabad,Telangana,36.3,21.9,29.1,68.6,69.8,9.5,283,Poor,995.2,80.7,2024,12,6,4,Friday,14.399999999999999,1996.26
2024-12-06,Ahmedabad,Gujarat,29.2,16.6,22.9,67.8,45.1,13.6,265,Poor,1017.6,7.7,2024,12,6,4,Friday,12.599999999999998,1552.62
2024-12-06,Jaipur,Rajasthan,43.9,33.9,38.9,52.0,0.0,11.3,207,Poor,995.5,52.2,2024,12,6,4,Friday,10.0,2022.8
2024-12-06,Lucknow,Uttar Pradesh,43.9,34.8,39.3,66.9,8.9,19.4,195,Moderate,1001.6,20.6,2024,12,6,4,Friday,9.100000000000001,2629.17
2024-12-06,Bhopal,Madhya Pradesh,32.1,24.5,28.3,93.3,0.0,23.6,160,Moderate,1017.8,81.8,2024,12,6,4,Friday,7.600000000000001,2640.39
2024-12-07,Mumbai,Maharashtra,34.7,23.8,29.2,81.3,15.5,23.6,293,Poor,1010.8,22.7,2024,12,7,5,Saturday,10.900000000000002,2373.96
2024-12-07,Delhi,Delhi,36.0,22.8,29.4,83.0,0.0,23.8,318,Very Poor,1000.4,24.6,2024,12,7,5,Saturday,13.2,2440.2
2024-12-07,Bengaluru,Karnataka,28.0,16.1,22.0,49.5,0.0,24.4,173,Moderate,994.6,42.2,2024,12,7,5,Saturday,11.899999999999999,1089.0
2024-12-07,Chennai,Tamil Nadu,37.6,28.5,33.1,36.3,0.0,12.3,86,Satisfactory,997.6,14.5,2024,12,7,5,Saturday,9.100000000000001,1201.53
2024-12-07,Kolkata,West Bengal,28.3,21.4,24.8,57.3,0.0,23.2,151,Moderate,1018.8,96.6,2024,12,7,5,Saturday,6.900000000000002,1421.04
2024-12-07,Hyderabad,Telangana,38.3,31.6,35.0,83.1,0.0,15.7,170,Moderate,1009.6,14.7,2024,12,7,5,Saturday,6.699999999999996,2908.5
2024-12-07,Ahmedabad,Gujarat,43.5,29.7,36.6,68.4,0.0,7.8,182,Moderate,1007.1,74.5,2024,12,7,5,Saturday,13.8,2503.4400000000005
2024-12-07,Jaipur,Rajasthan,27.5,18.1,22.8,40.6,0.0,17.9,214,Poor,998.0,12.2,2024,12,7,5,Saturday,9.399999999999999,925.6800000000001
2024-12-07,Lucknow,Uttar Pradesh,26.1,15.2,20.6,79.0,44.2,12.8,259,Poor,1024.9,19.9,2024,12,7,5,Saturday,10.900000000000002,1627.4
2024-12-07,Bhopal,Madhya Pradesh,38.1,24.3,31.2,36.0,19.3,11.8,79,Satisfactory,1021.9,33.0,2024,12,7,5,Saturday,13.8,1123.2
2024-12-08,Mumbai,Maharashtra,30.9,20.0,25.4,84.9,0.0,18.0,48,Good,1015.7,31.0,2024,12,8,6,Sunday,10.899999999999999,2156.46
2024-12-08,Delhi,Delhi,32.3,26.9,29.6,88.5,9.5,7.5,213,Poor,992.6,81.2,2024,12,8,6,Sunday,5.399999999999999,2619.6
2024-12-08,Bengaluru,Karnataka,38.6,25.8,32.2,56.6,0.0,21.0,93,Satisfactory,1005.3,25.6,2024,12,8,6,Sunday,12.8,1822.5200000000002
2024-12-08,Chennai,Tamil Nadu,39.9,29.1,34.5,56.3,0.0,10.7,195,Moderate,1000.2,41.9,2024,12,8,6,Sunday,10.799999999999997,1942.35
2024-12-08,Kolkata,West Bengal,28.5,19.5,24.0,55.1,0.0,16.8,323,Very Poor,996.1,84.8,2024,12,8,6,Sunday,9.0,1322.4
2024-12-08,Hyderabad,Telangana,33.0,19.8,26.4,46.2,0.0,11.1,260,Poor,1003.1,44.1,2024,12,8,6,Sunday,13.2,1219.68
2024-12-08,Ahmedabad,Gujarat,29.9,24.7,27.3,61.8,0.0,13.7,93,Satisfactory,998.2,88.4,2024,12,8,6,Sunday,5.199999999999999,1687.1399999999999
2024-12-08,Jaipur,Rajasthan,25.4,15.9,20.7,94.1,0.0,13.2,220,Poor,997.2,66.5,2024,12,8,6,Sunday,9.499999999999998,1947.87
2024-12-08,Lucknow,Uttar Pradesh,30.3,24.6,27.5,79.1,0.0,17.0,243,Poor,994.2,32.7,2024,12,8,6,Sunday,5.699999999999999,2175.25
2024-12-08,Bhopal,Madhya Pradesh,41.5,33.3,37.4,81.9,34.4,13.7,180,Moderate,1012.7,52.1,2024,12,8,6,Sunday,8.200000000000003,3063.06
2024-12-09,Mumbai,Maharashtra,42.0,34.0,38.0,32.4,0.0,6.3,171,Moderate,1013.6,12.5,2024,12,9,0,Monday,8.0,1231.2
2024-12-09,Delhi,Delhi,26.7,15.7,21.2,31.8,0.0,6.0,184,Moderate,993.5,34.8,2024,12,9,0,Monday,11.0,674.16
2024-12-09,Bengaluru,Karnataka,37.8,32.8,35.3,76.2,0.0,21.4,155,Moderate,1017.5,98.4,2024,12,9,0,Monday,5.0,2689.8599999999997
2024-12-09,Chennai,Tamil Nadu,43.1,37.3,40.2,56.7,4.7,5.9,320,Very Poor,1020.3,57.4,2024,12,9,0,Monday,5.800000000000004,2279.34
2024-12-09,Kolkata,West Bengal,25.1,13.8,19.4,56.8,0.0,6.7,112,Moderate,1014.6,54.5,2024,12,9,0,Monday,11.3,1101.9199999999998
2024-12-09,Hyderabad,Telangana,34.7,25.1,29.9,74.9,0.1,19.1,146,Moderate,1021.1,46.8,2024,12,9,0,Monday,9.600000000000001,2239.51
2024-12-09,Ahmedabad,Gujarat,27.0,18.7,22.9,34.5,0.0,8.0,312,Very Poor,994.1,85.9,2024,12,9,0,Monday,8.3,790.05
2024-12-09,Jaipur,Rajasthan,30.3,19.1,24.7,46.8,0.0,5.4,137,Moderate,990.4,15.0,2024,12,9,0,Monday,11.2,1155.9599999999998
2024-12-09,Lucknow,Uttar Pradesh,38.4,31.4,34.9,87.7,0.0,7.8,306,Very Poor,992.6,33.0,2024,12,9,0,Monday,7.0,3060.73
2024-12-09,Bhopal,Madhya Pradesh,38.8,25.0,31.9,36.8,4.6,24.3,138,Moderate,1018.5,8.4,2024,12,9,0,Monday,13.799999999999997,1173.9199999999998
2024-12-10,Mumbai,Maharashtra,25.6,20.2,22.9,35.2,0.0,11.3,88,Satisfactory,1017.0,18.4,2024,12,10,1,Tuesday,5.400000000000002,806.08
2024-12-10,Delhi,Delhi,37.5,26.8,32.2,40.0,0.0,11.7,160,Moderate,1001.3,58.0,2024,12,10,1,Tuesday,10.7,1288.0
2024-12-10,Bengaluru,Karnataka,30.2,16.1,23.2,50.0,0.0,7.4,46,Good,1016.3,75.0,2024,12,10,1,Tuesday,14.099999999999998,1160.0
2024-12-10,Chennai,Tamil Nadu,26.2,12.0,19.1,87.8,5.1,5.2,270,Poor,1012.9,50.2,2024,12,10,1,Tuesday,14.2,1676.98
2024-12-10,Kolkata,West Bengal,25.6,14.7,20.1,66.2,57.4,22.4,235,Poor,1004.3,18.1,2024,12,10,1,Tuesday,10.900000000000002,1330.6200000000001
2024-12-10,Hyderabad,Telangana,42.5,36.7,39.6,66.3,1.2,17.7,65,Satisfactory,1011.0,86.6,2024,12,10,1,Tuesday,5.799999999999997,2625.48
2024-12-10,Ahmedabad,Gujarat,27.1,13.5,20.3,62.7,61.7,17.9,129,Moderate,1017.7,31.8,2024,12,10,1,Tuesday,13.600000000000001,1272.8100000000002
2024-12-10,Jaipur,Rajasthan,42.3,31.1,36.7,45.2,0.0,17.1,248,Poor,991.5,33.9,2024,12,10,1,Tuesday,11.199999999999996,1658.8400000000001
2024-12-10,Lucknow,Uttar Pradesh,28.0,20.8,24.4,87.1,0.0,9.9,189,Moderate,1010.1,19.8,2024,12,10,1,Tuesday,7.199999999999999,2125.24
2024-12-10,Bhopal,Madhya Pradesh,33.2,23.4,28.3,36.9,77.5,11.8,76,Satisfactory,1017.6,67.3,2024,12,10,1,Tuesday,9.800000000000004,1044.27
2024-12-11,Mumbai,Maharashtra,30.9,22.8,26.9,68.7,5.8,21.7,143,Moderate,1021.2,81.1,2024,12,11,2,Wednesday,8.099999999999998,1848.03
2024-12-11,Delhi,Delhi,29.3,18.6,23.9,74.8,69.4,15.1,47,Good,1006.0,85.1,2024,12,11,2,Wednesday,10.7,1787.7199999999998
2024-12-11,Bengaluru,Karnataka,27.6,14.1,20.9,77.6,0.0,16.6,128,Moderate,1012.2,22.5,2024,12,11,2,Wednesday,13.500000000000002,1621.8399999999997
2024-12-11,Chennai,Tamil Nadu,43.3,36.5,39.9,41.3,16.5,4.3,289,Poor,1011.6,37.3,2024,12,11,2,Wednesday,6.799999999999997,1647.87
2024-12-11,Kolkata,West Bengal,36.8,27.9,32.4,94.0,50.4,17.9,46,Good,1015.9,8.0,2024,12,11,2,Wednesday,8.899999999999999,3045.6
2024-12-11,Hyderabad,Telangana,25.7,10.8,18.3,93.7,0.0,9.6,308,Very Poor,1003.0,76.1,2024,12,11,2,Wednesday,14.899999999999999,1714.71
2024-12-11,Ahmedabad,Gujarat,39.9,28.5,34.2,79.8,0.0,8.5,220,Poor,1013.8,96.1,2024,12,11,2,Wednesday,11.399999999999999,2729.1600000000003
2024-12-11,Jaipur,Rajasthan,43.3,38.1,40.7,81.6,54.2,15.6,212,Poor,998.4,25.5,2024,12,11,2,Wednesday,5.199999999999996,3321.12
2024-12-11,Lucknow,Uttar Pradesh,43.1,37.4,40.3,69.3,0.0,10.4,101,Moderate,999.6,23.8,2024,12,11,2,Wednesday,5.700000000000003,2792.7899999999995
2024-12-11,Bhopal,Madhya Pradesh,27.6,16.5,22.1,74.7,47.3,22.3,312,Very Poor,1023.5,41.9,2024,12,11,2,Wednesday,11.100000000000001,1650.8700000000001
2024-12-12,Mumbai,Maharashtra,40.3,31.9,36.1,36.9,0.0,13.5,223,Poor,1013.8,93.0,2024,12,12,3,Thursday,8.399999999999999,1332.09
2024-12-12,Delhi,Delhi,38.4,30.3,34.4,74.7,0.0,12.8,335,Very Poor,1005.1,82.1,2024,12,12,3,Thursday,8.099999999999998,2569.68
2024-12-12,Bengaluru,Karnataka,31.5,21.8,26.7,75.9,0.0,10.5,97,Satisfactory,1009.3,44.7,2024,12,12,3,Thursday,9.7,2026.5300000000002
2024-12-12,Chennai,Tamil Nadu,25.7,13.9,19.8,94.5,9.2,7.9,259,Poor,1011.8,10.8,2024,12,12,3,Thursday,11.799999999999999,1871.1000000000001
2024-12-12,Kolkata,West Bengal,44.4,30.8,37.6,64.7,0.0,20.2,70,Satisfactory,999.4,88.3,2024,12,12,3,Thursday,13.599999999999998,2432.7200000000003
2024-12-12,Hyderabad,Telangana,28.6,16.4,22.5,41.4,1.7,8.2,219,Poor,1019.4,81.8,2024,12,12,3,Thursday,12.200000000000003,931.5
2024-12-12,Ahmedabad,Gujarat,37.9,32.5,35.2,53.9,0.0,10.2,323,Very Poor,1015.5,61.8,2024,12,12,3,Thursday,5.399999999999999,1897.2800000000002
2024-12-12,Jaipur,Rajasthan,27.9,22.3,25.1,64.7,0.0,13.2,173,Moderate,1002.7,40.6,2024,12,12,3,Thursday,5.599999999999998,1623.9700000000003
2024-12-12,Lucknow,Uttar Pradesh,25.3,19.5,22.4,62.8,0.0,4.3,50,Good,998.2,38.9,2024,12,12,3,Thursday,5.800000000000001,1406.7199999999998
2024-12-12,Bhopal,Madhya Pradesh,27.8,19.6,23.7,50.2,0.0,4.9,338,Very Poor,1012.2,81.4,2024,12,12,3,Thursday,8.2,1189.74
2024-12-13,Mumbai,Maharashtra,25.1,16.0,20.6,77.7,8.3,8.6,89,Satisfactory,992.6,51.5,2024,12,13,4,Friday,9.100000000000001,1600.6200000000001
2024-12-13,Delhi,Delhi,39.7,27.3,33.5,84.7,0.0,12.8,206,Poor,1014.3,41.3,2024,12,13,4,Friday,12.400000000000002,2837.4500000000003
2024-12-13,Bengaluru,Karnataka,35.5,28.8,32.2,70.5,4.4,4.6,66,Satisfactory,1007.1,71.7,2024,12,13,4,Friday,6.699999999999999,2270.1000000000004
2024-12-13,Chennai,Tamil Nadu,40.8,33.6,37.2,62.7,0.0,2.2,193,Moderate,994.7,60.0,2024,12,13,4,Friday,7.199999999999996,2332.4400000000005
2024-12-13,Kolkata,West Bengal,32.3,18.0,25.2,51.6,0.0,13.0,179,Moderate,1001.8,91.3,2024,12,13,4,Friday,14.299999999999997,1300.32
2024-12-13,Hyderabad,Telangana,35.6,24.0,29.8,34.4,7.8,19.8,291,Poor,1020.6,42.3,2024,12,13,4,Friday,11.600000000000001,1025.12
2024-12-13,Ahmedabad,Gujarat,30.2,18.6,24.4,36.7,0.0,2.7,268,Poor,1012.1,35.1,2024,12,13,4,Friday,11.599999999999998,895.48
2024-12-13,Jaipur,Rajasthan,25.9,18.8,22.3,56.5,19.2,8.5,312,Very Poor,1015.2,25.9,2024,12,13,4,Friday,7.099999999999998,1259.95
2024-12-13,Lucknow,Uttar Pradesh,32.8,18.7,25.8,52.2,0.0,4.8,51,Satisfactory,998.2,79.4,2024,12,13,4,Friday,14.099999999999998,1346.7600000000002
2024-12-13,Bhopal,Madhya Pradesh,34.8,24.5,29.6,74.8,0.0,8.1,79,Satisfactory,1007.5,91.6,2024,12,13,4,Friday,10.299999999999997,2214.08
2024-12-14,Mumbai,Maharashtra,28.4,16.7,22.5,54.4,79.8,10.1,68,Satisfactory,1007.6,90.9,2024,12,14,5,Saturday,11.7,1224.0
2024-12-14,Delhi,Delhi,34.0,25.3,29.7,49.2,0.0,21.1,122,Moderate,1007.1,87.9,2024,12,14,5,Saturday,8.7,1461.24
2024-12-14,Bengaluru,Karnataka,29.5,22.0,25.7,65.0,20.3,22.7,329,Very Poor,1012.2,89.7,2024,12,14,5,Saturday,7.5,1670.5
2024-12-14,Chennai,Tamil Nadu,38.5,28.3,33.4,87.3,0.0,12.3,311,Very Poor,1022.7,67.6,2024,12,14,5,Saturday,10.2,2915.8199999999997
2024-12-14,Kolkata,West Bengal,40.2,32.1,36.1,76.7,2.0,16.1,272,Poor,1018.9,29.2,2024,12,14,5,Saturday,8.100000000000001,2768.8700000000003
2024-12-14,Hyderabad,Telangana,29.0,18.6,23.8,58.2,0.0,17.3,198,Moderate,1009.5,57.2,2024,12,14,5,Saturday,10.399999999999999,1385.16
2024-12-14,Ahmedabad,Gujarat,43.9,29.5,36.7,53.4,0.0,9.0,237,Poor,998.1,26.2,2024,12,14,5,Saturday,14.399999999999999,1959.7800000000002
2024-12-14,Jaipur,Rajasthan,32.7,26.0,29.3,87.7,0.0,3.3,108,Moderate,993.7,31.2,2024,12,14,5,Saturday,6.700000000000003,2569.61
2024-12-14,Lucknow,Uttar Pradesh,42.5,27.6,35.0,83.1,7.3,23.8,90,Satisfactory,1011.0,19.7,2024,12,14,5,Saturday,14.899999999999999,2908.5
2024-12-14,Bhopal,Madhya Pradesh,36.7,28.3,32.5,89.2,0.0,13.5,158,Moderate,1005.1,72.1,2024,12,14,5,Saturday,8.400000000000002,2899.0
2024-12-15,Mumbai,Maharashtra,44.5,32.8,38.7,72.9,0.0,20.6,71,Satisfactory,995.7,48.4,2024,12,15,6,Sunday,11.700000000000003,2821.2300000000005
2024-12-15,Delhi,Delhi,37.5,27.8,32.6,70.9,0.0,21.3,345,Very Poor,1009.3,51.5,2024,12,15,6,Sunday,9.7,2311.34
2024-12-15,Bengaluru,Karnataka,30.7,20.4,25.5,74.4,1.3,7.4,248,Poor,1007.3,64.9,2024,12,15,6,Sunday,10.3,1897.2
2024-12-15,Chennai,Tamil Nadu,39.6,25.9,32.7,55.5,0.0,24.3,249,Poor,1020.3,32.5,2024,12,15,6,Sunday,13.700000000000003,1814.8500000000001
2024-12-15,Kolkata,West Bengal,39.4,30.0,34.7,86.1,0.0,11.4,231,Poor,1005.2,74.7,2024,12,15,6,Sunday,9.399999999999999,2987.67
2024-12-15,Hyderabad,Telangana,26.7,18.6,22.7,60.7,0.0,4.7,282,Poor,1000.3,29.2,2024,12,15,6,Sunday,8.099999999999998,1377.89
2024-12-15,Ahmedabad,Gujarat,28.6,19.0,23.8,73.6,79.9,18.5,307,Very Poor,1016.1,77.1,2024,12,15,6,Sunday,9.600000000000001,1751.6799999999998
2024-12-15,Jaipur,Rajasthan,44.0,34.6,39.3,57.1,4.7,22.0,344,Very Poor,1006.0,39.5,2024,12,15,6,Sunday,9.399999999999999,2244.0299999999997
2024-12-15,Lucknow,Uttar Pradesh,29.6,22.4,26.0,76.5,0.0,5.9,183,Moderate,1010.3,40.5,2024,12,15,6,Sunday,7.200000000000003,1989.0
2024-12-15,Bhopal,Madhya Pradesh,28.9,16.2,22.6,50.5,0.0,12.7,320,Very Poor,1008.5,96.9,2024,12,15,6,Sunday,12.7,1141.3000000000002
2024-12-16,Mumbai,Maharashtra,37.2,31.8,34.5,69.8,0.0,21.3,182,Moderate,1023.0,44.6,2024,12,16,0,Monday,5.400000000000002,2408.1
2024-12-16,Delhi,Delhi,36.8,29.8,33.3,90.3,4.4,7.0,248,Poor,995.0,58.5,2024,12,16,0,Monday,6.9999999999999964,3006.99
2024-12-16,Bengaluru,Karnataka,36.4,24.8,30.6,37.5,35.0,3.1,344,Very Poor,1000.4,94.5,2024,12,16,0,Monday,11.599999999999998,1147.5
2024-12-16,Chennai,Tamil Nadu,41.5,35.7,38.6,66.5,0.0,6.5,254,Poor,1007.1,20.0,2024,12,16,0,Monday,5.799999999999997,2566.9
2024-12-16,Kolkata,West Bengal,41.4,29.4,35.4,58.6,0.0,13.3,163,Moderate,992.1,14.1,2024,12,16,0,Monday,12.0,2074.44
2024-12-16,Hyderabad,Telangana,43.9,29.8,36.8,60.3,0.0,6.8,220,Poor,992.9,69.0,2024,12,16,0,Monday,14.099999999999998,2219.0399999999995
2024-12-16,Ahmedabad,Gujarat,30.8,18.0,24.4,80.4,16.8,17.4,165,Moderate,998.6,63.0,2024,12,16,0,Monday,12.8,1961.76
2024-12-16,Jaipur,Rajasthan,37.7,28.0,32.8,61.6,0.0,3.5,125,Moderate,1000.7,45.9,2024,12,16,0,Monday,9.700000000000003,2020.4799999999998
2024-12-16,Lucknow,Uttar Pradesh,38.0,31.1,34.6,75.8,7.8,24.1,227,Poor,996.7,91.4,2024,12,16,0,Monday,6.899999999999999,2622.68
2024-12-16,Bhopal,Madhya Pradesh,36.8,31.3,34.1,78.6,4.8,14.0,89,Satisfactory,999.2,18.4,2024,12,16,0,Monday,5.4999999999999964,2680.2599999999998
2024-12-17,Mumbai,Maharashtra,42.3,36.1,39.2,55.0,0.0,24.9,70,Satisfactory,1015.8,85.8,2024,12,17,1,Tuesday,6.199999999999996,2156.0
2024-12-17,Delhi,Delhi,30.1,23.7,26.9,60.1,0.0,16.1,55,Satisfactory,998.1,50.5,2024,12,17,1,Tuesday,6.400000000000002,1616.69
2024-12-17,Bengaluru,Karnataka,38.6,28.2,33.4,72.1,2.8,18.5,69,Satisfactory,1010.3,64.7,2024,12,17,1,Tuesday,10.400000000000002,2408.14
2024-12-17,Chennai,Tamil Nadu,42.1,29.4,35.8,68.4,9.2,24.1,267,Poor,1000.9,6.5,2024,12,17,1,Tuesday,12.700000000000003,2448.72
2024-12-17,Kolkata,West Bengal,25.1,11.4,18.3,33.7,0.0,22.7,128,Moderate,1016.1,37.3,2024,12,17,1,Tuesday,13.700000000000001,616.71
2024-12-17,Hyderabad,Telangana,39.7,26.4,33.0,76.5,26.0,19.2,216,Poor,1008.1,53.6,2024,12,17,1,Tuesday,13.300000000000004,2524.5
2024-12-17,Ahmedabad,Gujarat,41.6,29.1,35.4,85.7,53.7,7.3,323,Very Poor,1005.5,64.0,2024,12,17,1,Tuesday,12.5,3033.78
2024-12-17,Jaipur,Rajasthan,25.3,18.2,21.8,45.2,0.0,22.4,307,Very Poor,1012.3,27.9,2024,12,17,1,Tuesday,7.100000000000001,985.3600000000001
2024-12-17,Lucknow,Uttar Pradesh,37.6,30.5,34.0,53.5,0.0,5.3,279,Poor,1018.1,34.2,2024,12,17,1,Tuesday,7.100000000000001,1819.0
2024-12-17,Bhopal,Madhya Pradesh,38.0,30.3,34.1,43.8,0.0,16.2,238,Poor,1011.0,60.7,2024,12,17,1,Tuesday,7.699999999999999,1493.58
2024-12-18,Mumbai,Maharashtra,41.3,27.2,34.2,45.0,0.0,17.0,171,Moderate,1007.0,77.0,2024,12,18,2,Wednesday,14.099999999999998,1539.0000000000002
2024-12-18,Delhi,Delhi,27.6,13.8,20.7,35.4,29.4,11.6,237,Poor,1007.6,78.1,2024,12,18,2,Wednesday,13.8,732.78
2024-12-18,Bengaluru,Karnataka,41.8,32.0,36.9,93.2,0.0,23.4,274,Poor,1014.0,64.0,2024,12,18,2,Wednesday,9.799999999999997,3439.08
2024-12-18,Chennai,Tamil Nadu,36.2,29.6,32.9,50.7,0.0,19.4,299,Poor,995.7,11.1,2024,12,18,2,Wednesday,6.600000000000001,1668.03
2024-12-18,Kolkata,West Bengal,37.3,30.6,34.0,82.4,0.0,5.6,212,Poor,1019.2,53.4,2024,12,18,2,Wednesday,6.699999999999996,2801.6000000000004
2024-12-18,Hyderabad,Telangana,42.7,37.5,40.1,34.3,1.7,16.6,85,Satisfactory,997.4,19.2,2024,12,18,2,Wednesday,5.200000000000003,1375.4299999999998
2024-12-18,Ahmedabad,Gujarat,44.1,32.1,38.1,68.1,0.0,25.0,222,Poor,1016.4,64.0,2024,12,18,2,Wednesday,12.0,2594.6099999999997
2024-12-18,Jaipur,Rajasthan,35.1,27.5,31.3,44.7,0.0,14.9,43,Good,1022.2,91.9,2024,12,18,2,Wednesday,7.600000000000001,1399.1100000000001
2024-12-18,Lucknow,Uttar Pradesh,27.1,16.3,21.7,85.2,9.5,6.6,229,Poor,992.5,9.5,2024,12,18,2,Wednesday,10.8,1848.84
2024-12-18,Bhopal,Madhya Pradesh,25.7,13.3,19.5,76.3,0.0,22.8,157,Moderate,1021.6,23.7,2024,12,18,2,Wednesday,12.399999999999999,1487.85
2024-12-19,Mumbai,Maharashtra,27.7,14.9,21.3,62.8,9.3,24.8,222,Poor,1013.3,11.5,2024,12,19,3,Thursday,12.799999999999999,1337.6399999999999
2024-12-19,Delhi,Delhi,28.6,23.3,25.9,51.8,0.0,18.9,49,Good,990.6,6.4,2024,12,19,3,Thursday,5.300000000000001,1341.62
2024-12-19,Bengaluru,Karnataka,29.4,20.6,25.0,69.5,0.0,6.5,284,Poor,1021.4,71.4,2024,12,19,3,Thursday,8.799999999999997,1737.5
2024-12-19,Chennai,Tamil Nadu,27.5,21.1,24.3,37.3,8.6,13.9,236,Poor,1009.1,23.6,2024,12,19,3,Thursday,6.399999999999999,906.39
2024-12-19,Kolkata,West Bengal,25.9,10.9,18.4,31.7,0.6,7.9,64,Satisfactory,1006.5,6.7,2024,12,19,3,Thursday,14.999999999999998,583.28
2024-12-19,Hyderabad,Telangana,37.2,30.2,33.7,75.1,0.0,12.5,76,Satisfactory,1023.1,78.3,2024,12,19,3,Thursday,7.0000000000000036,2530.87
2024-12-19,Ahmedabad,Gujarat,35.1,20.8,27.9,58.6,0.0,5.4,317,Very Poor,991.6,23.6,2024,12,19,3,Thursday,14.3,1634.94
2024-12-19,Jaipur,Rajasthan,38.0,25.6,31.8,70.4,25.2,13.8,159,Moderate,1006.8,99.6,2024,12,19,3,Thursday,12.399999999999999,2238.7200000000003
2024-12-19,Lucknow,Uttar Pradesh,42.1,28.5,35.3,45.1,0.0,2.1,280,Poor,1007.5,63.8,2024,12,19,3,Thursday,13.600000000000001,1592.03
2024-12-19,Bhopal,Madhya Pradesh,43.9,29.7,36.8,91.1,0.0,6.3,324,Very Poor,1018.0,44.6,2024,12,19,3,Thursday,14.2,3352.4799999999996
2024-12-20,Mumbai,Maharashtra,25.8,12.8,19.3,38.9,0.0,13.2,129,Moderate,1022.9,67.5,2024,12,20,4,Friday,13.0,750.77
2024-12-20,Delhi,Delhi,28.5,19.3,23.9,59.4,6.1,4.3,104,Moderate,1009.6,64.2,2024,12,20,4,Friday,9.2,1419.6599999999999
2024-12-20,Bengaluru,Karnataka,41.5,30.4,35.9,72.0,5.0,10.8,91,Satisfactory,998.4,11.8,2024,12,20,4,Friday,11.100000000000001,2584.7999999999997
2024-12-20,Chennai,Tamil Nadu,44.9,35.8,40.3,88.4,39.8,4.1,334,Very Poor,1010.8,92.3,2024,12,20,4,Friday,9.100000000000001,3562.52
2024-12-20,Kolkata,West Bengal,41.9,28.4,35.1,72.4,61.1,14.1,254,Poor,999.1,59.5,2024,12,20,4,Friday,13.5,2541.2400000000002
2024-12-20,Hyderabad,Telangana,29.2,17.0,23.1,68.2,0.0,16.3,131,Moderate,1010.5,37.1,2024,12,20,4,Friday,12.2,1575.42
2024-12-20,Ahmedabad,Gujarat,31.9,22.0,27.0,93.4,0.0,14.1,170,Moderate,997.2,73.5,2024,12,20,4,Friday,9.899999999999999,2521.8
2024-12-20,Jaipur,Rajasthan,39.8,30.8,35.3,37.1,0.0,8.1,75,Satisfactory,1022.5,67.5,2024,12,20,4,Friday,8.999999999999996,1309.6299999999999
2024-12-20,Lucknow,Uttar Pradesh,27.9,20.1,24.0,68.6,29.2,4.5,81,Satisfactory,997.3,97.2,2024,12,20,4,Friday,7.799999999999997,1646.3999999999999
2024-12-20,Bhopal,Madhya Pradesh,42.8,30.7,36.7,34.8,46.3,11.7,238,Poor,1005.6,15.7,2024,12,20,4,Friday,12.099999999999998,1277.16
2024-12-21,Mumbai,Maharashtra,29.2,23.4,26.3,94.8,2.8,20.9,67,Satisfactory,992.2,15.0,2024,12,21,5,Saturday,5.800000000000001,2493.24
2024-12-21,Delhi,Delhi,25.9,14.3,20.1,68.2,6.7,14.6,285,Poor,1022.2,51.1,2024,12,21,5,Saturday,11.599999999999998,1370.8200000000002
2024-12-21,Bengaluru,Karnataka,33.1,23.8,28.5,85.2,1.2,19.3,120,Moderate,1010.7,47.6,2024,12,21,5,Saturday,9.3,2428.2000000000003
2024-12-21,Chennai,Tamil Nadu,43.2,34.5,38.8,81.9,0.0,17.4,93,Satisfactory,1001.2,8.9,2024,12,21,5,Saturday,8.700000000000003,3177.72
2024-12-21,Kolkata,West Bengal,30.2,23.4,26.8,43.2,0.0,24.2,132,Moderate,1005.6,93.1,2024,12,21,5,Saturday,6.800000000000001,1157.7600000000002
2024-12-21,Hyderabad,Telangana,33.0,24.0,28.5,65.5,5.9,13.4,287,Poor,990.2,61.2,2024,12,21,5,Saturday,9.0,1866.75
2024-12-21,Ahmedabad,Gujarat,30.0,24.6,27.3,82.5,15.4,10.3,315,Very Poor,1023.0,66.6,2024,12,21,5,Saturday,5.399999999999999,2252.25
2024-12-21,Jaipur,Rajasthan,40.7,35.4,38.1,34.3,0.0,24.0,159,Moderate,1000.3,51.4,2024,12,21,5,Saturday,5.300000000000004,1306.83
2024-12-21,Lucknow,Uttar Pradesh,37.6,30.7,34.1,46.9,8.6,19.7,160,Moderate,1006.1,74.2,2024,12,21,5,Saturday,6.900000000000002,1599.29
2024-12-21,Bhopal,Madhya Pradesh,27.0,18.1,22.5,40.3,0.0,10.3,325,Very Poor,1014.7,53.7,2024,12,21,5,Saturday,8.899999999999999,906.7499999999999
2024-12-22,Mumbai,Maharashtra,26.8,14.9,20.9,73.7,0.0,6.0,299,Poor,999.3,52.7,2024,12,22,6,Sunday,11.9,1540.33
2024-12-22,Delhi,Delhi,30.7,24.1,27.4,47.7,74.9,9.1,40,Good,998.6,91.0,2024,12,22,6,Sunday,6.599999999999998,1306.98
2024-12-22,Bengaluru,Karnataka,37.0,22.9,29.9,63.1,25.3,2.4,299,Poor,1003.8,80.0,2024,12,22,6,Sunday,14.100000000000001,1886.69
2024-12-22,Chennai,Tamil Nadu,34.6,27.2,30.9,69.0,2.7,5.5,192,Moderate,990.2,37.0,2024,12,22,6,Sunday,7.400000000000002,2132.1
2024-12-22,Kolkata,West Bengal,39.1,26.3,32.7,73.1,0.0,10.8,131,Moderate,1011.6,11.2,2024,12,22,6,Sunday,12.8,2390.37
2024-12-22,Hyderabad,Telangana,33.1,22.8,28.0,61.6,43.1,10.7,136,Moderate,1008.4,5.3,2024,12,22,6,Sunday,10.3,1724.8
2024-12-22,Ahmedabad,Gujarat,42.3,34.0,38.2,46.5,0.0,9.0,245,Poor,1003.4,80.2,2024,12,22,6,Sunday,8.299999999999997,1776.3000000000002
2024-12-22,Jaipur,Rajasthan,33.9,23.1,28.5,79.8,0.0,10.0,93,Satisfactory,996.6,6.2,2024,12,22,6,Sunday,10.799999999999997,2274.2999999999997
2024-12-22,Lucknow,Uttar Pradesh,41.2,30.7,35.9,52.2,0.0,12.7,150,Moderate,992.2,61.7,2024,12,22,6,Sunday,10.500000000000004,1873.98
2024-12-22,Bhopal,Madhya Pradesh,33.7,24.4,29.1,71.1,0.0,16.3,344,Very Poor,1020.8,78.1,2024,12,22,6,Sunday,9.300000000000004,2069.0099999999998
2024-12-23,Mumbai,Maharashtra,27.8,20.6,24.2,65.1,0.0,8.6,113,Moderate,999.2,95.6,2024,12,23,0,Monday,7.199999999999999,1575.4199999999998
2024-12-23,Delhi,Delhi,27.6,21.3,24.5,82.4,0.0,19.2,207,Poor,999.6,98.2,2024,12,23,0,Monday,6.300000000000001,2018.8000000000002
2024-12-23,Bengaluru,Karnataka,28.8,15.3,22.0,50.8,3.0,6.0,296,Poor,1003.4,7.9,2024,12,23,0,Monday,13.5,1117.6
2024-12-23,Chennai,Tamil Nadu,31.8,24.3,28.1,67.7,0.0,20.7,302,Very Poor,1006.3,14.6,2024,12,23,0,Monday,7.5,1902.3700000000001
2024-12-23,Kolkata,West Bengal,36.0,24.9,30.4,90.9,10.4,8.5,132,Moderate,1007.6,24.5,2024,12,23,0,Monday,11.100000000000001,2763.36
2024-12-23,Hyderabad,Telangana,38.7,29.4,34.1,70.8,0.0,19.9,158,Moderate,1015.0,56.3,2024,12,23,0,Monday,9.300000000000004,2414.28
2024-12-23,Ahmedabad,Gujarat,33.2,23.8,28.5,52.7,18.8,19.9,260,Poor,1000.4,9.0,2024,12,23,0,Monday,9.400000000000002,1501.95
2024-12-23,Jaipur,Rajasthan,39.7,25.1,32.4,46.5,0.0,18.6,79,Satisfactory,992.1,77.3,2024,12,23,0,Monday,14.600000000000001,1506.6
2024-12-23,Lucknow,Uttar Pradesh,38.9,28.6,33.8,92.1,0.0,22.2,80,Satisfactory,1010.8,55.8,2024,12,23,0,Monday,10.299999999999997,3112.9799999999996
2024-12-23,Bhopal,Madhya Pradesh,34.8,25.8,30.3,50.5,7.7,20.9,127,Moderate,1021.8,75.9,2024,12,23,0,Monday,8.999999999999996,1530.15
2024-12-24,Mumbai,Maharashtra,37.0,30.6,33.8,37.6,0.0,4.4,229,Poor,1009.8,25.7,2024,12,24,1,Tuesday,6.399999999999999,1270.8799999999999
2024-12-24,Delhi,Delhi,29.3,23.1,26.2,65.5,8.6,8.1,304,Very Poor,1021.0,40.8,2024,12,24,1,Tuesday,6.199999999999999,1716.1
2024-12-24,Bengaluru,Karnataka,34.4,26.7,30.6,46.9,15.5,8.2,40,Good,1001.7,27.2,2024,12,24,1,Tuesday,7.699999999999999,1435.14
2024-12-24,Chennai,Tamil Nadu,38.9,27.9,33.4,82.6,0.0,23.0,219,Poor,993.7,75.7,2024,12,24,1,Tuesday,11.0,2758.8399999999997
2024-12-24,Kolkata,West Bengal,32.2,26.4,29.3,69.3,0.4,18.8,139,Moderate,1024.7,29.7,2024,12,24,1,Tuesday,5.800000000000004,2030.49
2024-12-24,Hyderabad,Telangana,31.8,19.5,25.7,90.6,76.2,24.8,275,Poor,1003.2,95.1,2024,12,24,1,Tuesday,12.3,2328.4199999999996
2024-12-24,Ahmedabad,Gujarat,28.4,22.9,25.6,43.9,0.0,19.1,286,Poor,994.9,83.1,2024,12,24,1,Tuesday,5.5,1123.84
2024-12-24,Jaipur,Rajasthan,44.5,37.9,41.2,88.9,0.0,16.4,327,Very Poor,1024.8,62.0,2024,12,24,1,Tuesday,6.600000000000001,3662.6800000000003
2024-12-24,Lucknow,Uttar Pradesh,30.1,21.1,25.6,62.8,3.3,13.0,45,Good,1016.3,49.4,2024,12,24,1,Tuesday,9.0,1607.68
2024-12-24,Bhopal,Madhya Pradesh,35.9,24.6,30.2,93.8,0.0,5.4,272,Poor,1011.4,27.0,2024,12,24,1,Tuesday,11.299999999999997,2832.7599999999998
2024-12-25,Mumbai,Maharashtra,35.3,28.1,31.7,62.1,0.0,2.2,305,Very Poor,1011.4,97.5,2024,12,25,2,Wednesday,7.199999999999996,1968.57
2024-12-25,Delhi,Delhi,30.0,23.1,26.6,70.7,0.0,4.7,71,Satisfactory,995.3,59.0,2024,12,25,2,Wednesday,6.899999999999999,1880.6200000000001
2024-12-25,Bengaluru,Karnataka,29.0,21.7,25.4,58.9,45.0,2.6,136,Moderate,1012.1,84.4,2024,12,25,2,Wednesday,7.300000000000001,1496.06
2024-12-25,Chennai,Tamil Nadu,27.6,22.2,24.9,71.9,5.6,18.9,115,Moderate,999.7,76.6,2024,12,25,2,Wednesday,5.400000000000002,1790.31
2024-12-25,Kolkata,West Bengal,38.5,32.3,35.4,75.0,0.0,18.7,97,Satisfactory,992.1,20.7,2024,12,25,2,Wednesday,6.200000000000003,2655.0
2024-12-25,Hyderabad,Telangana,25.8,13.4,19.6,93.8,0.0,4.7,244,Poor,1009.6,97.9,2024,12,25,2,Wednesday,12.4,1838.48
2024-12-25,Ahmedabad,Gujarat,32.5,26.0,29.3,39.9,0.0,21.6,323,Very Poor,1023.0,89.4,2024,12,25,2,Wednesday,6.5,1169.07
2024-12-25,Jaipur,Rajasthan,25.3,10.5,17.9,53.8,0.0,3.0,291,Poor,991.4,94.6,2024,12,25,2,Wednesday,14.8,963.0199999999999
2024-12-25,Lucknow,Uttar Pradesh,35.6,25.3,30.5,78.7,0.0,16.7,169,Moderate,1023.8,49.8,2024,12,25,2,Wednesday,10.3,2400.35
2024-12-25,Bhopal,Madhya Pradesh,43.1,29.1,36.1,94.5,0.0,2.8,228,Poor,1015.4,27.2,2024,12,25,2,Wednesday,14.0,3411.4500000000003
2024-12-26,Mumbai,Maharashtra,43.3,28.8,36.1,30.3,0.0,20.6,151,Moderate,1019.9,47.0,2024,12,26,3,Thursday,14.499999999999996,1093.8300000000002
2024-12-26,Delhi,Delhi,34.1,22.6,28.3,53.9,0.0,24.2,72,Satisfactory,1011.8,88.4,2024,12,26,3,Thursday,11.5,1525.37
2024-12-26,Bengaluru,Karnataka,30.0,21.8,25.9,49.7,0.0,24.2,209,Poor,1010.4,18.1,2024,12,26,3,Thursday,8.2,1287.23
2024-12-26,Chennai,Tamil Nadu,44.9,34.2,39.5,30.1,9.3,13.8,327,Very Poor,1001.4,31.9,2024,12,26,3,Thursday,10.699999999999996,1188.95
2024-12-26,Kolkata,West Bengal,43.2,33.1,38.2,46.8,0.0,9.1,271,Poor,991.5,48.2,2024,12,26,3,Thursday,10.100000000000001,1787.76
2024-12-26,Hyderabad,Telangana,42.8,32.0,37.4,77.0,3.7,18.7,326,Very Poor,1004.9,56.6,2024,12,26,3,Thursday,10.799999999999997,2879.7999999999997
2024-12-26,Ahmedabad,Gujarat,37.6,26.2,31.9,81.0,46.6,10.3,108,Moderate,1000.3,62.1,2024,12,26,3,Thursday,11.400000000000002,2583.9
2024-12-26,Jaipur,Rajasthan,36.1,29.6,32.8,67.7,0.0,7.6,116,Moderate,1001.6,52.3,2024,12,26,3,Thursday,6.5,2220.56
2024-12-26,Lucknow,Uttar Pradesh,40.7,28.6,34.6,47.5,0.0,6.9,338,Very Poor,990.4,39.1,2024,12,26,3,Thursday,12.100000000000001,1643.5
2024-12-26,Bhopal,Madhya Pradesh,38.8,25.2,32.0,39.4,10.8,8.9,266,Poor,1006.1,42.5,2024,12,26,3,Thursday,13.599999999999998,1260.8
2024-12-27,Mumbai,Maharashtra,31.2,20.8,26.0,94.7,0.0,20.5,273,Poor,999.3,21.2,2024,12,27,4,Friday,10.399999999999999,2462.2000000000003
2024-12-27,Delhi,Delhi,33.3,19.2,26.2,71.9,5.7,17.8,333,Very Poor,1012.4,30.5,2024,12,27,4,Friday,14.099999999999998,1883.7800000000002
2024-12-27,Bengaluru,Karnataka,31.4,24.9,28.2,94.2,39.0,4.1,95,Satisfactory,993.1,69.8,2024,12,27,4,Friday,6.5,2656.44
2024-12-27,Chennai,Tamil Nadu,43.3,29.9,36.6,49.9,0.0,23.5,96,Satisfactory,1019.9,38.8,2024,12,27,4,Friday,13.399999999999999,1826.34
2024-12-27,Kolkata,West Bengal,29.2,19.1,24.1,68.8,0.4,12.2,122,Moderate,995.9,95.7,2024,12,27,4,Friday,10.099999999999998,1658.08
2024-12-27,Hyderabad,Telangana,41.0,34.0,37.5,57.5,0.0,7.2,104,Moderate,1008.1,50.8,2024,12,27,4,Friday,7.0,2156.25
2024-12-27,Ahmedabad,Gujarat,44.8,31.1,37.9,87.7,0.0,20.9,162,Moderate,991.4,52.1,2024,12,27,4,Friday,13.699999999999996,3323.83
2024-12-27,Jaipur,Rajasthan,29.2,20.5,24.9,93.9,7.3,7.7,212,Poor,1011.4,90.1,2024,12,27,4,Friday,8.7,2338.11
2024-12-27,Lucknow,Uttar Pradesh,39.7,30.1,34.9,64.1,7.0,24.5,301,Very Poor,1018.7,78.8,2024,12,27,4,Friday,9.600000000000001,2237.0899999999997
2024-12-27,Bhopal,Madhya Pradesh,30.6,21.3,26.0,66.7,0.0,6.8,110,Moderate,1020.9,10.6,2024,12,27,4,Friday,9.3,1734.2
2024-12-28,Mumbai,Maharashtra,32.0,19.5,25.8,66.4,26.0,8.5,62,Satisfactory,998.6,52.3,2024,12,28,5,Saturday,12.5,1713.1200000000001
2024-12-28,Delhi,Delhi,32.7,24.1,28.4,40.4,37.0,22.7,226,Poor,996.8,53.0,2024,12,28,5,Saturday,8.600000000000001,1147.36
2024-12-28,Bengaluru,Karnataka,41.4,27.5,34.5,70.6,43.7,18.4,53,Satisfactory,1020.5,69.0,2024,12,28,5,Saturday,13.899999999999999,2435.7
2024-12-28,Chennai,Tamil Nadu,44.4,30.2,37.3,38.2,1.2,10.8,144,Moderate,994.8,53.5,2024,12,28,5,Saturday,14.2,1424.86
2024-12-28,Kolkata,West Bengal,32.0,20.6,26.3,87.6,5.6,14.7,137,Moderate,1000.9,40.9,2024,12,28,5,Saturday,11.399999999999999,2303.88
2024-12-28,Hyderabad,Telangana,43.3,30.1,36.7,67.7,72.0,7.1,267,Poor,1015.1,62.9,2024,12,28,5,Saturday,13.199999999999996,2484.59
2024-12-28,Ahmedabad,Gujarat,30.3,18.3,24.3,56.6,0.0,6.2,212,Poor,1015.1,57.3,2024,12,28,5,Saturday,12.0,1375.38
2024-12-28,Jaipur,Rajasthan,40.1,26.5,33.3,45.5,68.0,8.6,333,Very Poor,993.6,27.1,2024,12,28,5,Saturday,13.600000000000001,1515.1499999999999
2024-12-28,Lucknow,Uttar Pradesh,34.2,25.1,29.7,30.9,0.0,15.2,291,Poor,993.9,38.4,2024,12,28,5,Saturday,9.100000000000001,917.7299999999999
2024-12-28,Bhopal,Madhya Pradesh,28.5,14.7,21.6,37.9,43.4,9.6,86,Satisfactory,1013.0,60.9,2024,12,28,5,Saturday,13.8,818.64
2024-12-29,Mumbai,Maharashtra,30.0,15.7,22.8,42.0,0.0,11.2,76,Satisfactory,997.8,26.0,2024,12,29,6,Sunday,14.3,957.6
2024-12-29,Delhi,Delhi,38.0,25.5,31.8,74.0,0.0,9.9,190,Moderate,998.1,18.5,2024,12,29,6,Sunday,12.5,2353.2000000000003
2024-12-29,Bengaluru,Karnataka,41.7,27.1,34.4,38.4,0.0,4.5,344,Very Poor,1024.7,67.3,2024,12,29,6,Sunday,14.600000000000001,1320.9599999999998
2024-12-29,Chennai,Tamil Nadu,34.7,25.7,30.2,46.1,0.0,13.8,236,Poor,1003.2,29.8,2024,12,29,6,Sunday,9.000000000000004,1392.22
2024-12-29,Kolkata,West Bengal,32.3,23.3,27.8,31.5,0.0,18.5,219,Poor,1001.0,20.5,2024,12,29,6,Sunday,8.999999999999996,875.7
2024-12-29,Hyderabad,Telangana,29.3,21.6,25.4,70.4,0.0,12.4,87,Satisfactory,1017.6,23.3,2024,12,29,6,Sunday,7.699999999999999,1788.16
2024-12-29,Ahmedabad,Gujarat,38.3,29.2,33.7,76.1,32.7,11.7,95,Satisfactory,1010.7,15.1,2024,12,29,6,Sunday,9.099999999999998,2564.57
2024-12-29,Jaipur,Rajasthan,25.7,16.5,21.1,94.3,54.3,15.7,242,Poor,1002.9,21.5,2024,12,29,6,Sunday,9.2,1989.73
2024-12-29,Lucknow,Uttar Pradesh,28.9,19.7,24.3,83.7,0.0,14.7,133,Moderate,998.8,52.8,2024,12,29,6,Sunday,9.2,2033.91
2024-12-29,Bhopal,Madhya Pradesh,35.1,27.3,31.2,93.7,5.0,13.3,251,Poor,998.4,53.5,2024,12,29,6,Sunday,7.800000000000001,2923.44
2024-12-30,Mumbai,Maharashtra,34.2,28.4,31.3,31.2,20.5,6.0,292,Poor,1003.8,72.6,2024,12,30,0,Monday,5.800000000000004,976.56
2024-12-30,Delhi,Delhi,34.6,27.7,31.1,47.6,0.0,5.0,176,Moderate,1022.0,7.8,2024,12,30,0,Monday,6.900000000000002,1480.3600000000001
2024-12-30,Bengaluru,Karnataka,44.6,33.0,38.8,53.1,0.0,17.7,264,Poor,1020.8,7.4,2024,12,30,0,Monday,11.600000000000001,2060.2799999999997
2024-12-30,Chennai,Tamil Nadu,45.0,33.6,39.3,57.0,8.8,15.5,64,Satisfactory,991.3,25.2,2024,12,30,0,Monday,11.399999999999999,2240.1
2024-12-30,Kolkata,West Bengal,27.1,22.0,24.6,57.4,1.9,15.2,187,Moderate,1007.1,29.3,2024,12,30,0,Monday,5.100000000000001,1412.04
2024-12-30,Hyderabad,Telangana,37.8,25.0,31.4,35.3,0.0,6.9,187,Moderate,1008.9,52.8,2024,12,30,0,Monday,12.799999999999997,1108.4199999999998
2024-12-30,Ahmedabad,Gujarat,34.2,28.1,31.2,41.9,0.0,7.6,293,Poor,997.4,74.9,2024,12,30,0,Monday,6.100000000000001,1307.28
2024-12-30,Jaipur,Rajasthan,31.5,23.5,27.5,84.9,6.3,9.9,133,Moderate,1010.5,99.3,2024,12,30,0,Monday,8.0,2334.75
2024-12-30,Lucknow,Uttar Pradesh,43.6,35.4,39.5,65.1,0.0,16.4,72,Satisfactory,1016.6,49.9,2024,12,30,0,Monday,8.200000000000003,2571.45
2024-12-30,Bhopal,Madhya Pradesh,29.9,18.1,24.0,88.2,0.0,11.5,345,Very Poor,1001.8,67.3,2024,12,30,0,Monday,11.799999999999997,2116.8
2024-12-31,Mumbai,Maharashtra,41.3,34.3,37.8,67.5,0.0,9.7,329,Very Poor,1013.8,52.4,2024,12,31,1,Tuesday,7.0,2551.5
2024-12-31,Delhi,Delhi,29.3,20.6,24.9,51.4,0.0,23.6,76,Satisfactory,1003.7,24.4,2024,12,31,1,Tuesday,8.7,1279.86
2024-12-31,Bengaluru,Karnataka,42.1,36.8,39.5,92.7,4.2,5.1,171,Moderate,992.5,83.6,2024,12,31,1,Tuesday,5.300000000000004,3661.65
2024-12-31,Chennai,Tamil Nadu,35.4,28.6,32.0,34.0,3.7,13.5,59,Satisfactory,1017.4,16.0,2024,12,31,1,Tuesday,6.799999999999997,1088.0
2024-12-31,Kolkata,West Bengal,28.2,15.5,21.8,79.4,1.5,21.7,220,Poor,1016.4,24.3,2024,12,31,1,Tuesday,12.7,1730.92
2024-12-31,Hyderabad,Telangana,40.1,32.6,36.4,64.3,25.8,23.0,265,Poor,1005.6,18.0,2024,12,31,1,Tuesday,7.5,2340.52
2024-12-31,Ahmedabad,Gujarat,30.1,23.4,26.8,54.8,0.0,2.4,267,Poor,1021.2,92.5,2024,12,31,1,Tuesday,6.700000000000003,1468.6399999999999
2024-12-31,Jaipur,Rajasthan,34.3,26.8,30.6,78.4,0.0,9.3,335,Very Poor,1002.5,43.5,2024,12,31,1,Tuesday,7.4999999999999964,2399.0400000000004
2024-12-31,Lucknow,Uttar Pradesh,30.2,20.2,25.2,91.8,0.0,23.9,94,Satisfactory,996.6,98.1,2024,12,31,1,Tuesday,10.0,2313.3599999999997
2024-12-31,Bhopal,Madhya Pradesh,33.9,25.8,29.8,58.2,0.0,17.0,208,Poor,994.8,83.3,2024,12,31,1,Tuesday,8.099999999999998,1734.3600000000001
2025-01-01,Mumbai,Maharashtra,44.6,35.4,40.0,42.7,3.5,19.9,328,Very Poor,992.6,60.1,2025,1,1,2,Wednesday,9.200000000000003,1708.0
2025-01-01,Delhi,Delhi,27.2,21.2,24.2,76.6,0.0,24.7,121,Moderate,1021.1,69.4,2025,1,1,2,Wednesday,6.0,1853.7199999999998
2025-01-01,Bengaluru,Karnataka,30.2,16.4,23.3,68.0,0.0,9.7,257,Poor,995.6,79.3,2025,1,1,2,Wednesday,13.8,1584.4
2025-01-01,Chennai,Tamil Nadu,26.8,15.6,21.2,86.8,0.0,22.4,282,Poor,1004.8,86.3,2025,1,1,2,Wednesday,11.200000000000001,1840.1599999999999
2025-01-01,Kolkata,West Bengal,41.3,26.4,33.9,78.7,0.0,6.4,48,Good,992.2,52.7,2025,1,1,2,Wednesday,14.899999999999999,2667.93
2025-01-01,Hyderabad,Telangana,34.5,20.5,27.5,78.7,0.0,9.3,51,Satisfactory,1007.3,57.9,2025,1,1,2,Wednesday,14.0,2164.25
2025-01-01,Ahmedabad,Gujarat,29.7,17.6,23.6,80.2,0.0,4.2,60,Satisfactory,1023.4,87.5,2025,1,1,2,Wednesday,12.099999999999998,1892.7200000000003
2025-01-01,Jaipur,Rajasthan,28.3,17.5,22.9,45.1,0.0,2.1,239,Poor,1018.0,45.3,2025,1,1,2,Wednesday,10.8,1032.79
2025-01-01,Lucknow,Uttar Pradesh,30.7,24.3,27.5,73.9,0.0,15.4,267,Poor,1015.4,32.0,2025,1,1,2,Wednesday,6.399999999999999,2032.2500000000002
2025-01-01,Bhopal,Madhya Pradesh,28.7,20.3,24.5,78.4,0.0,3.0,75,Satisfactory,1019.3,12.1,2025,1,1,2,Wednesday,8.399999999999999,1920.8000000000002
2025-01-02,Mumbai,Maharashtra,29.8,20.3,25.0,81.3,0.0,12.7,153,Moderate,996.2,25.1,2025,1,2,3,Thursday,9.5,2032.5
2025-01-02,Delhi,Delhi,40.2,27.8,34.0,57.0,0.0,22.0,148,Moderate,1023.9,65.6,2025,1,2,3,Thursday,12.400000000000002,1938.0
2025-01-02,Bengaluru,Karnataka,38.9,30.5,34.7,70.7,0.0,11.7,291,Poor,1011.6,79.9,2025,1,2,3,Thursday,8.399999999999999,2453.2900000000004
2025-01-02,Chennai,Tamil Nadu,44.8,39.0,41.9,62.1,0.0,3.6,318,Very Poor,1001.0,98.5,2025,1,2,3,Thursday,5.799999999999997,2601.99
2025-01-02,Kolkata,West Bengal,32.9,19.1,26.0,32.1,0.0,6.6,346,Very Poor,1020.2,63.5,2025,1,2,3,Thursday,13.799999999999997,834.6
2025-01-02,Hyderabad,Telangana,27.7,19.1,23.4,50.2,0.0,5.3,61,Satisfactory,1017.1,27.6,2025,1,2,3,Thursday,8.599999999999998,1174.68
2025-01-02,Ahmedabad,Gujarat,33.7,24.8,29.2,41.5,0.0,4.3,66,Satisfactory,998.6,95.5,2025,1,2,3,Thursday,8.900000000000002,1211.8
2025-01-02,Jaipur,Rajasthan,41.3,27.4,34.4,54.6,3.0,19.9,252,Poor,1019.1,30.5,2025,1,2,3,Thursday,13.899999999999999,1878.24
2025-01-02,Lucknow,Uttar Pradesh,27.7,17.6,22.6,69.8,0.0,11.7,272,Poor,1021.1,55.5,2025,1,2,3,Thursday,10.099999999999998,1577.48
2025-01-02,Bhopal,Madhya Pradesh,28.5,22.4,25.5,45.6,48.4,11.8,50,Good,1008.2,5.4,2025,1,2,3,Thursday,6.100000000000001,1162.8
2025-01-03,Mumbai,Maharashtra,26.7,14.7,20.7,61.6,0.0,4.0,128,Moderate,1012.4,77.9,2025,1,3,4,Friday,12.0,1275.12
2025-01-03,Delhi,Delhi,38.7,31.8,35.3,79.2,0.0,11.2,241,Poor,998.8,5.1,2025,1,3,4,Friday,6.900000000000002,2795.7599999999998
2025-01-03,Bengaluru,Karnataka,25.9,18.7,22.3,77.0,6.7,23.4,266,Poor,992.6,44.5,2025,1,3,4,Friday,7.199999999999999,1717.1000000000001
2025-01-03,Chennai,Tamil Nadu,38.4,31.1,34.7,40.6,7.9,24.2,254,Poor,1011.2,93.3,2025,1,3,4,Friday,7.299999999999997,1408.8200000000002
2025-01-03,Kolkata,West Bengal,43.2,36.6,39.9,83.0,0.0,9.3,246,Poor,991.5,98.1,2025,1,3,4,Friday,6.600000000000001,3311.7
2025-01-03,Hyderabad,Telangana,43.0,28.0,35.5,55.5,0.0,15.9,92,Satisfactory,1006.5,41.8,2025,1,3,4,Friday,15.0,1970.25
2025-01-03,Ahmedabad,Gujarat,33.8,28.0,30.9,86.2,0.0,19.8,204,Poor,1000.9,15.7,2025,1,3,4,Friday,5.799999999999997,2663.58
2025-01-03,Jaipur,Rajasthan,43.3,29.2,36.3,46.2,0.0,13.5,328,Very Poor,998.0,80.8,2025,1,3,4,Friday,14.099999999999998,1677.06
2025-01-03,Lucknow,Uttar Pradesh,25.1,17.8,21.4,58.6,74.1,16.7,102,Moderate,999.0,79.4,2025,1,3,4,Friday,7.300000000000001,1254.04
2025-01-03,Bhopal,Madhya Pradesh,44.3,39.2,41.8,67.0,1.0,17.9,117,Moderate,1017.5,61.4,2025,1,3,4,Friday,5.099999999999994,2800.6
2025-01-04,Mumbai,Maharashtra,42.8,29.7,36.2,40.4,8.3,8.5,249,Poor,1011.2,37.5,2025,1,4,5,Saturday,13.099999999999998,1462.48
2025-01-04,Delhi,Delhi,35.9,21.6,28.7,70.2,0.0,8.3,340,Very Poor,1003.7,6.1,2025,1,4,5,Saturday,14.299999999999997,2014.74
2025-01-04,Bengaluru,Karnataka,35.6,22.9,29.3,46.8,0.0,24.3,44,Good,1007.3,67.5,2025,1,4,5,Saturday,12.700000000000003,1371.24
2025-01-04,Chennai,Tamil Nadu,31.0,17.1,24.1,79.3,0.0,15.0,138,Moderate,1003.4,63.9,2025,1,4,5,Saturday,13.899999999999999,1911.13
2025-01-04,Kolkata,West Bengal,32.7,18.0,25.4,37.2,0.0,11.2,220,Poor,993.3,57.2,2025,1,4,5,Saturday,14.700000000000003,944.88
2025-01-04,Hyderabad,Telangana,40.0,25.3,32.6,70.3,1.2,17.0,272,Poor,995.7,29.1,2025,1,4,5,Saturday,14.7,2291.78
2025-01-04,Ahmedabad,Gujarat,36.3,25.5,30.9,43.7,63.9,18.9,190,Moderate,1010.2,69.0,2025,1,4,5,Saturday,10.799999999999997,1350.33
2025-01-04,Jaipur,Rajasthan,29.5,15.7,22.6,64.6,79.3,15.5,330,Very Poor,991.2,42.6,2025,1,4,5,Saturday,13.8,1459.96
2025-01-04,Lucknow,Uttar Pradesh,30.8,15.8,23.3,35.5,0.0,23.8,159,Moderate,1011.7,26.9,2025,1,4,5,Saturday,15.0,827.15
2025-01-04,Bhopal,Madhya Pradesh,39.4,31.4,35.4,87.2,0.0,4.4,69,Satisfactory,1000.5,99.9,2025,1,4,5,Saturday,8.0,3086.88
2025-01-05,Mumbai,Maharashtra,29.3,21.5,25.4,70.2,0.0,17.0,157,Moderate,1012.1,54.2,2025,1,5,6,Sunday,7.800000000000001,1783.08
2025-01-05,Delhi,Delhi,40.9,32.5,36.7,45.0,0.0,16.0,178,Moderate,1020.9,61.6,2025,1,5,6,Sunday,8.399999999999999,1651.5000000000002
2025-01-05,Bengaluru,Karnataka,40.9,28.5,34.7,53.9,0.0,10.4,66,Satisfactory,993.7,98.8,2025,1,5,6,Sunday,12.399999999999999,1870.3300000000002
2025-01-05,Chennai,Tamil Nadu,28.4,18.6,23.5,86.2,3.6,16.7,328,Very Poor,1019.6,6.3,2025,1,5,6,Sunday,9.799999999999997,2025.7
2025-01-05,Kolkata,West Bengal,41.6,27.2,34.4,81.6,0.0,9.3,82,Satisfactory,993.8,74.3,2025,1,5,6,Sunday,14.400000000000002,2807.0399999999995
2025-01-05,Hyderabad,Telangana,26.1,13.3,19.7,88.8,0.0,22.4,72,Satisfactory,1007.4,98.9,2025,1,5,6,Sunday,12.8,1749.36
2025-01-05,Ahmedabad,Gujarat,41.2,29.8,35.5,67.7,68.8,6.0,80,Satisfactory,996.9,6.5,2025,1,5,6,Sunday,11.400000000000002,2403.35
2025-01-05,Jaipur,Rajasthan,30.3,18.1,24.2,60.9,0.0,4.6,135,Moderate,1017.2,77.0,2025,1,5,6,Sunday,12.2,1473.78
2025-01-05,Lucknow,Uttar Pradesh,31.6,24.4,28.0,82.9,0.0,6.0,98,Satisfactory,991.8,9.3,2025,1,5,6,Sunday,7.200000000000003,2321.2000000000003
2025-01-05,Bhopal,Madhya Pradesh,27.0,16.4,21.7,53.3,4.5,16.9,324,Very Poor,999.1,81.9,2025,1,5,6,Sunday,10.600000000000001,1156.61
2025-01-06,Mumbai,Maharashtra,31.3,26.1,28.7,88.4,0.0,20.8,107,Moderate,1000.6,91.9,2025,1,6,0,Monday,5.199999999999999,2537.08
2025-01-06,Delhi,Delhi,42.2,36.5,39.4,46.9,0.0,21.7,140,Moderate,994.1,14.3,2025,1,6,0,Monday,5.700000000000003,1847.86
2025-01-06,Bengaluru,Karnataka,37.7,25.6,31.7,87.3,0.0,21.5,338,Very Poor,1015.3,91.0,2025,1,6,0,Monday,12.100000000000001,2767.41
2025-01-06,Chennai,Tamil Nadu,31.0,20.7,25.9,71.1,13.7,14.3,274,Poor,1010.0,57.7,2025,1,6,0,Monday,10.3,1841.4899999999998
2025-01-06,Kolkata,West Bengal,27.9,16.8,22.3,60.5,46.4,10.1,221,Poor,1023.8,88.1,2025,1,6,0,Monday,11.099999999999998,1349.15
2025-01-06,Hyderabad,Telangana,32.1,23.3,27.7,80.2,5.8,18.9,69,Satisfactory,990.8,13.5,2025,1,6,0,Monday,8.8,2221.54
2025-01-06,Ahmedabad,Gujarat,29.6,20.4,25.0,82.2,0.0,24.9,71,Satisfactory,1002.2,96.3,2025,1,6,0,Monday,9.200000000000003,2055.0
2025-01-06,Jaipur,Rajasthan,28.5,16.2,22.3,62.6,0.0,17.7,173,Moderate,1011.3,86.8,2025,1,6,0,Monday,12.3,1395.98
2025-01-06,Lucknow,Uttar Pradesh,26.0,15.3,20.7,92.3,0.0,19.6,241,Poor,1001.3,27.7,2025,1,6,0,Monday,10.7,1910.61
2025-01-06,Bhopal,Madhya Pradesh,25.9,19.2,22.6,56.5,0.0,10.3,221,Poor,1017.9,44.3,2025,1,6,0,Monday,6.699999999999999,1276.9
2025-01-07,Mumbai,Maharashtra,28.3,22.6,25.4,87.2,34.5,18.3,72,Satisfactory,1016.5,69.8,2025,1,7,1,Tuesday,5.699999999999999,2214.88
2025-01-07,Delhi,Delhi,44.2,30.1,37.1,45.4,8.1,5.8,206,Poor,1008.8,17.0,2025,1,7,1,Tuesday,14.100000000000001,1684.34
2025-01-07,Bengaluru,Karnataka,29.9,20.3,25.1,73.4,21.6,11.0,307,Very Poor,1019.5,53.7,2025,1,7,1,Tuesday,9.599999999999998,1842.3400000000001
2025-01-07,Chennai,Tamil Nadu,38.3,28.2,33.2,50.3,0.0,5.8,126,Moderate,1017.3,99.0,2025,1,7,1,Tuesday,10.099999999999998,1669.96
2025-01-07,Kolkata,West Bengal,43.3,37.1,40.2,91.9,0.0,16.8,277,Poor,1010.8,92.3,2025,1,7,1,Tuesday,6.199999999999996,3694.3800000000006
2025-01-07,Hyderabad,Telangana,35.8,21.5,28.7,68.5,68.9,3.6,192,Moderate,1010.4,49.5,2025,1,7,1,Tuesday,14.299999999999997,1965.95
2025-01-07,Ahmedabad,Gujarat,34.2,20.8,27.5,50.7,0.0,17.2,203,Poor,994.1,22.8,2025,1,7,1,Tuesday,13.400000000000002,1394.25
2025-01-07,Jaipur,Rajasthan,25.9,19.6,22.7,86.1,0.0,23.5,225,Poor,990.9,60.1,2025,1,7,1,Tuesday,6.299999999999997,1954.4699999999998
2025-01-07,Lucknow,Uttar Pradesh,40.8,26.2,33.5,53.1,57.0,22.5,66,Satisfactory,1013.3,86.4,2025,1,7,1,Tuesday,14.599999999999998,1778.8500000000001
2025-01-07,Bhopal,Madhya Pradesh,32.5,27.4,30.0,41.5,6.3,17.3,180,Moderate,993.6,68.2,2025,1,7,1,Tuesday,5.100000000000001,1245.0
2025-01-08,Mumbai,Maharashtra,38.0,29.8,33.9,67.8,0.0,11.1,258,Poor,1003.1,75.0,2025,1,8,2,Wednesday,8.2,2298.4199999999996
2025-01-08,Delhi,Delhi,43.2,31.9,37.5,50.4,0.0,19.2,275,Poor,994.6,21.9,2025,1,8,2,Wednesday,11.300000000000004,1890.0
2025-01-08,Bengaluru,Karnataka,40.4,27.5,33.9,49.1,8.7,18.3,260,Poor,1010.3,15.4,2025,1,8,2,Wednesday,12.899999999999999,1664.49
2025-01-08,Chennai,Tamil Nadu,38.8,30.7,34.7,77.8,0.0,4.7,124,Moderate,997.6,78.0,2025,1,8,2,Wednesday,8.099999999999998,2699.6600000000003
2025-01-08,Kolkata,West Bengal,25.0,10.1,17.6,43.7,0.0,20.4,212,Poor,1024.2,86.7,2025,1,8,2,Wednesday,14.9,769.1200000000001
2025-01-08,Hyderabad,Telangana,32.3,22.4,27.4,84.7,0.0,13.0,276,Poor,1000.9,5.3,2025,1,8,2,Wednesday,9.899999999999999,2320.7799999999997
2025-01-08,Ahmedabad,Gujarat,30.5,22.2,26.4,84.8,0.0,23.6,248,Poor,1005.9,14.7,2025,1,8,2,Wednesday,8.3,2238.72
2025-01-08,Jaipur,Rajasthan,42.9,33.5,38.2,74.9,9.8,8.8,178,Moderate,1004.9,31.8,2025,1,8,2,Wednesday,9.399999999999999,2861.1800000000003
2025-01-08,Lucknow,Uttar Pradesh,25.1,17.1,21.1,58.9,0.0,8.7,107,Moderate,1023.2,42.2,2025,1,8,2,Wednesday,8.0,1242.79
2025-01-08,Bhopal,Madhya Pradesh,36.1,23.6,29.8,30.8,0.0,11.4,230,Poor,1022.6,13.5,2025,1,8,2,Wednesday,12.5,917.84
2025-01-09,Mumbai,Maharashtra,31.8,26.1,29.0,43.9,0.0,24.0,82,Satisfactory,1017.8,37.8,2025,1,9,3,Thursday,5.699999999999999,1273.1
2025-01-09,Delhi,Delhi,34.3,25.4,29.8,93.2,0.0,22.9,153,Moderate,1017.8,53.6,2025,1,9,3,Thursday,8.899999999999999,2777.36
2025-01-09,Bengaluru,Karnataka,34.0,19.9,27.0,42.0,11.3,13.5,213,Poor,997.9,5.3,2025,1,9,3,Thursday,14.100000000000001,1134.0
2025-01-09,Chennai,Tamil Nadu,29.9,18.6,24.2,48.3,0.0,12.4,203,Poor,1006.0,61.0,2025,1,9,3,Thursday,11.299999999999997,1168.86
2025-01-09,Kolkata,West Bengal,27.7,20.7,24.2,39.2,0.0,20.4,63,Satisfactory,1001.4,59.0,2025,1,9,3,Thursday,7.0,948.64
2025-01-09,Hyderabad,Telangana,39.9,27.9,33.9,82.2,8.9,10.0,323,Very Poor,1002.0,94.7,2025,1,9,3,Thursday,12.0,2786.58
2025-01-09,Ahmedabad,Gujarat,36.0,27.3,31.6,86.3,3.3,3.0,131,Moderate,1003.3,81.7,2025,1,9,3,Thursday,8.7,2727.08
2025-01-09,Jaipur,Rajasthan,43.6,29.1,36.3,83.0,0.0,21.2,230,Poor,1007.2,43.6,2025,1,9,3,Thursday,14.5,3012.8999999999996
2025-01-09,Lucknow,Uttar Pradesh,38.2,25.6,31.9,73.4,0.0,5.1,347,Very Poor,1017.5,7.9,2025,1,9,3,Thursday,12.600000000000001,2341.46
2025-01-09,Bhopal,Madhya Pradesh,41.6,29.9,35.7,92.8,0.0,8.4,280,Poor,1002.9,48.7,2025,1,9,3,Thursday,11.700000000000003,3312.96
2025-01-10,Mumbai,Maharashtra,35.1,25.3,30.2,49.6,0.0,19.4,146,Moderate,1002.0,9.9,2025,1,10,4,Friday,9.8,1497.92
2025-01-10,Delhi,Delhi,37.8,24.6,31.2,92.5,0.0,5.0,250,Poor,1012.0,53.4,2025,1,10,4,Friday,13.199999999999996,2886.0
2025-01-10,Bengaluru,Karnataka,29.7,21.5,25.6,49.0,8.0,3.2,94,Satisfactory,1009.2,11.1,2025,1,10,4,Friday,8.2,1254.4
2025-01-10,Chennai,Tamil Nadu,27.3,18.8,23.0,52.3,0.0,15.9,226,Poor,1014.1,33.0,2025,1,10,4,Friday,8.5,1202.8999999999999
2025-01-10,Kolkata,West Bengal,40.5,32.0,36.3,64.1,11.7,8.9,265,Poor,999.8,97.5,2025,1,10,4,Friday,8.5,2326.8299999999995
2025-01-10,Hyderabad,Telangana,36.7,24.7,30.7,76.1,0.0,8.8,231,Poor,992.5,44.2,2025,1,10,4,Friday,12.000000000000004,2336.27
2025-01-10,Ahmedabad,Gujarat,28.6,20.5,24.5,71.5,5.8,24.2,306,Very Poor,1010.9,71.4,2025,1,10,4,Friday,8.100000000000001,1751.75
2025-01-10,Jaipur,Rajasthan,41.8,29.6,35.7,62.5,2.8,21.3,171,Moderate,994.9,34.9,2025,1,10,4,Friday,12.199999999999996,2231.25
2025-01-10,Lucknow,Uttar Pradesh,41.8,27.8,34.8,48.5,0.0,13.2,144,Moderate,1016.8,89.7,2025,1,10,4,Friday,13.999999999999996,1687.8
2025-01-10,Bhopal,Madhya Pradesh,35.6,24.1,29.8,51.4,0.0,13.7,251,Poor,998.1,53.9,2025,1,10,4,Friday,11.5,1531.72
2025-01-11,Mumbai,Maharashtra,26.7,13.0,19.9,68.6,9.9,20.2,314,Very Poor,994.6,36.9,2025,1,11,5,Saturday,13.7,1365.1399999999999
2025-01-11,Delhi,Delhi,35.4,26.4,30.9,88.9,1.0,16.0,259,Poor,999.2,58.5,2025,1,11,5,Saturday,9.0,2747.01
2025-01-11,Bengaluru,Karnataka,36.7,24.9,30.8,46.6,41.5,2.5,212,Poor,1003.3,22.1,2025,1,11,5,Saturday,11.800000000000004,1435.28
2025-01-11,Chennai,Tamil Nadu,29.9,17.5,23.7,87.3,21.2,10.3,171,Moderate,1005.2,26.0,2025,1,11,5,Saturday,12.399999999999999,2069.0099999999998
2025-01-11,Kolkata,West Bengal,29.6,18.0,23.8,62.4,0.0,8.0,93,Satisfactory,1022.7,54.6,2025,1,11,5,Saturday,11.600000000000001,1485.1200000000001
2025-01-11,Hyderabad,Telangana,30.5,24.6,27.5,31.8,33.6,5.9,109,Moderate,1017.8,35.0,2025,1,11,5,Saturday,5.899999999999999,874.5
2025-01-11,Ahmedabad,Gujarat,44.4,31.4,37.9,71.0,0.0,4.3,243,Poor,992.3,68.3,2025,1,11,5,Saturday,13.0,2690.9
2025-01-11,Jaipur,Rajasthan,40.0,33.9,36.9,91.4,0.0,24.1,332,Very Poor,1009.7,58.5,2025,1,11,5,Saturday,6.100000000000001,3372.66
2025-01-11,Lucknow,Uttar Pradesh,43.6,36.4,40.0,90.5,0.0,11.5,105,Moderate,1010.4,71.6,2025,1,11,5,Saturday,7.200000000000003,3620.0
2025-01-11,Bhopal,Madhya Pradesh,41.7,28.3,35.0,71.3,0.0,20.4,343,Very Poor,1023.4,18.1,2025,1,11,5,Saturday,13.400000000000002,2495.5
2025-01-12,Mumbai,Maharashtra,25.5,15.3,20.4,80.3,0.0,17.0,224,Poor,1014.5,52.0,2025,1,12,6,Sunday,10.2,1638.12
2025-01-12,Delhi,Delhi,41.9,33.8,37.9,64.0,0.0,13.1,189,Moderate,997.4,7.2,2025,1,12,6,Sunday,8.100000000000001,2425.6
2025-01-12,Bengaluru,Karnataka,33.5,24.2,28.9,43.6,10.2,18.9,346,Very Poor,996.0,49.9,2025,1,12,6,Sunday,9.3,1260.04
2025-01-12,Chennai,Tamil Nadu,37.9,31.6,34.7,59.7,66.2,3.9,348,Very Poor,1001.0,33.4,2025,1,12,6,Sunday,6.299999999999997,2071.59
2025-01-12,Kolkata,West Bengal,36.2,22.4,29.3,57.7,30.1,12.5,255,Poor,1018.1,29.3,2025,1,12,6,Sunday,13.800000000000004,1690.6100000000001
2025-01-12,Hyderabad,Telangana,33.1,27.8,30.4,56.8,0.0,12.7,182,Moderate,1002.0,46.9,2025,1,12,6,Sunday,5.300000000000001,1726.7199999999998
2025-01-12,Ahmedabad,Gujarat,27.8,21.0,24.4,85.1,0.0,24.3,192,Moderate,992.3,83.9,2025,1,12,6,Sunday,6.800000000000001,2076.4399999999996
2025-01-12,Jaipur,Rajasthan,25.1,17.5,21.3,56.5,35.4,10.3,286,Poor,1004.7,77.3,2025,1,12,6,Sunday,7.600000000000001,1203.45
2025-01-12,Lucknow,Uttar Pradesh,26.7,14.6,20.7,61.4,0.0,10.3,219,Poor,998.9,41.3,2025,1,12,6,Sunday,12.1,1270.98
2025-01-12,Bhopal,Madhya Pradesh,39.6,28.6,34.1,74.1,71.2,5.5,151,Moderate,998.8,52.7,2025,1,12,6,Sunday,11.0,2526.81
2025-01-13,Mumbai,Maharashtra,27.6,19.8,23.7,93.4,0.0,18.5,340,Very Poor,1004.5,14.8,2025,1,13,0,Monday,7.800000000000001,2213.58
2025-01-13,Delhi,Delhi,40.5,28.3,34.4,92.3,0.0,18.0,171,Moderate,990.5,17.0,2025,1,13,0,Monday,12.2,3175.12
2025-01-13,Bengaluru,Karnataka,25.2,15.6,20.4,64.0,0.0,16.1,207,Poor,1013.0,7.5,2025,1,13,0,Monday,9.6,1305.6
2025-01-13,Chennai,Tamil Nadu,40.7,35.0,37.9,56.9,0.0,9.3,204,Poor,1021.4,36.4,2025,1,13,0,Monday,5.700000000000003,2156.5099999999998
2025-01-13,Kolkata,West Bengal,25.7,10.8,18.2,83.6,0.0,14.5,225,Poor,1000.0,64.2,2025,1,13,0,Monday,14.899999999999999,1521.5199999999998
2025-01-13,Hyderabad,Telangana,41.8,34.0,37.9,67.6,7.8,5.0,142,Moderate,1015.7,94.6,2025,1,13,0,Monday,7.799999999999997,2562.0399999999995
2025-01-13,Ahmedabad,Gujarat,32.3,26.5,29.4,71.7,5.6,21.1,180,Moderate,1021.7,56.8,2025,1,13,0,Monday,5.799999999999997,2107.98
2025-01-13,Jaipur,Rajasthan,42.5,33.5,38.0,72.6,0.0,2.5,295,Poor,1005.0,50.7,2025,1,13,0,Monday,9.0,2758.7999999999997
2025-01-13,Lucknow,Uttar Pradesh,33.3,25.5,29.4,60.0,0.0,9.3,284,Poor,990.4,25.9,2025,1,13,0,Monday,7.799999999999997,1764.0
2025-01-13,Bhopal,Madhya Pradesh,29.7,23.6,26.6,91.7,0.0,16.1,109,Moderate,1008.9,11.5,2025,1,13,0,Monday,6.099999999999998,2439.2200000000003
2025-01-14,Mumbai,Maharashtra,43.6,32.9,38.2,58.6,0.0,23.2,104,Moderate,991.7,99.1,2025,1,14,1,Tuesday,10.700000000000003,2238.5200000000004
2025-01-14,Delhi,Delhi,33.2,27.7,30.5,68.0,0.0,11.2,207,Poor,1015.8,7.4,2025,1,14,1,Tuesday,5.5000000000000036,2074.0
2025-01-14,Bengaluru,Karnataka,27.3,17.9,22.6,81.4,75.5,11.5,313,Very Poor,990.2,80.0,2025,1,14,1,Tuesday,9.400000000000002,1839.6400000000003
2025-01-14,Chennai,Tamil Nadu,28.5,14.3,21.4,89.4,0.0,15.0,271,Poor,1001.2,20.1,2025,1,14,1,Tuesday,14.2,1913.16
2025-01-14,Kolkata,West Bengal,25.0,14.2,19.6,86.2,0.0,7.7,220,Poor,1019.7,39.8,2025,1,14,1,Tuesday,10.8,1689.5200000000002
2025-01-14,Hyderabad,Telangana,29.5,24.1,26.8,41.3,0.0,3.0,287,Poor,993.2,51.1,2025,1,14,1,Tuesday,5.399999999999999,1106.84
2025-01-14,Ahmedabad,Gujarat,37.6,31.5,34.5,87.7,9.2,13.3,337,Very Poor,1023.0,53.3,2025,1,14,1,Tuesday,6.100000000000001,3025.65
2025-01-14,Jaipur,Rajasthan,29.0,20.5,24.8,80.8,61.3,18.2,184,Moderate,1012.3,48.6,2025,1,14,1,Tuesday,8.5,2003.84
2025-01-14,Lucknow,Uttar Pradesh,33.1,21.9,27.5,56.4,17.5,2.6,121,Moderate,993.7,47.3,2025,1,14,1,Tuesday,11.200000000000003,1551.0
2025-01-14,Bhopal,Madhya Pradesh,33.1,26.9,30.0,38.5,0.0,17.4,187,Moderate,1011.3,72.8,2025,1,14,1,Tuesday,6.200000000000003,1155.0
2025-01-15,Mumbai,Maharashtra,30.4,18.8,24.6,54.1,2.3,12.9,313,Very Poor,1000.5,84.0,2025,1,15,2,Wednesday,11.599999999999998,1330.8600000000001
2025-01-15,Delhi,Delhi,33.7,24.9,29.3,69.8,0.7,11.1,237,Poor,996.1,7.7,2025,1,15,2,Wednesday,8.800000000000004,2045.1399999999999
2025-01-15,Bengaluru,Karnataka,30.4,20.7,25.6,55.1,0.0,16.4,292,Poor,998.8,25.4,2025,1,15,2,Wednesday,9.7,1410.5600000000002
2025-01-15,Chennai,Tamil Nadu,39.0,26.3,32.7,38.0,50.3,22.5,294,Poor,1019.1,9.1,2025,1,15,2,Wednesday,12.7,1242.6000000000001
2025-01-15,Kolkata,West Bengal,43.0,37.4,40.2,57.1,0.0,22.4,190,Moderate,1020.3,94.3,2025,1,15,2,Wednesday,5.600000000000001,2295.42
2025-01-15,Hyderabad,Telangana,33.2,21.6,27.4,57.1,0.0,3.1,118,Moderate,990.7,93.5,2025,1,15,2,Wednesday,11.600000000000001,1564.54
2025-01-15,Ahmedabad,Gujarat,34.0,19.5,26.7,60.4,0.0,4.2,250,Poor,1019.8,32.5,2025,1,15,2,Wednesday,14.5,1612.6799999999998
2025-01-15,Jaipur,Rajasthan,35.2,28.0,31.6,63.7,0.0,7.3,190,Moderate,1013.1,9.9,2025,1,15,2,Wednesday,7.200000000000003,2012.92
2025-01-15,Lucknow,Uttar Pradesh,39.3,30.0,34.7,86.8,0.0,23.6,319,Very Poor,1011.2,75.8,2025,1,15,2,Wednesday,9.299999999999997,3011.96
2025-01-15,Bhopal,Madhya Pradesh,36.0,22.4,29.2,65.2,0.0,14.7,271,Poor,1024.2,79.8,2025,1,15,2,Wednesday,13.600000000000001,1903.8400000000001
2025-01-16,Mumbai,Maharashtra,37.9,29.4,33.6,41.0,2.3,20.7,144,Moderate,999.4,13.7,2025,1,16,3,Thursday,8.5,1377.6000000000001
2025-01-16,Delhi,Delhi,30.8,21.3,26.1,47.2,0.0,20.1,293,Poor,1011.9,37.1,2025,1,16,3,Thursday,9.5,1231.92
2025-01-16,Bengaluru,Karnataka,36.9,31.8,34.4,34.5,0.0,5.4,296,Poor,995.5,80.8,2025,1,16,3,Thursday,5.099999999999998,1186.8
2025-01-16,Chennai,Tamil Nadu,36.2,28.2,32.2,90.6,0.0,12.4,265,Poor,1020.5,37.1,2025,1,16,3,Thursday,8.000000000000004,2917.32
2025-01-16,Kolkata,West Bengal,38.2,31.6,34.9,80.4,61.0,24.0,249,Poor,1018.0,55.8,2025,1,16,3,Thursday,6.600000000000001,2805.96
2025-01-16,Hyderabad,Telangana,39.6,34.5,37.0,36.7,10.5,13.3,303,Very Poor,999.0,42.4,2025,1,16,3,Thursday,5.100000000000001,1357.9
2025-01-16,Ahmedabad,Gujarat,43.5,37.4,40.5,80.6,5.8,7.1,69,Satisfactory,1008.6,35.3,2025,1,16,3,Thursday,6.100000000000001,3264.2999999999997
2025-01-16,Jaipur,Rajasthan,27.1,20.7,23.9,70.0,0.0,22.8,49,Good,1011.9,98.6,2025,1,16,3,Thursday,6.400000000000002,1673.0
2025-01-16,Lucknow,Uttar Pradesh,39.1,33.8,36.5,77.4,0.0,5.7,96,Satisfactory,1015.3,90.9,2025,1,16,3,Thursday,5.300000000000004,2825.1000000000004
2025-01-16,Bhopal,Madhya Pradesh,43.4,37.0,40.2,77.8,0.0,9.8,244,Poor,1003.6,76.5,2025,1,16,3,Thursday,6.399999999999999,3127.56
2025-01-17,Mumbai,Maharashtra,44.4,37.5,40.9,65.3,0.0,24.8,151,Moderate,1006.8,64.4,2025,1,17,4,Friday,6.899999999999999,2670.77
2025-01-17,Delhi,Delhi,42.1,31.4,36.7,73.1,0.0,20.6,228,Poor,1000.1,85.6,2025,1,17,4,Friday,10.700000000000003,2682.77
2025-01-17,Bengaluru,Karnataka,32.1,21.1,26.6,72.0,0.0,23.7,108,Moderate,1004.4,86.7,2025,1,17,4,Friday,11.0,1915.2
2025-01-17,Chennai,Tamil Nadu,25.6,14.8,20.2,51.1,0.0,3.0,196,Moderate,997.6,60.0,2025,1,17,4,Friday,10.8,1032.22
2025-01-17,Kolkata,West Bengal,32.0,26.1,29.1,45.2,1.9,19.9,194,Moderate,1023.9,89.0,2025,1,17,4,Friday,5.899999999999999,1315.3200000000002
2025-01-17,Hyderabad,Telangana,33.3,19.1,26.2,69.7,49.5,21.5,344,Very Poor,999.8,95.5,2025,1,17,4,Friday,14.199999999999996,1826.14
2025-01-17,Ahmedabad,Gujarat,29.6,15.7,22.6,87.4,0.0,17.5,168,Moderate,1022.0,52.4,2025,1,17,4,Friday,13.900000000000002,1975.2400000000002
2025-01-17,Jaipur,Rajasthan,43.4,28.7,36.1,34.0,0.0,19.5,52,Satisfactory,1017.2,74.0,2025,1,17,4,Friday,14.7,1227.4
2025-01-17,Lucknow,Uttar Pradesh,27.7,13.3,20.5,35.3,0.9,10.1,346,Very Poor,995.8,89.0,2025,1,17,4,Friday,14.399999999999999,723.65
2025-01-17,Bhopal,Madhya Pradesh,26.0,15.5,20.7,47.0,8.3,14.4,185,Moderate,1009.0,86.5,2025,1,17,4,Friday,10.5,972.9
2025-01-18,Mumbai,Maharashtra,41.9,33.3,37.6,41.4,0.0,20.6,199,Moderate,1009.8,89.4,2025,1,18,5,Saturday,8.600000000000001,1556.64
2025-01-18,Delhi,Delhi,29.5,23.2,26.3,86.4,0.0,11.7,199,Moderate,1008.6,6.9,2025,1,18,5,Saturday,6.300000000000001,2272.32
2025-01-18,Bengaluru,Karnataka,32.9,20.1,26.5,83.9,0.0,21.5,323,Very Poor,1002.0,38.8,2025,1,18,5,Saturday,12.799999999999997,2223.3500000000004
2025-01-18,Chennai,Tamil Nadu,44.5,30.5,37.5,94.9,0.0,23.9,191,Moderate,1020.7,27.9,2025,1,18,5,Saturday,14.0,3558.75
2025-01-18,Kolkata,West Bengal,26.4,11.9,19.1,67.2,30.5,16.2,70,Satisfactory,1004.7,52.5,2025,1,18,5,Saturday,14.499999999999998,1283.5200000000002
2025-01-18,Hyderabad,Telangana,26.5,15.6,21.0,63.3,0.0,23.7,92,Satisfactory,1000.3,11.8,2025,1,18,5,Saturday,10.9,1329.3
2025-01-18,Ahmedabad,Gujarat,26.9,20.1,23.5,57.1,0.0,23.4,88,Satisfactory,1000.4,80.5,2025,1,18,5,Saturday,6.799999999999997,1341.8500000000001
2025-01-18,Jaipur,Rajasthan,28.6,19.0,23.8,45.2,0.0,15.9,185,Moderate,992.3,74.6,2025,1,18,5,Saturday,9.600000000000001,1075.76
2025-01-18,Lucknow,Uttar Pradesh,39.5,26.2,32.8,51.0,0.0,2.0,44,Good,1023.7,46.9,2025,1,18,5,Saturday,13.3,1672.8
2025-01-18,Bhopal,Madhya Pradesh,25.2,17.3,21.2,30.9,0.0,17.4,299,Poor,1021.7,43.9,2025,1,18,5,Saturday,7.899999999999999,655.0799999999999
2025-01-19,Mumbai,Maharashtra,25.6,12.8,19.2,34.1,8.4,20.9,239,Poor,1009.7,30.2,2025,1,19,6,Sunday,12.8,654.72
2025-01-19,Delhi,Delhi,33.8,28.7,31.3,61.0,6.5,17.0,338,Very Poor,995.5,46.0,2025,1,19,6,Sunday,5.099999999999998,1909.3
2025-01-19,Bengaluru,Karnataka,42.7,33.6,38.1,52.7,0.0,23.6,148,Moderate,1023.6,82.2,2025,1,19,6,Sunday,9.100000000000001,2007.8700000000001
2025-01-19,Chennai,Tamil Nadu,27.9,16.9,22.4,72.0,4.3,20.0,47,Good,1007.6,80.2,2025,1,19,6,Sunday,11.0,1612.8
2025-01-19,Kolkata,West Bengal,38.6,31.3,34.9,47.6,23.5,11.6,103,Moderate,1022.5,20.5,2025,1,19,6,Sunday,7.300000000000001,1661.24
2025-01-19,Hyderabad,Telangana,36.2,27.7,31.9,71.9,0.0,15.2,242,Poor,1001.2,71.9,2025,1,19,6,Sunday,8.500000000000004,2293.61
2025-01-19,Ahmedabad,Gujarat,32.9,25.2,29.1,69.9,9.4,14.5,227,Poor,1008.4,96.4,2025,1,19,6,Sunday,7.699999999999999,2034.0900000000004
2025-01-19,Jaipur,Rajasthan,41.6,31.5,36.5,46.2,7.0,6.6,217,Poor,1001.1,54.1,2025,1,19,6,Sunday,10.100000000000001,1686.3000000000002
2025-01-19,Lucknow,Uttar Pradesh,28.9,21.6,25.2,79.3,68.7,9.1,336,Very Poor,1020.1,68.3,2025,1,19,6,Sunday,7.299999999999997,1998.36
2025-01-19,Bhopal,Madhya Pradesh,30.4,22.7,26.6,75.8,9.3,10.9,273,Poor,1015.1,81.1,2025,1,19,6,Sunday,7.699999999999999,2016.28
2025-01-20,Mumbai,Maharashtra,38.5,33.1,35.8,72.9,4.8,16.0,125,Moderate,1024.8,13.9,2025,1,20,0,Monday,5.399999999999999,2609.82
2025-01-20,Delhi,Delhi,38.1,30.0,34.0,52.5,0.0,9.1,93,Satisfactory,992.7,57.8,2025,1,20,0,Monday,8.100000000000001,1785.0
2025-01-20,Bengaluru,Karnataka,42.1,31.4,36.8,33.9,0.0,13.8,144,Moderate,1021.8,38.3,2025,1,20,0,Monday,10.700000000000003,1247.5199999999998
2025-01-20,Chennai,Tamil Nadu,41.4,33.2,37.3,35.1,76.4,7.2,249,Poor,1009.4,18.0,2025,1,20,0,Monday,8.199999999999996,1309.23
2025-01-20,Kolkata,West Bengal,28.7,23.2,26.0,83.6,3.3,19.5,191,Moderate,1013.9,91.6,2025,1,20,0,Monday,5.5,2173.6
2025-01-20,Hyderabad,Telangana,27.6,21.9,24.8,50.7,0.0,12.2,249,Poor,996.2,40.0,2025,1,20,0,Monday,5.700000000000003,1257.3600000000001
2025-01-20,Ahmedabad,Gujarat,32.0,23.6,27.8,94.4,0.0,16.3,241,Poor,990.9,12.6,2025,1,20,0,Monday,8.399999999999999,2624.32
2025-01-20,Jaipur,Rajasthan,32.3,26.7,29.5,49.3,0.0,5.3,218,Poor,1011.9,54.6,2025,1,20,0,Monday,5.599999999999998,1454.35
2025-01-20,Lucknow,Uttar Pradesh,33.7,24.0,28.9,80.6,37.8,6.4,46,Good,1000.3,23.2,2025,1,20,0,Monday,9.700000000000003,2329.3399999999997
2025-01-20,Bhopal,Madhya Pradesh,30.4,24.9,27.7,40.1,3.7,20.3,250,Poor,1004.4,98.5,2025,1,20,0,Monday,5.5,1110.77
2025-01-21,Mumbai,Maharashtra,39.9,33.0,36.4,84.4,9.5,19.2,70,Satisfactory,1000.7,50.1,2025,1,21,1,Tuesday,6.899999999999999,3072.1600000000003
2025-01-21,Delhi,Delhi,28.5,22.8,25.7,66.4,0.0,8.0,188,Moderate,992.1,89.1,2025,1,21,1,Tuesday,5.699999999999999,1706.48
2025-01-21,Bengaluru,Karnataka,39.7,34.6,37.2,61.7,3.3,13.8,178,Moderate,1001.7,81.6,2025,1,21,1,Tuesday,5.100000000000001,2295.2400000000002
2025-01-21,Chennai,Tamil Nadu,25.1,10.6,17.8,46.6,0.0,12.9,266,Poor,991.4,38.7,2025,1,21,1,Tuesday,14.500000000000002,829.48
2025-01-21,Kolkata,West Bengal,29.7,23.6,26.7,63.0,5.4,18.0,216,Poor,1019.6,26.2,2025,1,21,1,Tuesday,6.099999999999998,1682.1
2025-01-21,Hyderabad,Telangana,32.2,17.6,24.9,58.6,9.6,13.3,131,Moderate,1005.5,55.0,2025,1,21,1,Tuesday,14.600000000000001,1459.1399999999999
2025-01-21,Ahmedabad,Gujarat,43.1,30.1,36.6,82.1,4.4,10.6,85,Satisfactory,1020.5,79.1,2025,1,21,1,Tuesday,13.0,3004.86
2025-01-21,Jaipur,Rajasthan,37.0,25.1,31.1,66.9,0.0,19.7,203,Poor,990.7,79.0,2025,1,21,1,Tuesday,11.899999999999999,2080.59
2025-01-21,Lucknow,Uttar Pradesh,43.7,28.8,36.2,73.1,0.0,4.3,121,Moderate,1010.3,81.5,2025,1,21,1,Tuesday,14.900000000000002,2646.22
2025-01-21,Bhopal,Madhya Pradesh,33.4,22.8,28.1,89.0,26.6,2.9,158,Moderate,1013.0,65.8,2025,1,21,1,Tuesday,10.599999999999998,2500.9
2025-01-22,Mumbai,Maharashtra,34.4,20.8,27.6,40.7,0.0,15.2,111,Moderate,1022.2,92.1,2025,1,22,2,Wednesday,13.599999999999998,1123.3200000000002
2025-01-22,Delhi,Delhi,31.0,24.4,27.7,90.3,4.0,13.8,235,Poor,994.2,46.6,2025,1,22,2,Wednesday,6.600000000000001,2501.31
2025-01-22,Bengaluru,Karnataka,39.4,27.9,33.7,37.7,61.3,3.1,209,Poor,991.5,66.1,2025,1,22,2,Wednesday,11.5,1270.4900000000002
2025-01-22,Chennai,Tamil Nadu,28.1,17.6,22.9,93.3,6.3,6.9,196,Moderate,1004.5,55.1,2025,1,22,2,Wednesday,10.5,2136.5699999999997
2025-01-22,Kolkata,West Bengal,43.4,35.5,39.5,33.7,0.0,14.2,178,Moderate,1024.2,55.9,2025,1,22,2,Wednesday,7.899999999999999,1331.15
2025-01-22,Hyderabad,Telangana,36.7,22.0,29.3,83.2,1.8,17.9,238,Poor,1013.0,46.9,2025,1,22,2,Wednesday,14.700000000000003,2437.76
2025-01-22,Ahmedabad,Gujarat,39.8,33.5,36.6,46.7,2.0,12.4,323,Very Poor,1018.9,73.1,2025,1,22,2,Wednesday,6.299999999999997,1709.2200000000003
2025-01-22,Jaipur,Rajasthan,26.5,16.4,21.5,75.9,0.0,20.3,173,Moderate,1007.3,51.8,2025,1,22,2,Wednesday,10.100000000000001,1631.8500000000001
2025-01-22,Lucknow,Uttar Pradesh,29.6,15.3,22.5,50.7,0.0,22.8,87,Satisfactory,1024.8,39.4,2025,1,22,2,Wednesday,14.3,1140.75
2025-01-22,Bhopal,Madhya Pradesh,31.3,23.0,27.2,71.9,5.0,7.8,225,Poor,1017.4,85.5,2025,1,22,2,Wednesday,8.3,1955.68
2025-01-23,Mumbai,Maharashtra,43.6,30.7,37.1,68.7,0.0,10.2,186,Moderate,1020.9,16.7,2025,1,23,3,Thursday,12.900000000000002,2548.77
2025-01-23,Delhi,Delhi,35.7,25.2,30.5,72.4,28.0,17.1,237,Poor,1020.0,31.2,2025,1,23,3,Thursday,10.500000000000004,2208.2000000000003
2025-01-23,Bengaluru,Karnataka,39.3,30.4,34.9,82.8,0.1,14.3,252,Poor,1012.1,20.9,2025,1,23,3,Thursday,8.899999999999999,2889.72
2025-01-23,Chennai,Tamil Nadu,31.7,22.2,27.0,51.7,4.8,13.1,253,Poor,1001.3,51.4,2025,1,23,3,Thursday,9.5,1395.9
2025-01-23,Kolkata,West Bengal,31.9,22.8,27.4,66.6,0.0,10.1,94,Satisfactory,991.7,60.4,2025,1,23,3,Thursday,9.099999999999998,1824.8399999999997
2025-01-23,Hyderabad,Telangana,32.5,24.9,28.7,71.0,0.0,17.4,69,Satisfactory,991.0,16.7,2025,1,23,3,Thursday,7.600000000000001,2037.7
2025-01-23,Ahmedabad,Gujarat,27.0,19.4,23.2,64.6,75.5,24.3,289,Poor,991.5,85.9,2025,1,23,3,Thursday,7.600000000000001,1498.7199999999998
2025-01-23,Jaipur,Rajasthan,43.0,32.8,37.9,81.2,0.0,23.0,328,Very Poor,992.1,14.5,2025,1,23,3,Thursday,10.200000000000003,3077.48
2025-01-23,Lucknow,Uttar Pradesh,27.1,13.5,20.3,81.3,0.0,24.9,159,Moderate,1020.8,34.5,2025,1,23,3,Thursday,13.600000000000001,1650.39
2025-01-23,Bhopal,Madhya Pradesh,32.8,20.4,26.6,52.2,0.0,3.8,191,Moderate,1017.7,60.6,2025,1,23,3,Thursday,12.399999999999999,1388.5200000000002
2025-01-24,Mumbai,Maharashtra,38.5,28.4,33.4,72.1,8.7,16.1,144,Moderate,1008.6,21.3,2025,1,24,4,Friday,10.100000000000001,2408.14
2025-01-24,Delhi,Delhi,38.9,29.6,34.2,56.4,7.6,13.3,93,Satisfactory,1003.2,37.4,2025,1,24,4,Friday,9.299999999999997,1928.88
2025-01-24,Bengaluru,Karnataka,31.7,22.8,27.2,58.4,6.8,16.7,64,Satisfactory,996.6,31.3,2025,1,24,4,Friday,8.899999999999999,1588.48
2025-01-24,Chennai,Tamil Nadu,43.9,30.0,37.0,35.5,5.8,13.3,268,Poor,998.4,31.5,2025,1,24,4,Friday,13.899999999999999,1313.5
2025-01-24,Kolkata,West Bengal,40.6,30.3,35.5,37.9,0.0,3.3,127,Moderate,1008.8,32.0,2025,1,24,4,Friday,10.3,1345.45
2025-01-24,Hyderabad,Telangana,26.7,12.2,19.5,84.0,1.2,9.5,303,Very Poor,1020.5,61.8,2025,1,24,4,Friday,14.5,1638.0
2025-01-24,Ahmedabad,Gujarat,34.4,24.4,29.4,48.9,49.7,15.8,303,Very Poor,995.2,5.7,2025,1,24,4,Friday,10.0,1437.6599999999999
2025-01-24,Jaipur,Rajasthan,32.3,24.1,28.2,82.0,0.0,11.0,349,Very Poor,1016.6,91.2,2025,1,24,4,Friday,8.199999999999996,2312.4
2025-01-24,Lucknow,Uttar Pradesh,35.2,22.0,28.6,33.0,36.0,2.1,135,Moderate,1000.8,93.4,2025,1,24,4,Friday,13.200000000000003,943.8000000000001
2025-01-24,Bhopal,Madhya Pradesh,29.5,17.2,23.4,78.4,0.0,23.0,290,Poor,1016.4,40.0,2025,1,24,4,Friday,12.3,1834.56
2025-01-25,Mumbai,Maharashtra,27.7,21.4,24.5,90.4,0.0,4.4,189,Moderate,1020.2,92.7,2025,1,25,5,Saturday,6.300000000000001,2214.8
2025-01-25,Delhi,Delhi,33.5,23.1,28.3,44.7,0.0,16.1,264,Poor,1022.6,75.2,2025,1,25,5,Saturday,10.399999999999999,1265.0100000000002
2025-01-25,Bengaluru,Karnataka,31.2,17.3,24.2,91.6,9.3,16.8,130,Moderate,1000.3,99.3,2025,1,25,5,Saturday,13.899999999999999,2216.72
2025-01-25,Chennai,Tamil Nadu,29.3,19.5,24.4,51.0,0.0,16.4,278,Poor,992.8,76.9,2025,1,25,5,Saturday,9.8,1244.3999999999999
2025-01-25,Kolkata,West Bengal,34.5,19.9,27.2,67.7,7.0,11.9,339,Very Poor,990.9,74.2,2025,1,25,5,Saturday,14.600000000000001,1841.44
2025-01-25,Hyderabad,Telangana,34.4,26.0,30.2,63.8,10.0,22.4,248,Poor,1008.9,16.6,2025,1,25,5,Saturday,8.399999999999999,1926.7599999999998
2025-01-25,Ahmedabad,Gujarat,27.8,17.7,22.7,36.1,5.9,20.4,59,Satisfactory,1024.9,29.5,2025,1,25,5,Saturday,10.100000000000001,819.47
2025-01-25,Jaipur,Rajasthan,33.9,28.0,30.9,41.6,0.0,12.2,310,Very Poor,1008.6,30.5,2025,1,25,5,Saturday,5.899999999999999,1285.44
2025-01-25,Lucknow,Uttar Pradesh,28.2,20.7,24.5,40.2,0.0,18.6,327,Very Poor,1005.0,65.4,2025,1,25,5,Saturday,7.5,984.9000000000001
2025-01-25,Bhopal,Madhya Pradesh,41.9,36.2,39.0,84.9,4.6,23.9,103,Moderate,993.3,78.0,2025,1,25,5,Saturday,5.699999999999996,3311.1000000000004
2025-01-26,Mumbai,Maharashtra,32.6,18.9,25.7,65.5,0.8,14.2,326,Very Poor,995.8,47.3,2025,1,26,6,Sunday,13.700000000000003,1683.35
2025-01-26,Delhi,Delhi,38.2,25.9,32.0,81.1,0.0,5.2,90,Satisfactory,997.1,79.2,2025,1,26,6,Sunday,12.300000000000004,2595.2
2025-01-26,Bengaluru,Karnataka,31.2,23.4,27.3,33.2,0.0,4.6,261,Poor,1015.2,61.4,2025,1,26,6,Sunday,7.800000000000001,906.3600000000001
2025-01-26,Chennai,Tamil Nadu,29.6,16.6,23.1,61.2,0.0,19.8,225,Poor,997.8,13.8,2025,1,26,6,Sunday,13.0,1413.7200000000003
2025-01-26,Kolkata,West Bengal,36.0,24.9,30.4,70.2,44.6,14.3,310,Very Poor,1011.6,30.4,2025,1,26,6,Sunday,11.100000000000001,2134.08
2025-01-26,Hyderabad,Telangana,25.5,14.9,20.2,55.0,6.1,2.5,117,Moderate,1004.2,84.0,2025,1,26,6,Sunday,10.6,1111.0
2025-01-26,Ahmedabad,Gujarat,26.1,16.1,21.1,93.5,0.0,7.8,101,Moderate,1004.4,83.9,2025,1,26,6,Sunday,10.0,1972.8500000000001
2025-01-26,Jaipur,Rajasthan,39.4,29.3,34.4,88.8,0.0,19.2,339,Very Poor,1001.2,26.5,2025,1,26,6,Sunday,10.099999999999998,3054.72
2025-01-26,Lucknow,Uttar Pradesh,33.7,28.6,31.1,84.5,0.0,8.7,136,Moderate,1022.5,93.7,2025,1,26,6,Sunday,5.100000000000001,2627.9500000000003
2025-01-26,Bhopal,Madhya Pradesh,41.7,32.3,37.0,72.5,0.0,3.4,342,Very Poor,994.9,32.6,2025,1,26,6,Sunday,9.400000000000006,2682.5
2025-01-27,Mumbai,Maharashtra,44.3,31.0,37.7,45.1,0.0,3.0,288,Poor,1008.7,11.9,2025,1,27,0,Monday,13.299999999999997,1700.2700000000002
2025-01-27,Delhi,Delhi,38.8,30.3,34.6,72.1,0.0,20.3,102,Moderate,997.4,58.5,2025,1,27,0,Monday,8.499999999999996,2494.66
2025-01-27,Bengaluru,Karnataka,30.7,23.3,27.0,71.9,0.0,2.2,116,Moderate,1013.8,15.9,2025,1,27,0,Monday,7.399999999999999,1941.3000000000002
2025-01-27,Chennai,Tamil Nadu,31.1,18.6,24.9,70.7,1.9,10.9,229,Poor,998.6,69.5,2025,1,27,0,Monday,12.5,1760.43
2025-01-27,Kolkata,West Bengal,26.6,14.9,20.7,61.8,0.0,14.5,271,Poor,1006.9,41.7,2025,1,27,0,Monday,11.700000000000001,1279.26
2025-01-27,Hyderabad,Telangana,36.3,24.2,30.2,40.0,0.0,7.4,141,Moderate,990.9,48.4,2025,1,27,0,Monday,12.099999999999998,1208.0
2025-01-27,Ahmedabad,Gujarat,44.7,31.1,37.9,83.7,0.0,14.9,62,Satisfactory,1003.8,21.3,2025,1,27,0,Monday,13.600000000000001,3172.23
2025-01-27,Jaipur,Rajasthan,36.2,30.2,33.2,76.7,0.0,19.0,315,Very Poor,1000.0,92.5,2025,1,27,0,Monday,6.0000000000000036,2546.4400000000005
2025-01-27,Lucknow,Uttar Pradesh,27.1,21.8,24.4,93.5,0.0,16.2,286,Poor,1000.3,94.0,2025,1,27,0,Monday,5.300000000000001,2281.4
2025-01-27,Bhopal,Madhya Pradesh,38.0,30.1,34.1,75.6,0.0,13.2,149,Moderate,1016.7,87.2,2025,1,27,0,Monday,7.899999999999999,2577.96
2025-01-28,Mumbai,Maharashtra,34.0,24.3,29.1,51.1,46.5,17.0,155,Moderate,997.4,20.7,2025,1,28,1,Tuesday,9.7,1487.0100000000002
2025-01-28,Delhi,Delhi,31.9,22.9,27.4,41.9,9.8,2.3,158,Moderate,1004.2,34.4,2025,1,28,1,Tuesday,9.0,1148.06
2025-01-28,Bengaluru,Karnataka,35.0,24.0,29.5,67.9,69.1,19.0,333,Very Poor,992.8,96.3,2025,1,28,1,Tuesday,11.0,2003.0500000000002
2025-01-28,Chennai,Tamil Nadu,39.2,29.1,34.1,46.3,7.6,16.5,264,Poor,996.8,39.0,2025,1,28,1,Tuesday,10.100000000000001,1578.83
2025-01-28,Kolkata,West Bengal,25.3,13.9,19.6,79.8,3.4,5.3,293,Poor,1003.0,72.2,2025,1,28,1,Tuesday,11.4,1564.0800000000002
2025-01-28,Hyderabad,Telangana,42.2,31.9,37.1,60.9,0.0,12.0,153,Moderate,1003.0,50.7,2025,1,28,1,Tuesday,10.300000000000004,2259.39
2025-01-28,Ahmedabad,Gujarat,31.9,16.9,24.4,51.9,0.0,23.0,306,Very Poor,1017.6,85.0,2025,1,28,1,Tuesday,15.0,1266.36
2025-01-28,Jaipur,Rajasthan,43.4,36.1,39.7,59.8,3.9,11.2,136,Moderate,1011.6,41.3,2025,1,28,1,Tuesday,7.299999999999997,2374.06
2025-01-28,Lucknow,Uttar Pradesh,32.1,19.0,25.5,69.1,0.0,7.6,183,Moderate,1013.6,74.0,2025,1,28,1,Tuesday,13.100000000000001,1762.05
2025-01-28,Bhopal,Madhya Pradesh,29.6,19.0,24.3,46.5,0.0,7.0,225,Poor,1015.1,72.2,2025,1,28,1,Tuesday,10.600000000000001,1129.95
2025-01-29,Mumbai,Maharashtra,37.3,26.2,31.8,53.4,0.0,10.0,228,Poor,994.6,39.5,2025,1,29,2,Wednesday,11.099999999999998,1698.12
2025-01-29,Delhi,Delhi,25.5,11.8,18.6,69.7,0.0,7.7,150,Moderate,990.2,7.5,2025,1,29,2,Wednesday,13.7,1296.42
2025-01-29,Bengaluru,Karnataka,27.5,22.3,24.9,85.9,0.0,3.1,47,Good,1016.1,16.9,2025,1,29,2,Wednesday,5.199999999999999,2138.91
2025-01-29,Chennai,Tamil Nadu,36.7,31.6,34.2,58.4,0.0,24.2,246,Poor,1008.1,59.4,2025,1,29,2,Wednesday,5.100000000000001,1997.2800000000002
2025-01-29,Kolkata,West Bengal,41.0,29.9,35.4,79.5,4.5,21.9,251,Poor,994.8,56.6,2025,1,29,2,Wednesday,11.100000000000001,2814.2999999999997
2025-01-29,Hyderabad,Telangana,26.7,12.4,19.5,63.8,0.0,4.8,298,Poor,999.2,51.8,2025,1,29,2,Wednesday,14.299999999999999,1244.1
2025-01-29,Ahmedabad,Gujarat,35.7,28.2,32.0,32.9,39.4,19.9,281,Poor,1018.3,6.2,2025,1,29,2,Wednesday,7.5000000000000036,1052.8
2025-01-29,Jaipur,Rajasthan,28.9,18.0,23.5,59.1,0.0,2.8,335,Very Poor,991.4,67.5,2025,1,29,2,Wednesday,10.899999999999999,1388.8500000000001
2025-01-29,Lucknow,Uttar Pradesh,40.5,30.9,35.7,33.6,21.1,11.2,227,Poor,1019.5,72.0,2025,1,29,2,Wednesday,9.600000000000001,1199.5200000000002
2025-01-29,Bhopal,Madhya Pradesh,44.0,36.7,40.3,59.6,0.0,6.8,323,Very Poor,1016.4,6.2,2025,1,29,2,Wednesday,7.299999999999997,2401.88
2025-01-30,Mumbai,Maharashtra,25.4,14.1,19.7,69.3,43.2,17.2,55,Satisfactory,1017.4,16.0,2025,1,30,3,Thursday,11.299999999999999,1365.2099999999998
2025-01-30,Delhi,Delhi,25.6,19.1,22.3,73.4,0.0,10.4,325,Very Poor,1021.1,93.9,2025,1,30,3,Thursday,6.5,1636.8200000000002
2025-01-30,Bengaluru,Karnataka,41.4,29.5,35.4,89.4,0.0,23.2,106,Moderate,1009.5,15.6,2025,1,30,3,Thursday,11.899999999999999,3164.76
2025-01-30,Chennai,Tamil Nadu,42.0,32.0,37.0,93.9,0.0,13.9,40,Good,1012.2,67.9,2025,1,30,3,Thursday,10.0,3474.3
2025-01-30,Kolkata,West Bengal,26.8,21.4,24.1,86.2,0.0,21.5,252,Poor,990.5,16.3,2025,1,30,3,Thursday,5.400000000000002,2077.42
2025-01-30,Hyderabad,Telangana,44.3,32.8,38.6,47.0,0.0,10.6,262,Poor,1003.4,96.9,2025,1,30,3,Thursday,11.5,1814.2
2025-01-30,Ahmedabad,Gujarat,38.7,31.4,35.1,66.4,26.8,10.8,101,Moderate,999.9,93.5,2025,1,30,3,Thursday,7.300000000000004,2330.6400000000003
2025-01-30,Jaipur,Rajasthan,39.9,28.4,34.1,89.8,0.0,13.4,286,Poor,1023.1,7.2,2025,1,30,3,Thursday,11.5,3062.18
2025-01-30,Lucknow,Uttar Pradesh,30.0,23.2,26.6,45.1,79.4,14.0,291,Poor,1015.0,57.9,2025,1,30,3,Thursday,6.800000000000001,1199.66
2025-01-30,Bhopal,Madhya Pradesh,41.9,34.6,38.2,59.9,6.4,22.6,317,Very Poor,1019.6,60.3,2025,1,30,3,Thursday,7.299999999999997,2288.1800000000003
2025-01-31,Mumbai,Maharashtra,32.5,23.8,28.2,80.8,1.4,11.7,195,Moderate,1022.9,96.1,2025,1,31,4,Friday,8.7,2278.56
2025-01-31,Delhi,Delhi,35.8,23.5,29.7,59.7,2.0,7.6,113,Moderate,1019.2,63.3,2025,1,31,4,Friday,12.299999999999997,1773.0900000000001
2025-01-31,Bengaluru,Karnataka,38.0,30.7,34.4,47.2,0.0,23.3,58,Satisfactory,998.4,16.1,2025,1,31,4,Friday,7.300000000000001,1623.68
2025-01-31,Chennai,Tamil Nadu,29.8,21.0,25.4,90.3,2.5,8.9,100,Satisfactory,1014.0,46.0,2025,1,31,4,Friday,8.8,2293.62
2025-01-31,Kolkata,West Bengal,39.7,34.4,37.0,49.0,3.6,12.6,155,Moderate,1010.8,61.6,2025,1,31,4,Friday,5.300000000000004,1813.0
2025-01-31,Hyderabad,Telangana,43.7,29.1,36.4,67.8,0.0,13.1,64,Satisfactory,996.6,71.9,2025,1,31,4,Friday,14.600000000000001,2467.9199999999996
2025-01-31,Ahmedabad,Gujarat,44.1,37.1,40.6,72.9,27.4,10.9,98,Satisfactory,1023.6,97.3,2025,1,31,4,Friday,7.0,2959.7400000000002
2025-01-31,Jaipur,Rajasthan,41.6,34.7,38.2,44.7,0.9,12.3,340,Very Poor,1017.7,36.5,2025,1,31,4,Friday,6.899999999999999,1707.5400000000002
2025-01-31,Lucknow,Uttar Pradesh,26.0,20.4,23.2,75.6,0.0,8.2,187,Moderate,990.5,53.4,2025,1,31,4,Friday,5.600000000000001,1753.9199999999998
2025-01-31,Bhopal,Madhya Pradesh,31.9,21.1,26.5,77.4,0.0,5.4,255,Poor,994.3,79.7,2025,1,31,4,Friday,10.799999999999997,2051.1000000000004
2025-02-01,Mumbai,Maharashtra,40.4,33.8,37.1,89.5,0.0,4.4,192,Moderate,1000.0,22.2,2025,2,1,5,Saturday,6.600000000000001,3320.4500000000003
2025-02-01,Delhi,Delhi,44.0,35.7,39.9,69.8,0.0,24.8,286,Poor,996.6,54.7,2025,2,1,5,Saturday,8.299999999999997,2785.02
2025-02-01,Bengaluru,Karnataka,25.0,13.0,19.0,47.3,29.2,22.5,152,Moderate,997.5,16.1,2025,2,1,5,Saturday,12.0,898.6999999999999
2025-02-01,Chennai,Tamil Nadu,36.8,23.2,30.0,92.8,0.0,3.7,302,Very Poor,1010.9,56.2,2025,2,1,5,Saturday,13.599999999999998,2784.0
2025-02-01,Kolkata,West Bengal,31.5,26.1,28.8,57.5,0.0,22.1,147,Moderate,1006.5,39.7,2025,2,1,5,Saturday,5.399999999999999,1656.0
2025-02-01,Hyderabad,Telangana,36.9,26.6,31.7,72.7,0.0,21.3,96,Satisfactory,1013.2,47.6,2025,2,1,5,Saturday,10.299999999999997,2304.59
2025-02-01,Ahmedabad,Gujarat,25.2,17.0,21.1,33.6,0.0,21.5,239,Poor,1014.7,16.9,2025,2,1,5,Saturday,8.2,708.96
2025-02-01,Jaipur,Rajasthan,28.0,16.5,22.3,39.3,0.0,5.5,306,Very Poor,1001.2,48.9,2025,2,1,5,Saturday,11.5,876.39
2025-02-01,Lucknow,Uttar Pradesh,28.7,20.3,24.5,60.9,0.0,19.8,234,Poor,1007.7,13.2,2025,2,1,5,Saturday,8.399999999999999,1492.05
2025-02-01,Bhopal,Madhya Pradesh,36.4,28.0,32.2,30.7,0.0,15.3,240,Poor,1014.9,86.3,2025,2,1,5,Saturday,8.399999999999999,988.5400000000001
2025-02-02,Mumbai,Maharashtra,38.8,27.7,33.2,94.1,0.0,13.2,189,Moderate,993.4,30.7,2025,2,2,6,Sunday,11.099999999999998,3124.12
2025-02-02,Delhi,Delhi,44.2,29.5,36.8,78.3,70.6,22.9,68,Satisfactory,1012.4,24.2,2025,2,2,6,Sunday,14.700000000000003,2881.4399999999996
2025-02-02,Bengaluru,Karnataka,43.3,37.7,40.5,49.2,11.5,8.6,136,Moderate,991.0,99.4,2025,2,2,6,Sunday,5.599999999999994,1992.6000000000001
2025-02-02,Chennai,Tamil Nadu,42.5,33.0,37.8,73.1,0.0,23.9,316,Very Poor,992.1,31.1,2025,2,2,6,Sunday,9.5,2763.1799999999994
2025-02-02,Kolkata,West Bengal,34.6,23.6,29.1,72.4,11.2,8.2,113,Moderate,1003.3,69.8,2025,2,2,6,Sunday,11.0,2106.84
2025-02-02,Hyderabad,Telangana,39.7,30.1,34.9,85.7,2.9,9.5,237,Poor,1004.4,80.4,2025,2,2,6,Sunday,9.600000000000001,2990.93
2025-02-02,Ahmedabad,Gujarat,33.8,26.3,30.1,79.7,0.0,20.5,164,Moderate,1004.8,22.7,2025,2,2,6,Sunday,7.4999999999999964,2398.9700000000003
2025-02-02,Jaipur,Rajasthan,29.4,23.1,26.3,45.5,17.4,2.1,329,Very Poor,1013.0,86.4,2025,2,2,6,Sunday,6.299999999999997,1196.65
2025-02-02,Lucknow,Uttar Pradesh,27.9,15.9,21.9,37.0,0.0,9.2,75,Satisfactory,994.1,11.3,2025,2,2,6,Sunday,11.999999999999998,810.3
2025-02-02,Bhopal,Madhya Pradesh,42.5,37.4,40.0,75.0,7.7,17.0,331,Very Poor,1005.9,41.4,2025,2,2,6,Sunday,5.100000000000001,3000.0
2025-02-03,Mumbai,Maharashtra,44.4,32.9,38.7,42.8,4.5,17.4,47,Good,1008.0,69.6,2025,2,3,0,Monday,11.5,1656.36
2025-02-03,Delhi,Delhi,40.5,33.4,37.0,72.7,0.0,22.9,284,Poor,1011.2,39.4,2025,2,3,0,Monday,7.100000000000001,2689.9
2025-02-03,Bengaluru,Karnataka,37.5,26.3,31.9,61.7,0.0,17.2,149,Moderate,998.7,47.8,2025,2,3,0,Monday,11.2,1968.23
2025-02-03,Chennai,Tamil Nadu,27.9,13.3,20.6,90.7,0.0,19.8,316,Very Poor,995.3,17.6,2025,2,3,0,Monday,14.599999999999998,1868.4200000000003
2025-02-03,Kolkata,West Bengal,43.0,33.3,38.1,86.6,0.0,5.1,209,Poor,1017.1,98.6,2025,2,3,0,Monday,9.700000000000003,3299.46
2025-02-03,Hyderabad,Telangana,38.1,25.7,31.9,44.6,0.0,21.6,272,Poor,998.9,49.7,2025,2,3,0,Monday,12.400000000000002,1422.74
2025-02-03,Ahmedabad,Gujarat,26.7,16.6,21.7,39.4,0.0,21.5,184,Moderate,1001.7,23.1,2025,2,3,0,Monday,10.099999999999998,854.9799999999999
2025-02-03,Jaipur,Rajasthan,42.5,36.8,39.7,51.3,0.0,9.6,52,Satisfactory,1018.7,97.0,2025,2,3,0,Monday,5.700000000000003,2036.6100000000001
2025-02-03,Lucknow,Uttar Pradesh,36.4,30.3,33.4,74.2,0.2,3.7,345,Very Poor,1000.7,96.0,2025,2,3,0,Monday,6.099999999999998,2478.28
2025-02-03,Bhopal,Madhya Pradesh,28.2,17.6,22.9,66.3,4.6,19.6,191,Moderate,999.4,46.3,2025,2,3,0,Monday,10.599999999999998,1518.2699999999998
2025-02-04,Mumbai,Maharashtra,31.0,25.0,28.0,38.2,0.0,7.9,135,Moderate,1006.0,53.4,2025,2,4,1,Tuesday,6.0,1069.6000000000001
2025-02-04,Delhi,Delhi,43.1,32.6,37.9,81.2,0.0,12.0,292,Poor,1002.4,5.8,2025,2,4,1,Tuesday,10.5,3077.48
2025-02-04,Bengaluru,Karnataka,27.2,12.3,19.8,80.2,0.0,8.0,157,Moderate,998.8,83.8,2025,2,4,1,Tuesday,14.899999999999999,1587.96
2025-02-04,Chennai,Tamil Nadu,34.0,20.6,27.3,35.7,0.0,21.1,181,Moderate,1023.0,49.2,2025,2,4,1,Tuesday,13.399999999999999,974.6100000000001
2025-02-04,Kolkata,West Bengal,35.0,22.8,28.9,73.4,14.5,8.0,133,Moderate,1012.4,83.7,2025,2,4,1,Tuesday,12.2,2121.26
2025-02-04,Hyderabad,Telangana,37.7,31.6,34.7,93.0,0.0,20.2,132,Moderate,994.2,46.9,2025,2,4,1,Tuesday,6.100000000000001,3227.1000000000004
2025-02-04,Ahmedabad,Gujarat,31.2,18.5,24.8,30.4,66.7,16.4,340,Very Poor,1001.7,45.6,2025,2,4,1,Tuesday,12.7,753.92
2025-02-04,Jaipur,Rajasthan,42.6,33.0,37.8,91.3,8.2,21.7,339,Very Poor,1021.2,13.7,2025,2,4,1,Tuesday,9.600000000000001,3451.1399999999994
2025-02-04,Lucknow,Uttar Pradesh,31.7,22.3,27.0,81.5,0.0,10.6,264,Poor,991.1,49.0,2025,2,4,1,Tuesday,9.399999999999999,2200.5
2025-02-04,Bhopal,Madhya Pradesh,31.0,21.4,26.2,44.3,7.8,10.7,191,Moderate,991.5,86.1,2025,2,4,1,Tuesday,9.600000000000001,1160.6599999999999
2025-02-05,Mumbai,Maharashtra,37.0,24.7,30.8,72.6,0.0,10.4,340,Very Poor,998.5,90.8,2025,2,5,2,Wednesday,12.3,2236.08
2025-02-05,Delhi,Delhi,32.2,26.0,29.1,44.5,6.7,23.2,337,Very Poor,1023.7,5.9,2025,2,5,2,Wednesday,6.200000000000003,1294.95
2025-02-05,Bengaluru,Karnataka,39.8,34.0,36.9,57.0,0.0,4.9,341,Very Poor,1006.5,97.0,2025,2,5,2,Wednesday,5.799999999999997,2103.2999999999997
2025-02-05,Chennai,Tamil Nadu,29.6,21.4,25.5,89.0,78.1,6.9,293,Poor,1016.6,9.6,2025,2,5,2,Wednesday,8.200000000000003,2269.5
2025-02-05,Kolkata,West Bengal,37.0,22.5,29.8,92.4,0.0,22.2,231,Poor,1018.5,96.6,2025,2,5,2,Wednesday,14.5,2753.5200000000004
2025-02-05,Hyderabad,Telangana,30.1,24.9,27.5,44.5,0.0,22.1,197,Moderate,1003.8,34.3,2025,2,5,2,Wednesday,5.200000000000003,1223.75
2025-02-05,Ahmedabad,Gujarat,33.8,19.7,26.8,60.4,69.0,16.9,57,Satisfactory,998.8,27.7,2025,2,5,2,Wednesday,14.099999999999998,1618.72
2025-02-05,Jaipur,Rajasthan,26.5,12.4,19.5,36.3,58.9,5.9,119,Moderate,1005.3,28.9,2025,2,5,2,Wednesday,14.1,707.8499999999999
2025-02-05,Lucknow,Uttar Pradesh,31.1,20.2,25.6,31.1,23.1,15.4,291,Poor,1020.4,23.6,2025,2,5,2,Wednesday,10.900000000000002,796.1600000000001
2025-02-05,Bhopal,Madhya Pradesh,33.3,26.5,29.9,79.5,7.6,5.3,79,Satisfactory,1001.3,47.9,2025,2,5,2,Wednesday,6.799999999999997,2377.0499999999997
2025-02-06,Mumbai,Maharashtra,40.8,30.5,35.6,91.4,0.0,5.4,168,Moderate,1019.7,99.1,2025,2,6,3,Thursday,10.299999999999997,3253.84
2025-02-06,Delhi,Delhi,41.2,29.9,35.6,92.3,0.0,14.5,233,Poor,999.4,52.3,2025,2,6,3,Thursday,11.300000000000004,3285.88
2025-02-06,Bengaluru,Karnataka,26.6,14.2,20.4,75.9,0.0,12.6,54,Satisfactory,994.8,66.5,2025,2,6,3,Thursday,12.400000000000002,1548.36
2025-02-06,Chennai,Tamil Nadu,32.5,26.7,29.6,30.2,0.0,7.5,304,Very Poor,1021.9,92.7,2025,2,6,3,Thursday,5.800000000000001,893.9200000000001
2025-02-06,Kolkata,West Bengal,35.9,30.1,33.0,35.7,0.0,9.5,266,Poor,1012.5,81.7,2025,2,6,3,Thursday,5.799999999999997,1178.1000000000001
2025-02-06,Hyderabad,Telangana,37.3,30.0,33.7,47.1,0.0,6.3,214,Poor,1013.8,42.0,2025,2,6,3,Thursday,7.299999999999997,1587.2700000000002
2025-02-06,Ahmedabad,Gujarat,37.3,24.5,30.9,82.4,0.0,21.4,89,Satisfactory,1019.6,33.5,2025,2,6,3,Thursday,12.799999999999997,2546.16
2025-02-06,Jaipur,Rajasthan,26.4,15.7,21.0,35.9,6.8,22.2,51,Satisfactory,1003.2,90.7,2025,2,6,3,Thursday,10.7,753.9
2025-02-06,Lucknow,Uttar Pradesh,27.3,18.1,22.7,68.6,0.0,22.4,333,Very Poor,1008.7,60.8,2025,2,6,3,Thursday,9.2,1557.2199999999998
2025-02-06,Bhopal,Madhya Pradesh,40.3,30.9,35.6,61.0,0.0,9.2,80,Satisfactory,1017.2,29.4,2025,2,6,3,Thursday,9.399999999999999,2171.6
2025-02-07,Mumbai,Maharashtra,29.4,17.6,23.5,69.9,32.5,12.4,343,Very Poor,1008.0,95.1,2025,2,7,4,Friday,11.799999999999997,1642.65
2025-02-07,Delhi,Delhi,38.2,23.8,31.0,65.2,0.0,15.9,172,Moderate,1005.4,89.0,2025,2,7,4,Friday,14.400000000000002,2021.2
2025-02-07,Bengaluru,Karnataka,30.5,25.4,27.9,93.1,8.3,20.6,212,Poor,1022.6,41.7,2025,2,7,4,Friday,5.100000000000001,2597.49
2025-02-07,Chennai,Tamil Nadu,27.0,12.3,19.6,94.0,0.0,12.0,56,Satisfactory,1000.3,55.1,2025,2,7,4,Friday,14.7,1842.4
2025-02-07,Kolkata,West Bengal,44.8,35.6,40.2,90.3,0.0,24.9,60,Satisfactory,1017.0,28.7,2025,2,7,4,Friday,9.199999999999996,3630.06
2025-02-07,Hyderabad,Telangana,38.9,30.9,34.9,44.4,0.0,23.7,99,Satisfactory,1013.8,89.9,2025,2,7,4,Friday,8.0,1549.56
2025-02-07,Ahmedabad,Gujarat,30.9,24.9,27.9,49.8,9.7,14.0,41,Good,1017.3,57.6,2025,2,7,4,Friday,6.0,1389.4199999999998
2025-02-07,Jaipur,Rajasthan,35.0,24.0,29.5,47.3,2.1,5.4,149,Moderate,1015.2,45.2,2025,2,7,4,Friday,11.0,1395.35
2025-02-07,Lucknow,Uttar Pradesh,41.1,31.1,36.1,54.6,35.8,13.6,128,Moderate,997.3,63.2,2025,2,7,4,Friday,10.0,1971.0600000000002
2025-02-07,Bhopal,Madhya Pradesh,27.9,22.1,25.0,45.7,68.7,8.2,233,Poor,1013.1,26.9,2025,2,7,4,Friday,5.799999999999997,1142.5
2025-02-08,Mumbai,Maharashtra,42.7,37.3,40.0,94.0,8.3,19.7,148,Moderate,1024.8,78.2,2025,2,8,5,Saturday,5.400000000000006,3760.0
2025-02-08,Delhi,Delhi,37.3,28.9,33.1,93.1,9.0,22.9,189,Moderate,998.5,60.1,2025,2,8,5,Saturday,8.399999999999999,3081.61
2025-02-08,Bengaluru,Karnataka,40.4,31.6,36.0,76.1,0.0,4.7,248,Poor,991.1,55.6,2025,2,8,5,Saturday,8.799999999999997,2739.6
2025-02-08,Chennai,Tamil Nadu,27.5,16.4,22.0,68.9,1.6,2.4,267,Poor,995.1,99.6,2025,2,8,5,Saturday,11.100000000000001,1515.8000000000002
2025-02-08,Kolkata,West Bengal,34.3,23.0,28.6,85.0,0.0,16.7,174,Moderate,992.5,94.9,2025,2,8,5,Saturday,11.299999999999997,2431.0
2025-02-08,Hyderabad,Telangana,32.4,18.3,25.4,37.7,0.0,19.6,112,Moderate,992.4,41.5,2025,2,8,5,Saturday,14.099999999999998,957.58
2025-02-08,Ahmedabad,Gujarat,39.8,32.5,36.2,59.8,8.2,11.9,311,Very Poor,1010.0,70.5,2025,2,8,5,Saturday,7.299999999999997,2164.76
2025-02-08,Jaipur,Rajasthan,42.8,28.5,35.6,82.7,1.6,22.2,243,Poor,1022.4,53.4,2025,2,8,5,Saturday,14.299999999999997,2944.1200000000003
2025-02-08,Lucknow,Uttar Pradesh,25.2,14.5,19.8,60.8,9.6,3.3,49,Good,1004.1,71.1,2025,2,8,5,Saturday,10.7,1203.84
2025-02-08,Bhopal,Madhya Pradesh,29.7,15.8,22.8,38.4,50.6,21.2,175,Moderate,1024.1,76.6,2025,2,8,5,Saturday,13.899999999999999,875.52
2025-02-09,Mumbai,Maharashtra,43.9,34.7,39.3,52.8,67.0,10.2,54,Satisfactory,1006.2,90.3,2025,2,9,6,Sunday,9.199999999999996,2075.04
2025-02-09,Delhi,Delhi,40.7,31.1,35.9,54.5,4.5,23.3,266,Poor,1007.2,84.1,2025,2,9,6,Sunday,9.600000000000001,1956.55
2025-02-09,Bengaluru,Karnataka,31.6,20.7,26.2,73.3,37.7,16.7,104,Moderate,1001.7,28.8,2025,2,9,6,Sunday,10.900000000000002,1920.4599999999998
2025-02-09,Chennai,Tamil Nadu,33.0,26.1,29.6,38.8,0.0,3.0,98,Satisfactory,991.2,30.4,2025,2,9,6,Sunday,6.899999999999999,1148.48
2025-02-09,Kolkata,West Bengal,35.8,26.2,31.0,51.1,0.0,8.8,118,Moderate,1024.1,97.8,2025,2,9,6,Sunday,9.599999999999998,1584.1000000000001
2025-02-09,Hyderabad,Telangana,28.3,18.4,23.4,61.3,0.0,4.6,82,Satisfactory,1010.0,93.6,2025,2,9,6,Sunday,9.900000000000002,1434.4199999999998
2025-02-09,Ahmedabad,Gujarat,39.1,29.7,34.4,49.1,0.0,12.2,169,Moderate,992.8,61.5,2025,2,9,6,Sunday,9.400000000000002,1689.04
2025-02-09,Jaipur,Rajasthan,26.7,15.8,21.3,30.6,0.0,16.9,169,Moderate,1023.2,21.3,2025,2,9,6,Sunday,10.899999999999999,651.7800000000001
2025-02-09,Lucknow,Uttar Pradesh,36.5,27.0,31.8,70.3,0.0,19.1,270,Poor,998.4,85.5,2025,2,9,6,Sunday,9.5,2235.54
2025-02-09,Bhopal,Madhya Pradesh,26.0,19.0,22.5,49.0,0.0,7.7,209,Poor,1003.2,22.4,2025,2,9,6,Sunday,7.0,1102.5
2025-02-10,Mumbai,Maharashtra,34.6,26.4,30.5,63.6,0.0,14.4,44,Good,1005.5,23.7,2025,2,10,0,Monday,8.200000000000003,1939.8
2025-02-10,Delhi,Delhi,28.0,22.6,25.3,58.1,0.0,14.4,59,Satisfactory,1015.3,50.5,2025,2,10,0,Monday,5.399999999999999,1469.93
2025-02-10,Bengaluru,Karnataka,25.4,18.2,21.8,57.6,32.9,4.1,297,Poor,1023.2,86.4,2025,2,10,0,Monday,7.199999999999999,1255.68
2025-02-10,Chennai,Tamil Nadu,42.3,36.5,39.4,39.8,0.0,21.1,249,Poor,998.8,28.2,2025,2,10,0,Monday,5.799999999999997,1568.12
2025-02-10,Kolkata,West Bengal,26.9,18.3,22.6,49.2,8.5,5.0,259,Poor,1022.5,35.6,2025,2,10,0,Monday,8.599999999999998,1111.92
2025-02-10,Hyderabad,Telangana,44.1,34.0,39.0,63.0,37.3,5.1,170,Moderate,1022.1,68.4,2025,2,10,0,Monday,10.100000000000001,2457.0
2025-02-10,Ahmedabad,Gujarat,35.9,29.4,32.7,44.1,36.9,10.5,268,Poor,1008.3,20.4,2025,2,10,0,Monday,6.5,1442.0700000000002
2025-02-10,Jaipur,Rajasthan,36.2,26.8,31.5,91.6,56.2,15.0,66,Satisfactory,1018.9,43.9,2025,2,10,0,Monday,9.400000000000002,2885.3999999999996
2025-02-10,Lucknow,Uttar Pradesh,44.9,38.2,41.6,46.3,0.0,15.8,281,Poor,1024.9,10.0,2025,2,10,0,Monday,6.699999999999996,1926.08
2025-02-10,Bhopal,Madhya Pradesh,27.6,22.4,25.0,71.5,0.0,5.9,177,Moderate,1021.7,30.7,2025,2,10,0,Monday,5.200000000000003,1787.5
2025-02-11,Mumbai,Maharashtra,42.9,32.4,37.6,90.6,0.0,7.3,282,Poor,1024.7,31.4,2025,2,11,1,Tuesday,10.5,3406.56
2025-02-11,Delhi,Delhi,31.3,23.1,27.2,36.8,0.0,7.2,159,Moderate,998.8,52.9,2025,2,11,1,Tuesday,8.2,1000.9599999999999
2025-02-11,Bengaluru,Karnataka,26.5,16.1,21.3,81.2,0.0,20.9,200,Moderate,1007.7,54.6,2025,2,11,1,Tuesday,10.399999999999999,1729.5600000000002
2025-02-11,Chennai,Tamil Nadu,31.5,23.3,27.4,71.1,0.5,10.2,65,Satisfactory,997.6,25.3,2025,2,11,1,Tuesday,8.2,1948.1399999999996
2025-02-11,Kolkata,West Bengal,26.8,20.1,23.5,31.2,31.4,24.8,192,Moderate,996.5,25.2,2025,2,11,1,Tuesday,6.699999999999999,733.1999999999999
2025-02-11,Hyderabad,Telangana,28.0,17.9,23.0,56.0,3.3,24.7,206,Poor,997.8,89.4,2025,2,11,1,Tuesday,10.100000000000001,1288.0
2025-02-11,Ahmedabad,Gujarat,36.8,22.9,29.8,91.3,0.0,16.1,153,Moderate,1019.0,67.5,2025,2,11,1,Tuesday,13.899999999999999,2720.74
2025-02-11,Jaipur,Rajasthan,33.4,27.9,30.6,90.1,50.6,11.7,58,Satisfactory,1018.0,81.4,2025,2,11,1,Tuesday,5.5,2757.06
2025-02-11,Lucknow,Uttar Pradesh,33.2,21.3,27.3,57.5,0.0,11.5,198,Moderate,991.0,19.2,2025,2,11,1,Tuesday,11.900000000000002,1569.75
2025-02-11,Bhopal,Madhya Pradesh,36.5,30.0,33.2,79.1,0.0,5.4,159,Moderate,1016.5,58.9,2025,2,11,1,Tuesday,6.5,2626.12
2025-02-12,Mumbai,Maharashtra,32.1,25.6,28.9,52.2,45.2,20.3,180,Moderate,991.0,88.7,2025,2,12,2,Wednesday,6.5,1508.58
2025-02-12,Delhi,Delhi,28.8,16.3,22.6,51.0,0.0,4.1,178,Moderate,1017.5,49.7,2025,2,12,2,Wednesday,12.5,1152.6000000000001
2025-02-12,Bengaluru,Karnataka,25.0,11.9,18.4,62.0,0.0,10.4,96,Satisfactory,1010.2,48.8,2025,2,12,2,Wednesday,13.1,1140.8
2025-02-12,Chennai,Tamil Nadu,31.0,23.0,27.0,94.5,3.3,11.7,224,Poor,1005.5,57.1,2025,2,12,2,Wednesday,8.0,2551.5
2025-02-12,Kolkata,West Bengal,36.8,31.5,34.1,83.2,0.0,19.6,242,Poor,1010.4,76.8,2025,2,12,2,Wednesday,5.299999999999997,2837.1200000000003
2025-02-12,Hyderabad,Telangana,27.1,19.1,23.1,63.0,24.5,19.2,234,Poor,1002.1,77.7,2025,2,12,2,Wednesday,8.0,1455.3000000000002
2025-02-12,Ahmedabad,Gujarat,25.1,16.3,20.7,48.9,27.6,13.2,94,Satisfactory,1019.7,25.4,2025,2,12,2,Wednesday,8.8,1012.2299999999999
2025-02-12,Jaipur,Rajasthan,42.8,32.8,37.8,88.2,0.0,5.6,54,Satisfactory,1013.9,80.7,2025,2,12,2,Wednesday,10.0,3333.96
2025-02-12,Lucknow,Uttar Pradesh,44.7,32.8,38.8,50.9,0.0,13.4,175,Moderate,1017.4,67.7,2025,2,12,2,Wednesday,11.900000000000006,1974.9199999999998
2025-02-12,Bhopal,Madhya Pradesh,27.4,12.8,20.1,47.6,2.9,24.6,174,Moderate,1023.9,91.8,2025,2,12,2,Wednesday,14.599999999999998,956.7600000000001
2025-02-13,Mumbai,Maharashtra,28.3,17.5,22.9,31.1,0.0,12.9,297,Poor,1003.8,40.1,2025,2,13,3,Thursday,10.8,712.1899999999999
2025-02-13,Delhi,Delhi,38.5,24.1,31.3,58.9,2.8,21.4,203,Poor,996.4,88.5,2025,2,13,3,Thursday,14.399999999999999,1843.57
2025-02-13,Bengaluru,Karnataka,27.9,16.5,22.2,63.8,0.4,14.8,113,Moderate,999.9,93.2,2025,2,13,3,Thursday,11.399999999999999,1416.36
2025-02-13,Chennai,Tamil Nadu,30.1,21.5,25.8,88.1,57.8,20.0,271,Poor,996.0,79.9,2025,2,13,3,Thursday,8.600000000000001,2272.98
2025-02-13,Kolkata,West Bengal,29.7,21.4,25.5,76.2,2.5,22.3,228,Poor,992.6,47.4,2025,2,13,3,Thursday,8.3,1943.1000000000001
2025-02-13,Hyderabad,Telangana,38.5,23.6,31.0,74.4,0.0,3.7,69,Satisfactory,1009.6,39.1,2025,2,13,3,Thursday,14.899999999999999,2306.4
2025-02-13,Ahmedabad,Gujarat,31.1,19.4,25.3,87.2,0.0,17.3,51,Satisfactory,1009.2,93.0,2025,2,13,3,Thursday,11.700000000000003,2206.1600000000003
2025-02-13,Jaipur,Rajasthan,34.4,27.5,30.9,64.9,0.0,20.7,305,Very Poor,999.8,5.6,2025,2,13,3,Thursday,6.899999999999999,2005.41
2025-02-13,Lucknow,Uttar Pradesh,27.4,22.2,24.8,53.0,3.9,11.3,198,Moderate,1007.1,30.1,2025,2,13,3,Thursday,5.199999999999999,1314.4
2025-02-13,Bhopal,Madhya Pradesh,40.3,26.3,33.3,93.1,0.0,2.2,56,Satisfactory,1016.9,22.0,2025,2,13,3,Thursday,13.999999999999996,3100.2299999999996
2025-02-14,Mumbai,Maharashtra,43.5,30.6,37.0,36.7,69.1,14.5,253,Poor,1014.6,77.4,2025,2,14,4,Friday,12.899999999999999,1357.9
2025-02-14,Delhi,Delhi,37.9,27.5,32.7,61.1,0.0,19.6,69,Satisfactory,997.5,55.6,2025,2,14,4,Friday,10.399999999999999,1997.9700000000003
2025-02-14,Bengaluru,Karnataka,37.4,22.9,30.2,77.0,0.0,12.0,61,Satisfactory,1007.4,99.1,2025,2,14,4,Friday,14.5,2325.4
2025-02-14,Chennai,Tamil Nadu,38.9,30.3,34.6,35.1,9.4,7.5,173,Moderate,1016.7,83.7,2025,2,14,4,Friday,8.599999999999998,1214.46
2025-02-14,Kolkata,West Bengal,36.4,21.7,29.1,85.0,4.5,2.6,333,Very Poor,1010.6,98.5,2025,2,14,4,Friday,14.7,2473.5
2025-02-14,Hyderabad,Telangana,41.6,35.6,38.6,94.6,6.1,21.7,325,Very Poor,993.9,92.1,2025,2,14,4,Friday,6.0,3651.56
2025-02-14,Ahmedabad,Gujarat,25.3,11.3,18.3,91.5,0.0,10.0,336,Very Poor,1016.6,39.0,2025,2,14,4,Friday,14.0,1674.45
2025-02-14,Jaipur,Rajasthan,44.9,36.7,40.8,63.1,0.0,5.8,319,Very Poor,991.9,15.1,2025,2,14,4,Friday,8.199999999999996,2574.48
2025-02-14,Lucknow,Uttar Pradesh,30.6,24.8,27.7,70.5,0.8,15.6,175,Moderate,991.5,48.7,2025,2,14,4,Friday,5.800000000000001,1952.85
2025-02-14,Bhopal,Madhya Pradesh,35.9,23.6,29.7,48.4,65.5,22.5,204,Poor,1006.7,54.5,2025,2,14,4,Friday,12.299999999999997,1437.48
2025-02-15,Mumbai,Maharashtra,42.4,29.0,35.7,50.2,0.0,23.9,318,Very Poor,999.3,22.2,2025,2,15,5,Saturday,13.399999999999999,1792.1400000000003
2025-02-15,Delhi,Delhi,26.7,19.1,22.9,58.5,0.0,6.6,303,Very Poor,1010.1,43.7,2025,2,15,5,Saturday,7.599999999999998,1339.6499999999999
2025-02-15,Bengaluru,Karnataka,33.3,23.9,28.6,68.5,1.3,8.3,294,Poor,1014.0,14.3,2025,2,15,5,Saturday,9.399999999999999,1959.1000000000001
2025-02-15,Chennai,Tamil Nadu,44.8,36.0,40.4,62.9,0.0,17.0,107,Moderate,1012.8,41.3,2025,2,15,5,Saturday,8.799999999999997,2541.16
2025-02-15,Kolkata,West Bengal,29.8,16.8,23.3,34.3,0.0,13.6,284,Poor,1021.4,63.7,2025,2,15,5,Saturday,13.0,799.1899999999999
2025-02-15,Hyderabad,Telangana,37.0,25.0,31.0,58.1,0.0,14.1,62,Satisfactory,1001.1,27.0,2025,2,15,5,Saturday,12.0,1801.1000000000001
2025-02-15,Ahmedabad,Gujarat,39.4,31.5,35.4,55.3,0.0,20.4,198,Moderate,999.0,57.5,2025,2,15,5,Saturday,7.899999999999999,1957.62
2025-02-15,Jaipur,Rajasthan,29.8,23.6,26.7,43.7,29.3,11.2,246,Poor,1020.2,57.2,2025,2,15,5,Saturday,6.199999999999999,1166.79
2025-02-15,Lucknow,Uttar Pradesh,28.1,20.4,24.3,63.2,0.0,3.2,270,Poor,1006.0,64.7,2025,2,15,5,Saturday,7.700000000000003,1535.7600000000002
2025-02-15,Bhopal,Madhya Pradesh,27.8,21.1,24.4,60.6,0.0,11.9,118,Moderate,992.8,78.5,2025,2,15,5,Saturday,6.699999999999999,1478.6399999999999
2025-02-16,Mumbai,Maharashtra,39.1,29.3,34.2,69.8,0.0,17.4,144,Moderate,1017.9,56.3,2025,2,16,6,Sunday,9.8,2387.1600000000003
2025-02-16,Delhi,Delhi,44.6,36.8,40.7,91.7,0.0,2.1,345,Very Poor,999.1,13.3,2025,2,16,6,Sunday,7.800000000000004,3732.1900000000005
2025-02-16,Bengaluru,Karnataka,40.2,35.2,37.7,44.5,6.7,13.6,237,Poor,1012.9,61.7,2025,2,16,6,Sunday,5.0,1677.65
2025-02-16,Chennai,Tamil Nadu,29.6,20.9,25.2,33.3,5.9,6.7,230,Poor,1005.3,22.2,2025,2,16,6,Sunday,8.700000000000003,839.1599999999999
2025-02-16,Kolkata,West Bengal,42.0,29.3,35.6,91.4,0.0,7.0,167,Moderate,1005.7,99.4,2025,2,16,6,Sunday,12.7,3253.84
2025-02-16,Hyderabad,Telangana,29.0,14.5,21.8,55.1,6.9,20.9,165,Moderate,1019.3,68.4,2025,2,16,6,Sunday,14.5,1201.18
2025-02-16,Ahmedabad,Gujarat,38.3,25.0,31.7,52.8,0.0,3.2,81,Satisfactory,1017.3,18.2,2025,2,16,6,Sunday,13.299999999999997,1673.7599999999998
2025-02-16,Jaipur,Rajasthan,29.0,18.2,23.6,48.6,3.7,21.6,281,Poor,1010.2,87.3,2025,2,16,6,Sunday,10.8,1146.96
2025-02-16,Lucknow,Uttar Pradesh,44.1,38.4,41.2,31.9,1.8,11.8,328,Very Poor,1007.9,83.8,2025,2,16,6,Sunday,5.700000000000003,1314.28
2025-02-16,Bhopal,Madhya Pradesh,39.6,27.0,33.3,50.8,4.7,17.7,80,Satisfactory,992.3,8.8,2025,2,16,6,Sunday,12.600000000000001,1691.6399999999999
2025-02-17,Mumbai,Maharashtra,36.6,26.3,31.4,91.3,0.0,21.5,215,Poor,1006.1,67.1,2025,2,17,0,Monday,10.3,2866.8199999999997
2025-02-17,Delhi,Delhi,27.1,21.6,24.4,54.5,3.7,24.3,195,Moderate,1020.0,52.2,2025,2,17,0,Monday,5.5,1329.8
2025-02-17,Bengaluru,Karnataka,38.5,32.3,35.4,95.0,73.7,15.4,225,Poor,993.6,59.5,2025,2,17,0,Monday,6.200000000000003,3363.0
2025-02-17,Chennai,Tamil Nadu,40.8,35.3,38.0,60.3,0.0,22.0,125,Moderate,995.1,84.9,2025,2,17,0,Monday,5.5,2291.4
2025-02-17,Kolkata,West Bengal,44.2,32.2,38.2,55.9,2.9,22.6,282,Poor,1016.4,84.3,2025,2,17,0,Monday,12.0,2135.38
2025-02-17,Hyderabad,Telangana,44.6,32.0,38.3,43.7,32.5,10.7,244,Poor,1000.2,27.7,2025,2,17,0,Monday,12.600000000000001,1673.71
2025-02-17,Ahmedabad,Gujarat,27.2,12.6,19.9,49.1,0.0,11.6,52,Satisfactory,1002.9,30.9,2025,2,17,0,Monday,14.6,977.0899999999999
2025-02-17,Jaipur,Rajasthan,31.0,18.2,24.6,58.5,0.0,9.0,52,Satisfactory,1012.1,99.0,2025,2,17,0,Monday,12.8,1439.1000000000001
2025-02-17,Lucknow,Uttar Pradesh,28.4,21.6,25.0,59.1,43.4,2.3,87,Satisfactory,1002.8,77.3,2025,2,17,0,Monday,6.799999999999997,1477.5
2025-02-17,Bhopal,Madhya Pradesh,26.6,15.2,20.9,30.6,0.0,19.0,94,Satisfactory,998.5,14.8,2025,2,17,0,Monday,11.400000000000002,639.54
2025-02-18,Mumbai,Maharashtra,42.1,30.0,36.1,42.9,59.6,11.0,318,Very Poor,1020.3,47.4,2025,2,18,1,Tuesday,12.100000000000001,1548.69
2025-02-18,Delhi,Delhi,26.8,20.1,23.5,85.2,0.0,10.8,56,Satisfactory,990.4,7.5,2025,2,18,1,Tuesday,6.699999999999999,2002.2
2025-02-18,Bengaluru,Karnataka,36.9,29.1,33.0,39.4,9.4,22.6,217,Poor,995.7,25.4,2025,2,18,1,Tuesday,7.799999999999997,1300.2
2025-02-18,Chennai,Tamil Nadu,35.2,25.0,30.1,66.1,9.5,7.3,178,Moderate,1003.1,13.5,2025,2,18,1,Tuesday,10.200000000000003,1989.61
2025-02-18,Kolkata,West Bengal,41.1,35.1,38.1,47.9,3.8,20.1,197,Moderate,1019.3,60.5,2025,2,18,1,Tuesday,6.0,1824.99
2025-02-18,Hyderabad,Telangana,30.3,18.7,24.5,58.9,77.8,10.3,266,Poor,1002.9,86.0,2025,2,18,1,Tuesday,11.600000000000001,1443.05
2025-02-18,Ahmedabad,Gujarat,39.1,31.3,35.2,84.2,41.3,11.1,223,Poor,1012.9,49.3,2025,2,18,1,Tuesday,7.800000000000001,2963.84
2025-02-18,Jaipur,Rajasthan,25.8,16.2,21.0,66.2,0.0,22.3,66,Satisfactory,1004.1,71.0,2025,2,18,1,Tuesday,9.600000000000001,1390.2
2025-02-18,Lucknow,Uttar Pradesh,29.0,16.4,22.7,30.8,23.3,13.9,153,Moderate,1009.8,13.0,2025,2,18,1,Tuesday,12.600000000000001,699.16
2025-02-18,Bhopal,Madhya Pradesh,28.1,17.9,23.0,65.8,0.0,7.4,85,Satisfactory,1001.7,85.5,2025,2,18,1,Tuesday,10.200000000000003,1513.3999999999999
2025-02-19,Mumbai,Maharashtra,37.5,32.4,35.0,46.0,0.0,17.2,252,Poor,998.2,31.7,2025,2,19,2,Wednesday,5.100000000000001,1610.0
2025-02-19,Delhi,Delhi,35.8,30.6,33.2,73.6,6.2,14.0,224,Poor,997.2,58.1,2025,2,19,2,Wednesday,5.199999999999996,2443.52
2025-02-19,Bengaluru,Karnataka,43.4,31.0,37.2,49.6,1.3,6.0,264,Poor,992.2,72.6,2025,2,19,2,Wednesday,12.399999999999999,1845.1200000000001
2025-02-19,Chennai,Tamil Nadu,28.5,16.9,22.7,48.1,0.0,20.5,314,Very Poor,1007.5,33.3,2025,2,19,2,Wednesday,11.600000000000001,1091.87
2025-02-19,Kolkata,West Bengal,26.1,13.1,19.6,81.0,23.9,14.9,148,Moderate,991.6,89.6,2025,2,19,2,Wednesday,13.000000000000002,1587.6000000000001
2025-02-19,Hyderabad,Telangana,31.8,20.4,26.1,73.0,0.0,16.4,240,Poor,1020.1,51.0,2025,2,19,2,Wednesday,11.400000000000002,1905.3000000000002
2025-02-19,Ahmedabad,Gujarat,26.1,12.1,19.1,51.3,6.4,16.7,291,Poor,1014.6,92.5,2025,2,19,2,Wednesday,14.000000000000002,979.83
2025-02-19,Jaipur,Rajasthan,37.2,25.6,31.4,39.6,0.0,17.2,163,Moderate,995.2,6.7,2025,2,19,2,Wednesday,11.600000000000001,1243.44
2025-02-19,Lucknow,Uttar Pradesh,31.4,22.2,26.8,90.5,0.0,16.2,105,Moderate,1013.0,50.9,2025,2,19,2,Wednesday,9.2,2425.4
2025-02-19,Bhopal,Madhya Pradesh,25.6,17.9,21.7,59.7,0.0,20.3,265,Poor,1024.8,73.1,2025,2,19,2,Wednesday,7.700000000000003,1295.49
2025-02-20,Mumbai,Maharashtra,43.2,34.8,39.0,30.7,9.9,20.7,207,Poor,1003.9,56.4,2025,2,20,3,Thursday,8.400000000000006,1197.3
2025-02-20,Delhi,Delhi,29.4,23.2,26.3,65.3,0.0,18.3,167,Moderate,1020.5,59.9,2025,2,20,3,Thursday,6.199999999999999,1717.3899999999999
2025-02-20,Bengaluru,Karnataka,44.9,39.7,42.3,49.8,0.0,8.1,161,Moderate,999.0,53.0,2025,2,20,3,Thursday,5.199999999999996,2106.54
2025-02-20,Chennai,Tamil Nadu,37.8,27.6,32.7,41.9,0.0,5.8,197,Moderate,1017.9,71.8,2025,2,20,3,Thursday,10.199999999999996,1370.13
2025-02-20,Kolkata,West Bengal,31.1,21.5,26.3,71.4,0.0,3.0,89,Satisfactory,996.1,66.8,2025,2,20,3,Thursday,9.600000000000001,1877.8200000000002
2025-02-20,Hyderabad,Telangana,34.6,22.6,28.6,50.0,0.0,22.6,289,Poor,1014.2,39.3,2025,2,20,3,Thursday,12.0,1430.0
2025-02-20,Ahmedabad,Gujarat,39.8,26.8,33.3,71.7,3.9,5.0,235,Poor,1018.7,40.2,2025,2,20,3,Thursday,12.999999999999996,2387.6099999999997
2025-02-20,Jaipur,Rajasthan,35.0,24.8,29.9,78.0,0.0,21.3,135,Moderate,1021.0,20.6,2025,2,20,3,Thursday,10.2,2332.2
2025-02-20,Lucknow,Uttar Pradesh,30.6,16.3,23.5,43.3,1.7,22.4,221,Poor,1003.8,17.9,2025,2,20,3,Thursday,14.3,1017.55
2025-02-20,Bhopal,Madhya Pradesh,29.2,23.6,26.4,87.6,0.0,8.8,115,Moderate,1016.9,22.1,2025,2,20,3,Thursday,5.599999999999998,2312.64
2025-02-21,Mumbai,Maharashtra,30.1,15.6,22.9,77.4,1.4,20.5,188,Moderate,1013.5,23.6,2025,2,21,4,Friday,14.500000000000002,1772.46
2025-02-21,Delhi,Delhi,37.1,22.7,29.9,41.0,0.0,6.6,169,Moderate,1019.3,29.2,2025,2,21,4,Friday,14.400000000000002,1225.8999999999999
2025-02-21,Bengaluru,Karnataka,33.2,19.5,26.3,79.3,0.0,11.8,79,Satisfactory,999.6,80.3,2025,2,21,4,Friday,13.700000000000003,2085.59
2025-02-21,Chennai,Tamil Nadu,44.5,39.2,41.9,37.7,0.0,18.9,312,Very Poor,1002.5,8.7,2025,2,21,4,Friday,5.299999999999997,1579.63
2025-02-21,Kolkata,West Bengal,43.9,32.7,38.3,82.4,0.0,24.1,157,Moderate,1007.9,5.7,2025,2,21,4,Friday,11.199999999999996,3155.92
2025-02-21,Hyderabad,Telangana,25.2,17.8,21.5,59.6,0.0,14.7,266,Poor,1014.3,43.4,2025,2,21,4,Friday,7.399999999999999,1281.4
2025-02-21,Ahmedabad,Gujarat,28.3,22.0,25.2,84.6,40.3,11.8,44,Good,990.1,94.1,2025,2,21,4,Friday,6.300000000000001,2131.9199999999996
2025-02-21,Jaipur,Rajasthan,38.2,30.0,34.1,60.6,5.5,23.4,79,Satisfactory,993.0,81.0,2025,2,21,4,Friday,8.200000000000003,2066.46
2025-02-21,Lucknow,Uttar Pradesh,26.6,12.0,19.3,61.8,0.0,12.7,40,Good,1011.9,87.6,2025,2,21,4,Friday,14.600000000000001,1192.74
2025-02-21,Bhopal,Madhya Pradesh,29.3,23.3,26.3,36.3,9.5,16.8,77,Satisfactory,1019.7,10.5,2025,2,21,4,Friday,6.0,954.6899999999999
2025-02-22,Mumbai,Maharashtra,31.3,18.0,24.7,60.7,5.1,22.4,142,Moderate,1001.5,63.8,2025,2,22,5,Saturday,13.3,1499.29
2025-02-22,Delhi,Delhi,40.9,31.1,36.0,52.1,16.4,24.0,246,Poor,1006.7,26.0,2025,2,22,5,Saturday,9.799999999999997,1875.6000000000001
2025-02-22,Bengaluru,Karnataka,34.0,26.5,30.3,32.5,8.9,12.1,156,Moderate,1016.4,60.2,2025,2,22,5,Saturday,7.5,984.75
2025-02-22,Chennai,Tamil Nadu,41.9,26.9,34.4,88.5,7.8,21.6,278,Poor,1007.3,22.3,2025,2,22,5,Saturday,15.0,3044.4
2025-02-22,Kolkata,West Bengal,43.4,35.0,39.2,80.9,2.8,15.1,316,Very Poor,1017.3,82.3,2025,2,22,5,Saturday,8.399999999999999,3171.2800000000007
2025-02-22,Hyderabad,Telangana,43.0,37.5,40.3,38.0,0.0,2.2,275,Poor,1001.3,41.4,2025,2,22,5,Saturday,5.5,1531.3999999999999
2025-02-22,Ahmedabad,Gujarat,26.0,18.8,22.4,88.1,0.0,17.2,171,Moderate,992.6,32.2,2025,2,22,5,Saturday,7.199999999999999,1973.4399999999998
2025-02-22,Jaipur,Rajasthan,42.1,31.5,36.8,32.9,13.8,6.9,214,Poor,1007.1,11.9,2025,2,22,5,Saturday,10.600000000000001,1210.7199999999998
2025-02-22,Lucknow,Uttar Pradesh,34.9,25.8,30.4,32.3,8.8,15.2,329,Very Poor,1014.3,18.7,2025,2,22,5,Saturday,9.099999999999998,981.9199999999998
2025-02-22,Bhopal,Madhya Pradesh,30.7,19.1,24.9,69.4,0.0,19.2,168,Moderate,1010.9,12.2,2025,2,22,5,Saturday,11.599999999999998,1728.06
2025-02-23,Mumbai,Maharashtra,41.8,33.6,37.7,61.3,53.3,6.0,131,Moderate,1007.7,45.3,2025,2,23,6,Sunday,8.199999999999996,2311.01
2025-02-23,Delhi,Delhi,43.4,38.3,40.9,37.9,7.4,21.1,85,Satisfactory,998.9,23.2,2025,2,23,6,Sunday,5.100000000000001,1550.11
2025-02-23,Bengaluru,Karnataka,29.0,21.3,25.2,86.5,10.1,3.8,59,Satisfactory,1012.9,19.4,2025,2,23,6,Sunday,7.699999999999999,2179.7999999999997
2025-02-23,Chennai,Tamil Nadu,40.2,30.5,35.4,68.9,4.3,20.9,212,Poor,991.4,40.7,2025,2,23,6,Sunday,9.700000000000003,2439.06
2025-02-23,Kolkata,West Bengal,37.1,26.3,31.7,75.0,0.0,18.1,233,Poor,1010.7,41.7,2025,2,23,6,Sunday,10.8,2377.5
2025-02-23,Hyderabad,Telangana,38.0,27.2,32.6,43.3,71.9,19.3,182,Moderate,1014.4,19.6,2025,2,23,6,Sunday,10.8,1411.58
2025-02-23,Ahmedabad,Gujarat,27.2,14.0,20.6,48.9,67.0,19.3,139,Moderate,1009.8,61.8,2025,2,23,6,Sunday,13.2,1007.34
2025-02-23,Jaipur,Rajasthan,28.5,22.2,25.4,41.8,9.3,6.2,167,Moderate,1024.1,39.8,2025,2,23,6,Sunday,6.300000000000001,1061.7199999999998
2025-02-23,Lucknow,Uttar Pradesh,33.1,19.9,26.5,44.2,0.0,3.5,315,Very Poor,1017.1,25.8,2025,2,23,6,Sunday,13.200000000000003,1171.3000000000002
2025-02-23,Bhopal,Madhya Pradesh,27.6,16.4,22.0,75.0,32.1,19.7,215,Poor,1007.9,62.3,2025,2,23,6,Sunday,11.200000000000003,1650.0
2025-02-24,Mumbai,Maharashtra,43.9,30.0,37.0,45.3,0.0,23.9,144,Moderate,1012.7,9.8,2025,2,24,0,Monday,13.899999999999999,1676.1
2025-02-24,Delhi,Delhi,34.5,21.2,27.9,51.4,0.0,14.7,67,Satisfactory,1007.6,10.4,2025,2,24,0,Monday,13.3,1434.06
2025-02-24,Bengaluru,Karnataka,32.6,26.3,29.5,61.1,0.0,10.7,170,Moderate,994.5,28.5,2025,2,24,0,Monday,6.300000000000001,1802.45
2025-02-24,Chennai,Tamil Nadu,43.5,36.5,40.0,56.9,59.4,6.4,86,Satisfactory,990.6,35.6,2025,2,24,0,Monday,7.0,2276.0
2025-02-24,Kolkata,West Bengal,36.0,22.0,29.0,74.7,18.1,13.2,347,Very Poor,1022.3,74.9,2025,2,24,0,Monday,14.0,2166.3
2025-02-24,Hyderabad,Telangana,42.4,33.3,37.9,79.3,0.0,11.1,195,Moderate,993.9,21.9,2025,2,24,0,Monday,9.100000000000001,3005.47
2025-02-24,Ahmedabad,Gujarat,44.1,33.3,38.7,56.6,2.5,21.5,259,Poor,1004.0,57.3,2025,2,24,0,Monday,10.800000000000004,2190.42
2025-02-24,Jaipur,Rajasthan,26.2,17.7,21.9,77.4,0.0,17.6,49,Good,999.5,82.4,2025,2,24,0,Monday,8.5,1695.06
2025-02-24,Lucknow,Uttar Pradesh,28.8,21.0,24.9,90.1,0.0,20.9,348,Very Poor,1019.9,43.0,2025,2,24,0,Monday,7.800000000000001,2243.49
2025-02-24,Bhopal,Madhya Pradesh,42.0,27.3,34.7,86.3,0.0,20.0,283,Poor,997.5,74.6,2025,2,24,0,Monday,14.7,2994.61
2025-02-25,Mumbai,Maharashtra,39.3,25.8,32.6,56.9,0.0,16.8,115,Moderate,1009.7,23.7,2025,2,25,1,Tuesday,13.499999999999996,1854.94
2025-02-25,Delhi,Delhi,31.9,19.7,25.8,69.6,0.0,17.5,64,Satisfactory,994.3,99.8,2025,2,25,1,Tuesday,12.2,1795.6799999999998
2025-02-25,Bengaluru,Karnataka,39.8,29.4,34.6,35.6,0.4,2.9,122,Moderate,1014.7,67.3,2025,2,25,1,Tuesday,10.399999999999999,1231.76
2025-02-25,Chennai,Tamil Nadu,26.5,12.4,19.5,49.5,0.0,12.9,178,Moderate,991.8,99.3,2025,2,25,1,Tuesday,14.1,965.25
2025-02-25,Kolkata,West Bengal,45.0,36.1,40.6,52.6,0.0,3.8,279,Poor,1023.4,13.1,2025,2,25,1,Tuesday,8.899999999999999,2135.56
2025-02-25,Hyderabad,Telangana,35.8,30.2,33.0,30.1,9.4,12.1,228,Poor,998.4,69.6,2025,2,25,1,Tuesday,5.599999999999998,993.3000000000001
2025-02-25,Ahmedabad,Gujarat,39.5,30.9,35.2,94.2,15.6,16.9,180,Moderate,1001.4,77.4,2025,2,25,1,Tuesday,8.600000000000001,3315.84
2025-02-25,Jaipur,Rajasthan,25.4,13.9,19.7,45.8,0.0,3.1,130,Moderate,1020.9,58.2,2025,2,25,1,Tuesday,11.499999999999998,902.2599999999999
2025-02-25,Lucknow,Uttar Pradesh,38.7,25.7,32.2,69.9,17.7,7.4,87,Satisfactory,990.7,66.1,2025,2,25,1,Tuesday,13.000000000000004,2250.78
2025-02-25,Bhopal,Madhya Pradesh,44.8,31.1,38.0,69.5,8.4,16.9,306,Very Poor,991.0,95.1,2025,2,25,1,Tuesday,13.699999999999996,2641.0
2025-02-26,Mumbai,Maharashtra,44.1,31.8,37.9,56.8,0.0,7.1,137,Moderate,1009.3,70.0,2025,2,26,2,Wednesday,12.3,2152.72
2025-02-26,Delhi,Delhi,36.0,27.6,31.8,75.3,0.0,13.0,334,Very Poor,1017.0,56.5,2025,2,26,2,Wednesday,8.399999999999999,2394.54
2025-02-26,Bengaluru,Karnataka,26.1,18.2,22.1,44.3,0.0,8.6,152,Moderate,1008.3,99.6,2025,2,26,2,Wednesday,7.900000000000002,979.03
2025-02-26,Chennai,Tamil Nadu,28.1,18.2,23.2,50.2,5.7,23.0,334,Very Poor,997.0,83.0,2025,2,26,2,Wednesday,9.900000000000002,1164.64
2025-02-26,Kolkata,West Bengal,32.5,26.3,29.4,83.4,0.0,15.3,253,Poor,995.9,72.9,2025,2,26,2,Wednesday,6.199999999999999,2451.96
2025-02-26,Hyderabad,Telangana,42.7,32.1,37.4,67.3,6.2,17.2,237,Poor,1019.4,78.0,2025,2,26,2,Wednesday,10.600000000000001,2517.02
2025-02-26,Ahmedabad,Gujarat,28.2,14.0,21.1,53.9,0.0,22.4,67,Satisfactory,1017.8,79.7,2025,2,26,2,Wednesday,14.2,1137.29
2025-02-26,Jaipur,Rajasthan,42.6,31.6,37.1,60.6,0.0,13.9,126,Moderate,1012.3,90.4,2025,2,26,2,Wednesday,11.0,2248.26
2025-02-26,Lucknow,Uttar Pradesh,40.9,27.9,34.4,38.3,0.3,14.8,242,Poor,1018.5,64.1,2025,2,26,2,Wednesday,13.0,1317.5199999999998
2025-02-26,Bhopal,Madhya Pradesh,25.6,19.7,22.6,77.1,0.0,16.1,188,Moderate,993.7,68.5,2025,2,26,2,Wednesday,5.900000000000002,1742.46
2025-02-27,Mumbai,Maharashtra,37.1,26.4,31.7,79.6,0.0,19.5,344,Very Poor,1005.1,21.8,2025,2,27,3,Thursday,10.700000000000003,2523.3199999999997
2025-02-27,Delhi,Delhi,34.9,28.8,31.8,73.6,7.4,6.0,160,Moderate,1002.9,20.4,2025,2,27,3,Thursday,6.099999999999998,2340.48
2025-02-27,Bengaluru,Karnataka,36.3,26.8,31.5,68.6,0.0,7.8,294,Poor,997.0,72.2,2025,2,27,3,Thursday,9.499999999999996,2160.8999999999996
2025-02-27,Chennai,Tamil Nadu,39.4,28.0,33.7,50.0,0.0,22.9,199,Moderate,992.8,52.8,2025,2,27,3,Thursday,11.399999999999999,1685.0000000000002
2025-02-27,Kolkata,West Bengal,41.7,27.6,34.7,91.1,0.0,13.2,61,Satisfactory,1021.4,48.3,2025,2,27,3,Thursday,14.100000000000001,3161.17
2025-02-27,Hyderabad,Telangana,29.0,19.7,24.4,45.4,0.0,4.1,233,Poor,1020.9,70.8,2025,2,27,3,Thursday,9.3,1107.76
2025-02-27,Ahmedabad,Gujarat,37.1,28.2,32.6,83.5,0.0,17.5,246,Poor,998.3,91.6,2025,2,27,3,Thursday,8.900000000000002,2722.1
2025-02-27,Jaipur,Rajasthan,32.4,23.2,27.8,74.9,0.0,24.5,52,Satisfactory,995.9,75.5,2025,2,27,3,Thursday,9.2,2082.2200000000003
2025-02-27,Lucknow,Uttar Pradesh,33.6,22.3,28.0,34.6,0.0,13.6,65,Satisfactory,1017.5,16.7,2025,2,27,3,Thursday,11.3,968.8000000000001
2025-02-27,Bhopal,Madhya Pradesh,33.0,19.2,26.1,85.6,5.6,8.4,110,Moderate,996.0,33.6,2025,2,27,3,Thursday,13.8,2234.16
2025-02-28,Mumbai,Maharashtra,37.5,26.6,32.0,68.9,0.0,12.9,162,Moderate,1024.9,31.8,2025,2,28,4,Friday,10.899999999999999,2204.8
2025-02-28,Delhi,Delhi,38.5,24.7,31.6,38.2,0.0,8.6,159,Moderate,1013.7,28.4,2025,2,28,4,Friday,13.8,1207.1200000000001
2025-02-28,Bengaluru,Karnataka,42.9,32.0,37.5,36.2,0.0,17.2,345,Very Poor,1016.7,50.7,2025,2,28,4,Friday,10.899999999999999,1357.5
2025-02-28,Chennai,Tamil Nadu,43.3,37.7,40.5,47.3,0.0,11.8,69,Satisfactory,991.8,17.1,2025,2,28,4,Friday,5.599999999999994,1915.6499999999999
2025-02-28,Kolkata,West Bengal,25.9,16.1,21.0,51.7,17.2,4.0,296,Poor,1011.7,28.5,2025,2,28,4,Friday,9.799999999999997,1085.7
2025-02-28,Hyderabad,Telangana,26.2,11.7,19.0,33.1,2.5,23.9,265,Poor,1005.0,76.9,2025,2,28,4,Friday,14.5,628.9
2025-02-28,Ahmedabad,Gujarat,36.4,24.5,30.5,32.5,0.0,22.1,80,Satisfactory,1019.2,87.0,2025,2,28,4,Friday,11.899999999999999,991.25
2025-02-28,Jaipur,Rajasthan,29.9,24.6,27.2,93.9,0.0,2.9,162,Moderate,999.1,14.3,2025,2,28,4,Friday,5.299999999999997,2554.08
2025-02-28,Lucknow,Uttar Pradesh,44.3,32.4,38.3,75.9,66.8,24.1,109,Moderate,993.5,88.6,2025,2,28,4,Friday,11.899999999999999,2906.97
2025-02-28,Bhopal,Madhya Pradesh,32.9,24.5,28.7,73.9,6.0,12.1,200,Moderate,990.1,44.4,2025,2,28,4,Friday,8.399999999999999,2120.9300000000003
2025-03-01,Mumbai,Maharashtra,26.4,19.9,23.1,94.6,0.0,10.7,54,Satisfactory,1009.0,49.7,2025,3,1,5,Saturday,6.5,2185.26
2025-03-01,Delhi,Delhi,31.3,25.1,28.2,61.8,79.7,24.7,124,Moderate,990.5,74.3,2025,3,1,5,Saturday,6.199999999999999,1742.7599999999998
2025-03-01,Bengaluru,Karnataka,42.3,29.2,35.7,57.5,0.0,24.6,125,Moderate,1021.1,23.2,2025,3,1,5,Saturday,13.099999999999998,2052.75
2025-03-01,Chennai,Tamil Nadu,27.2,12.3,19.7,89.0,5.6,6.7,68,Satisfactory,1022.7,55.0,2025,3,1,5,Saturday,14.899999999999999,1753.3
2025-03-01,Kolkata,West Bengal,32.9,21.9,27.4,52.9,7.0,16.8,181,Moderate,1007.9,29.2,2025,3,1,5,Saturday,11.0,1449.4599999999998
2025-03-01,Hyderabad,Telangana,30.9,16.5,23.7,89.0,1.6,24.4,200,Moderate,1006.2,73.6,2025,3,1,5,Saturday,14.399999999999999,2109.2999999999997
2025-03-01,Ahmedabad,Gujarat,26.4,20.9,23.7,37.9,3.0,18.5,330,Very Poor,1024.0,34.5,2025,3,1,5,Saturday,5.5,898.2299999999999
2025-03-01,Jaipur,Rajasthan,37.3,27.3,32.3,73.4,7.1,18.7,252,Poor,1024.9,91.6,2025,3,1,5,Saturday,9.999999999999996,2370.82
2025-03-01,Lucknow,Uttar Pradesh,39.2,24.8,32.0,92.9,0.0,21.1,165,Moderate,998.9,58.6,2025,3,1,5,Saturday,14.400000000000002,2972.8
2025-03-01,Bhopal,Madhya Pradesh,31.9,23.8,27.9,85.6,7.7,24.6,205,Poor,1003.9,57.4,2025,3,1,5,Saturday,8.099999999999998,2388.24
2025-03-02,Mumbai,Maharashtra,43.7,35.2,39.5,94.1,0.0,11.8,156,Moderate,1012.7,54.1,2025,3,2,6,Sunday,8.5,3716.95
2025-03-02,Delhi,Delhi,36.2,22.9,29.5,84.5,0.0,2.2,209,Poor,1000.2,36.2,2025,3,2,6,Sunday,13.300000000000004,2492.75
2025-03-02,Bengaluru,Karnataka,43.1,29.7,36.4,45.1,56.1,2.7,342,Very Poor,1006.2,98.9,2025,3,2,6,Sunday,13.400000000000002,1641.64
2025-03-02,Chennai,Tamil Nadu,31.6,26.6,29.1,68.1,32.7,9.7,147,Moderate,1011.4,73.6,2025,3,2,6,Sunday,5.0,1981.71
2025-03-02,Kolkata,West Bengal,32.0,22.3,27.2,84.3,1.1,14.8,236,Poor,1022.8,62.2,2025,3,2,6,Sunday,9.7,2292.96
2025-03-02,Hyderabad,Telangana,37.0,24.8,30.9,38.8,9.0,16.2,83,Satisfactory,997.3,8.9,2025,3,2,6,Sunday,12.2,1198.9199999999998
2025-03-02,Ahmedabad,Gujarat,30.4,16.6,23.5,85.6,30.2,7.4,269,Poor,1024.9,29.4,2025,3,2,6,Sunday,13.799999999999997,2011.6
2025-03-02,Jaipur,Rajasthan,33.3,27.0,30.2,46.6,6.8,6.7,167,Moderate,1005.7,53.7,2025,3,2,6,Sunday,6.299999999999997,1407.32
2025-03-02,Lucknow,Uttar Pradesh,29.0,19.3,24.2,75.0,0.0,8.3,117,Moderate,992.8,17.9,2025,3,2,6,Sunday,9.7,1815.0
2025-03-02,Bhopal,Madhya Pradesh,29.0,21.9,25.4,45.0,0.0,17.8,60,Satisfactory,998.3,21.3,2025,3,2,6,Sunday,7.100000000000001,1143.0
2025-03-03,Mumbai,Maharashtra,35.0,21.6,28.3,33.8,0.0,22.2,151,Moderate,1020.3,10.4,2025,3,3,0,Monday,13.399999999999999,956.54
2025-03-03,Delhi,Delhi,38.4,23.9,31.2,82.3,1.8,12.8,72,Satisfactory,1009.2,62.9,2025,3,3,0,Monday,14.5,2567.7599999999998
2025-03-03,Bengaluru,Karnataka,42.1,28.5,35.3,60.4,0.0,4.6,147,Moderate,990.7,91.7,2025,3,3,0,Monday,13.600000000000001,2132.12
2025-03-03,Chennai,Tamil Nadu,26.7,17.1,21.9,34.9,0.0,15.3,174,Moderate,1013.0,68.5,2025,3,3,0,Monday,9.599999999999998,764.31
2025-03-03,Kolkata,West Bengal,37.9,29.8,33.8,58.7,0.0,3.8,144,Moderate,1007.7,56.0,2025,3,3,0,Monday,8.099999999999998,1984.06
2025-03-03,Hyderabad,Telangana,44.5,33.9,39.2,87.8,23.3,22.4,109,Moderate,1006.5,28.1,2025,3,3,0,Monday,10.600000000000001,3441.76
2025-03-03,Ahmedabad,Gujarat,41.1,35.4,38.3,71.5,6.4,18.2,298,Poor,1002.3,50.9,2025,3,3,0,Monday,5.700000000000003,2738.45
2025-03-03,Jaipur,Rajasthan,35.5,24.3,29.9,56.8,0.0,9.7,112,Moderate,1015.0,64.0,2025,3,3,0,Monday,11.2,1698.32
2025-03-03,Lucknow,Uttar Pradesh,42.5,36.8,39.7,69.4,4.8,17.1,332,Very Poor,1016.6,44.4,2025,3,3,0,Monday,5.700000000000003,2755.1800000000003
2025-03-03,Bhopal,Madhya Pradesh,31.9,21.6,26.7,90.7,17.6,24.3,196,Moderate,1017.0,51.0,2025,3,3,0,Monday,10.299999999999997,2421.69
2025-03-04,Mumbai,Maharashtra,30.1,20.8,25.5,58.0,0.0,17.3,153,Moderate,1008.1,86.9,2025,3,4,1,Tuesday,9.3,1479.0
2025-03-04,Delhi,Delhi,33.2,22.5,27.8,43.2,0.0,22.9,191,Moderate,1011.5,19.6,2025,3,4,1,Tuesday,10.700000000000003,1200.96
2025-03-04,Bengaluru,Karnataka,40.3,28.9,34.6,87.5,0.0,16.9,285,Poor,998.3,60.8,2025,3,4,1,Tuesday,11.399999999999999,3027.5
2025-03-04,Chennai,Tamil Nadu,36.5,27.4,32.0,72.0,1.5,13.8,198,Moderate,999.8,80.8,2025,3,4,1,Tuesday,9.100000000000001,2304.0
2025-03-04,Kolkata,West Bengal,26.2,12.0,19.1,79.9,40.6,19.8,127,Moderate,1008.7,67.0,2025,3,4,1,Tuesday,14.2,1526.0900000000001
2025-03-04,Hyderabad,Telangana,28.9,21.2,25.0,49.1,7.4,14.0,199,Moderate,1003.5,33.5,2025,3,4,1,Tuesday,7.699999999999999,1227.5
2025-03-04,Ahmedabad,Gujarat,31.4,22.1,26.7,78.0,6.3,20.7,187,Moderate,997.1,99.5,2025,3,4,1,Tuesday,9.299999999999997,2082.6
2025-03-04,Jaipur,Rajasthan,39.4,27.6,33.5,66.8,0.0,4.9,41,Good,996.4,72.7,2025,3,4,1,Tuesday,11.799999999999997,2237.7999999999997
2025-03-04,Lucknow,Uttar Pradesh,42.8,31.5,37.1,58.7,18.8,18.4,140,Moderate,1001.8,11.7,2025,3,4,1,Tuesday,11.299999999999997,2177.77
2025-03-04,Bhopal,Madhya Pradesh,28.7,15.8,22.3,76.8,0.0,12.4,155,Moderate,1014.9,11.4,2025,3,4,1,Tuesday,12.899999999999999,1712.64
2025-03-05,Mumbai,Maharashtra,36.4,27.8,32.1,61.2,0.0,5.2,315,Very Poor,1008.4,21.6,2025,3,5,2,Wednesday,8.599999999999998,1964.5200000000002
2025-03-05,Delhi,Delhi,41.7,33.2,37.4,84.0,5.4,17.6,41,Good,992.9,34.9,2025,3,5,2,Wednesday,8.5,3141.6
2025-03-05,Bengaluru,Karnataka,31.3,23.0,27.2,71.0,0.0,21.0,185,Moderate,1004.0,44.4,2025,3,5,2,Wednesday,8.3,1931.2
2025-03-05,Chennai,Tamil Nadu,40.0,30.2,35.1,35.9,0.0,2.7,149,Moderate,999.9,62.7,2025,3,5,2,Wednesday,9.8,1260.09
2025-03-05,Kolkata,West Bengal,39.2,30.2,34.7,93.7,66.0,6.7,264,Poor,1016.3,35.6,2025,3,5,2,Wednesday,9.000000000000004,3251.3900000000003
2025-03-05,Hyderabad,Telangana,32.5,24.6,28.5,92.3,2.2,9.0,325,Very Poor,1006.0,18.6,2025,3,5,2,Wednesday,7.899999999999999,2630.5499999999997
2025-03-05,Ahmedabad,Gujarat,44.4,32.0,38.2,85.2,0.0,15.0,242,Poor,996.4,58.5,2025,3,5,2,Wednesday,12.399999999999999,3254.6400000000003
2025-03-05,Jaipur,Rajasthan,27.6,21.3,24.5,32.3,0.0,19.9,270,Poor,995.0,45.6,2025,3,5,2,Wednesday,6.300000000000001,791.3499999999999
2025-03-05,Lucknow,Uttar Pradesh,36.5,25.9,31.2,40.2,0.0,22.0,120,Moderate,1002.3,44.6,2025,3,5,2,Wednesday,10.600000000000001,1254.24
2025-03-05,Bhopal,Madhya Pradesh,42.5,31.1,36.8,59.2,0.0,10.2,64,Satisfactory,1004.4,34.9,2025,3,5,2,Wednesday,11.399999999999999,2178.56
2025-03-06,Mumbai,Maharashtra,25.7,19.0,22.4,46.4,52.8,9.8,219,Poor,1004.1,73.4,2025,3,6,3,Thursday,6.699999999999999,1039.36
2025-03-06,Delhi,Delhi,35.6,24.8,30.2,68.0,56.8,23.8,43,Good,1004.8,8.4,2025,3,6,3,Thursday,10.8,2053.6
2025-03-06,Bengaluru,Karnataka,27.5,21.7,24.6,54.3,0.0,13.8,281,Poor,993.6,83.6,2025,3,6,3,Thursday,5.800000000000001,1335.78
2025-03-06,Chennai,Tamil Nadu,32.7,18.6,25.7,42.1,0.0,3.9,228,Poor,996.0,87.0,2025,3,6,3,Thursday,14.100000000000001,1081.97
2025-03-06,Kolkata,West Bengal,29.7,19.8,24.8,37.0,0.0,10.3,144,Moderate,1023.2,42.9,2025,3,6,3,Thursday,9.899999999999999,917.6
2025-03-06,Hyderabad,Telangana,30.5,19.8,25.1,66.3,0.3,16.2,99,Satisfactory,1020.4,31.3,2025,3,6,3,Thursday,10.7,1664.13
2025-03-06,Ahmedabad,Gujarat,38.9,32.1,35.5,35.9,0.0,8.7,196,Moderate,994.5,76.7,2025,3,6,3,Thursday,6.799999999999997,1274.45
2025-03-06,Jaipur,Rajasthan,29.1,16.6,22.9,78.8,0.0,23.5,128,Moderate,991.8,30.4,2025,3,6,3,Thursday,12.5,1804.5199999999998
2025-03-06,Lucknow,Uttar Pradesh,37.6,26.1,31.9,43.4,2.2,23.5,77,Satisfactory,1019.0,43.2,2025,3,6,3,Thursday,11.5,1384.4599999999998
2025-03-06,Bhopal,Madhya Pradesh,37.6,29.1,33.3,57.7,0.0,6.4,324,Very Poor,1011.3,89.0,2025,3,6,3,Thursday,8.5,1921.4099999999999
2025-03-07,Mumbai,Maharashtra,36.2,30.8,33.5,53.6,9.2,8.2,298,Poor,990.9,59.9,2025,3,7,4,Friday,5.400000000000002,1795.6000000000001
2025-03-07,Delhi,Delhi,44.8,31.3,38.1,66.0,0.0,23.9,277,Poor,1008.6,95.4,2025,3,7,4,Friday,13.499999999999996,2514.6
2025-03-07,Bengaluru,Karnataka,28.0,21.4,24.7,53.0,2.7,12.0,171,Moderate,992.0,97.7,2025,3,7,4,Friday,6.600000000000001,1309.1
2025-03-07,Chennai,Tamil Nadu,42.0,36.3,39.2,82.7,1.8,22.9,308,Very Poor,1001.2,15.4,2025,3,7,4,Friday,5.700000000000003,3241.84
2025-03-07,Kolkata,West Bengal,31.6,24.3,28.0,61.6,0.0,8.4,280,Poor,1005.8,41.5,2025,3,7,4,Friday,7.300000000000001,1724.8
2025-03-07,Hyderabad,Telangana,43.4,37.4,40.4,83.5,58.1,9.7,140,Moderate,1019.1,69.0,2025,3,7,4,Friday,6.0,3373.4
2025-03-07,Ahmedabad,Gujarat,39.1,29.0,34.0,42.3,1.8,14.2,173,Moderate,1007.5,22.1,2025,3,7,4,Friday,10.100000000000001,1438.1999999999998
2025-03-07,Jaipur,Rajasthan,42.4,28.9,35.7,73.0,0.0,11.2,280,Poor,994.6,49.3,2025,3,7,4,Friday,13.5,2606.1000000000004
2025-03-07,Lucknow,Uttar Pradesh,28.1,14.3,21.2,67.0,0.0,16.3,253,Poor,1019.3,88.0,2025,3,7,4,Friday,13.8,1420.3999999999999
2025-03-07,Bhopal,Madhya Pradesh,29.0,22.1,25.5,87.3,0.0,11.7,307,Very Poor,1005.4,94.8,2025,3,7,4,Friday,6.899999999999999,2226.15
2025-03-08,Mumbai,Maharashtra,42.3,33.2,37.8,37.0,0.0,8.1,318,Very Poor,1007.9,34.0,2025,3,8,5,Saturday,9.099999999999994,1398.6
2025-03-08,Delhi,Delhi,44.4,35.3,39.8,34.6,36.4,4.1,275,Poor,994.2,71.4,2025,3,8,5,Saturday,9.100000000000001,1377.08
2025-03-08,Bengaluru,Karnataka,34.4,26.6,30.5,50.1,25.8,3.5,41,Good,1004.3,76.0,2025,3,8,5,Saturday,7.799999999999997,1528.05
2025-03-08,Chennai,Tamil Nadu,42.6,30.5,36.5,34.8,9.0,22.3,113,Moderate,1020.8,43.8,2025,3,8,5,Saturday,12.100000000000001,1270.1999999999998
2025-03-08,Kolkata,West Bengal,30.1,17.5,23.8,90.4,0.8,10.9,147,Moderate,999.7,22.9,2025,3,8,5,Saturday,12.600000000000001,2151.52
2025-03-08,Hyderabad,Telangana,44.4,29.7,37.0,51.5,31.0,6.9,100,Satisfactory,1018.9,38.6,2025,3,8,5,Saturday,14.7,1905.5
2025-03-08,Ahmedabad,Gujarat,43.7,36.6,40.1,94.5,10.7,15.5,218,Poor,1004.8,12.8,2025,3,8,5,Saturday,7.100000000000001,3789.4500000000003
2025-03-08,Jaipur,Rajasthan,32.9,23.0,28.0,71.0,6.4,9.8,120,Moderate,1001.5,50.3,2025,3,8,5,Saturday,9.899999999999999,1988.0
2025-03-08,Lucknow,Uttar Pradesh,32.5,19.1,25.8,85.9,0.0,16.6,50,Good,1018.2,75.1,2025,3,8,5,Saturday,13.399999999999999,2216.2200000000003
2025-03-08,Bhopal,Madhya Pradesh,39.6,27.4,33.5,36.4,0.0,20.9,90,Satisfactory,996.5,7.9,2025,3,8,5,Saturday,12.200000000000003,1219.3999999999999
2025-03-09,Mumbai,Maharashtra,34.1,23.8,28.9,85.8,0.0,5.0,122,Moderate,993.0,56.2,2025,3,9,6,Sunday,10.3,2479.62
2025-03-09,Delhi,Delhi,38.7,32.3,35.5,36.7,4.7,21.3,214,Poor,994.1,82.2,2025,3,9,6,Sunday,6.400000000000006,1302.8500000000001
2025-03-09,Bengaluru,Karnataka,35.1,29.1,32.1,78.1,0.0,14.2,267,Poor,1012.6,89.6,2025,3,9,6,Sunday,6.0,2507.0099999999998
2025-03-09,Chennai,Tamil Nadu,44.2,31.6,37.9,49.4,0.0,15.2,271,Poor,1014.6,12.9,2025,3,9,6,Sunday,12.600000000000001,1872.2599999999998
2025-03-09,Kolkata,West Bengal,27.9,22.6,25.2,63.7,0.0,14.3,105,Moderate,991.8,72.6,2025,3,9,6,Sunday,5.299999999999997,1605.24
2025-03-09,Hyderabad,Telangana,40.9,32.8,36.8,61.1,8.9,5.7,167,Moderate,991.7,62.5,2025,3,9,6,Sunday,8.100000000000001,2248.48
2025-03-09,Ahmedabad,Gujarat,43.2,34.7,38.9,56.7,0.0,23.7,202,Poor,1008.9,84.9,2025,3,9,6,Sunday,8.5,2205.63
2025-03-09,Jaipur,Rajasthan,40.4,34.9,37.7,81.9,0.0,19.1,79,Satisfactory,994.6,23.3,2025,3,9,6,Sunday,5.5,3087.6300000000006
2025-03-09,Lucknow,Uttar Pradesh,25.1,13.5,19.3,47.6,0.0,13.6,172,Moderate,1002.9,52.0,2025,3,9,6,Sunday,11.600000000000001,918.6800000000001
2025-03-09,Bhopal,Madhya Pradesh,41.5,36.2,38.8,86.4,0.0,8.8,179,Moderate,1011.5,78.0,2025,3,9,6,Sunday,5.299999999999997,3352.32
2025-03-10,Mumbai,Maharashtra,34.3,28.7,31.5,90.1,8.5,9.2,182,Moderate,1015.6,54.1,2025,3,10,0,Monday,5.599999999999998,2838.1499999999996
2025-03-10,Delhi,Delhi,26.1,11.5,18.8,84.4,0.0,15.2,123,Moderate,1019.6,93.8,2025,3,10,0,Monday,14.600000000000001,1586.7200000000003
2025-03-10,Bengaluru,Karnataka,37.1,24.9,31.0,44.7,4.1,21.9,147,Moderate,1020.7,68.7,2025,3,10,0,Monday,12.200000000000003,1385.7
2025-03-10,Chennai,Tamil Nadu,38.2,24.6,31.4,70.7,4.2,22.3,306,Very Poor,1021.6,42.4,2025,3,10,0,Monday,13.600000000000001,2219.98
2025-03-10,Kolkata,West Bengal,36.4,31.0,33.7,71.3,29.3,3.3,156,Moderate,1023.1,20.1,2025,3,10,0,Monday,5.399999999999999,2402.81
2025-03-10,Hyderabad,Telangana,33.3,21.0,27.2,44.0,9.9,4.4,123,Moderate,1006.7,94.8,2025,3,10,0,Monday,12.299999999999997,1196.8
2025-03-10,Ahmedabad,Gujarat,27.9,18.1,23.0,90.5,4.9,23.5,81,Satisfactory,991.7,19.6,2025,3,10,0,Monday,9.799999999999997,2081.5
2025-03-10,Jaipur,Rajasthan,26.7,18.7,22.7,44.9,0.0,23.7,119,Moderate,995.4,41.9,2025,3,10,0,Monday,8.0,1019.2299999999999
2025-03-10,Lucknow,Uttar Pradesh,36.0,23.6,29.8,83.1,5.2,5.6,342,Very Poor,998.6,68.8,2025,3,10,0,Monday,12.399999999999999,2476.38
2025-03-10,Bhopal,Madhya Pradesh,32.5,25.2,28.9,86.5,0.0,2.4,84,Satisfactory,1005.8,67.4,2025,3,10,0,Monday,7.300000000000001,2499.85
2025-03-11,Mumbai,Maharashtra,40.3,34.0,37.1,64.7,3.2,3.5,168,Moderate,996.7,89.8,2025,3,11,1,Tuesday,6.299999999999997,2400.3700000000003
2025-03-11,Delhi,Delhi,34.5,27.9,31.2,94.7,0.0,22.1,157,Moderate,1005.1,46.5,2025,3,11,1,Tuesday,6.600000000000001,2954.64
2025-03-11,Bengaluru,Karnataka,25.6,12.7,19.1,59.7,5.4,20.3,75,Satisfactory,1009.4,90.9,2025,3,11,1,Tuesday,12.900000000000002,1140.2700000000002
2025-03-11,Chennai,Tamil Nadu,40.7,30.1,35.4,45.0,31.1,20.1,335,Very Poor,1012.6,13.6,2025,3,11,1,Tuesday,10.600000000000001,1593.0
2025-03-11,Kolkata,West Bengal,31.1,20.0,25.6,82.2,0.0,4.3,177,Moderate,1015.3,19.7,2025,3,11,1,Tuesday,11.100000000000001,2104.32
2025-03-11,Hyderabad,Telangana,30.0,20.8,25.4,35.0,7.6,17.2,97,Satisfactory,1004.6,87.3,2025,3,11,1,Tuesday,9.2,889.0
2025-03-11,Ahmedabad,Gujarat,30.3,23.9,27.1,54.8,9.9,17.0,341,Very Poor,990.6,94.8,2025,3,11,1,Tuesday,6.400000000000002,1485.08
2025-03-11,Jaipur,Rajasthan,43.5,33.5,38.5,44.3,0.0,18.3,165,Moderate,1017.8,24.9,2025,3,11,1,Tuesday,10.0,1705.55
2025-03-11,Lucknow,Uttar Pradesh,44.2,36.7,40.4,52.5,0.0,4.3,133,Moderate,990.1,59.7,2025,3,11,1,Tuesday,7.5,2121.0
2025-03-11,Bhopal,Madhya Pradesh,25.4,11.8,18.6,68.0,0.0,7.2,312,Very Poor,1021.3,22.0,2025,3,11,1,Tuesday,13.599999999999998,1264.8000000000002
2025-03-12,Mumbai,Maharashtra,41.1,33.0,37.0,32.2,17.7,11.3,104,Moderate,991.1,57.9,2025,3,12,2,Wednesday,8.100000000000001,1191.4
2025-03-12,Delhi,Delhi,29.7,23.1,26.4,79.5,0.0,14.7,182,Moderate,1002.1,7.7,2025,3,12,2,Wednesday,6.599999999999998,2098.7999999999997
2025-03-12,Bengaluru,Karnataka,36.4,28.9,32.7,79.8,0.0,22.0,295,Poor,1009.1,22.6,2025,3,12,2,Wednesday,7.5,2609.46
2025-03-12,Chennai,Tamil Nadu,40.7,25.9,33.3,36.1,6.0,24.5,147,Moderate,1008.6,70.1,2025,3,12,2,Wednesday,14.800000000000004,1202.1299999999999
2025-03-12,Kolkata,West Bengal,31.0,22.6,26.8,32.5,0.0,12.6,183,Moderate,1016.8,52.7,2025,3,12,2,Wednesday,8.399999999999999,871.0
2025-03-12,Hyderabad,Telangana,29.6,16.1,22.9,35.9,0.0,10.1,143,Moderate,990.5,20.8,2025,3,12,2,Wednesday,13.5,822.1099999999999
2025-03-12,Ahmedabad,Gujarat,36.1,29.8,32.9,73.9,0.0,4.8,234,Poor,990.5,74.5,2025,3,12,2,Wednesday,6.300000000000001,2431.31
2025-03-12,Jaipur,Rajasthan,34.5,28.5,31.5,43.5,43.6,25.0,111,Moderate,1018.0,29.5,2025,3,12,2,Wednesday,6.0,1370.25
2025-03-12,Lucknow,Uttar Pradesh,30.1,15.2,22.6,51.8,7.1,15.7,192,Moderate,995.9,21.6,2025,3,12,2,Wednesday,14.900000000000002,1170.68
2025-03-12,Bhopal,Madhya Pradesh,44.0,30.0,37.0,40.8,0.0,4.7,334,Very Poor,1002.9,95.7,2025,3,12,2,Wednesday,14.0,1509.6
2025-03-13,Mumbai,Maharashtra,36.2,24.8,30.5,44.4,0.0,2.1,344,Very Poor,1003.5,85.8,2025,3,13,3,Thursday,11.400000000000002,1354.2
2025-03-13,Delhi,Delhi,38.4,25.9,32.1,47.1,0.0,4.0,70,Satisfactory,1015.9,25.9,2025,3,13,3,Thursday,12.5,1511.91
2025-03-13,Bengaluru,Karnataka,34.6,28.8,31.7,70.9,28.0,21.0,149,Moderate,993.8,76.1,2025,3,13,3,Thursday,5.800000000000001,2247.53
2025-03-13,Chennai,Tamil Nadu,40.0,27.0,33.5,39.8,0.0,3.8,41,Good,991.0,15.5,2025,3,13,3,Thursday,13.0,1333.3
2025-03-13,Kolkata,West Bengal,31.5,23.5,27.5,37.2,79.4,7.8,320,Very Poor,1016.9,94.0,2025,3,13,3,Thursday,8.0,1023.0000000000001
2025-03-13,Hyderabad,Telangana,42.7,29.8,36.3,49.0,0.0,25.0,279,Poor,1002.5,96.0,2025,3,13,3,Thursday,12.900000000000002,1778.6999999999998
2025-03-13,Ahmedabad,Gujarat,33.2,27.0,30.1,45.4,68.1,5.0,120,Moderate,995.5,9.0,2025,3,13,3,Thursday,6.200000000000003,1366.54
2025-03-13,Jaipur,Rajasthan,41.4,34.4,37.9,65.6,4.5,13.6,126,Moderate,1001.7,70.4,2025,3,13,3,Thursday,7.0,2486.24
2025-03-13,Lucknow,Uttar Pradesh,37.9,23.3,30.6,77.4,4.2,9.5,293,Poor,1014.7,46.3,2025,3,13,3,Thursday,14.599999999999998,2368.4400000000005
2025-03-13,Bhopal,Madhya Pradesh,30.9,16.5,23.7,67.4,0.0,5.4,182,Moderate,992.4,35.6,2025,3,13,3,Thursday,14.399999999999999,1597.38
2025-03-14,Mumbai,Maharashtra,32.2,27.1,29.7,67.6,0.0,14.0,180,Moderate,993.3,29.4,2025,3,14,4,Friday,5.100000000000001,2007.7199999999998
2025-03-14,Delhi,Delhi,28.4,18.9,23.6,52.3,65.6,14.2,163,Moderate,1010.1,94.9,2025,3,14,4,Friday,9.5,1234.28
2025-03-14,Bengaluru,Karnataka,36.1,27.3,31.7,65.5,64.9,3.5,101,Moderate,1018.0,28.0,2025,3,14,4,Friday,8.8,2076.35
2025-03-14,Chennai,Tamil Nadu,38.9,33.4,36.1,60.1,0.0,23.1,149,Moderate,1015.2,17.0,2025,3,14,4,Friday,5.5,2169.61
2025-03-14,Kolkata,West Bengal,43.6,31.4,37.5,68.6,0.0,19.7,114,Moderate,994.5,97.1,2025,3,14,4,Friday,12.200000000000003,2572.5
2025-03-14,Hyderabad,Telangana,34.0,28.7,31.3,65.8,27.5,11.8,76,Satisfactory,1004.5,49.0,2025,3,14,4,Friday,5.300000000000001,2059.54
2025-03-14,Ahmedabad,Gujarat,32.9,24.5,28.7,60.2,8.6,2.9,63,Satisfactory,1001.1,49.9,2025,3,14,4,Friday,8.399999999999999,1727.74
2025-03-14,Jaipur,Rajasthan,35.9,27.8,31.8,94.5,0.0,2.9,305,Very Poor,993.2,69.6,2025,3,14,4,Friday,8.099999999999998,3005.1
2025-03-14,Lucknow,Uttar Pradesh,28.1,19.1,23.6,53.0,22.8,18.8,222,Poor,1023.4,31.4,2025,3,14,4,Friday,9.0,1250.8000000000002
2025-03-14,Bhopal,Madhya Pradesh,39.6,27.5,33.6,31.4,0.0,14.5,256,Poor,1001.0,88.5,2025,3,14,4,Friday,12.100000000000001,1055.04
2025-03-15,Mumbai,Maharashtra,29.5,24.1,26.8,49.0,0.5,19.1,88,Satisfactory,1006.4,62.0,2025,3,15,5,Saturday,5.399999999999999,1313.2
2025-03-15,Delhi,Delhi,31.3,19.2,25.3,53.7,0.0,20.6,299,Poor,1006.4,16.0,2025,3,15,5,Saturday,12.100000000000001,1358.6100000000001
2025-03-15,Bengaluru,Karnataka,26.4,16.7,21.6,47.0,0.0,17.4,259,Poor,1008.6,19.0,2025,3,15,5,Saturday,9.7,1015.2
2025-03-15,Chennai,Tamil Nadu,34.9,23.5,29.2,32.9,0.0,7.2,58,Satisfactory,998.4,65.0,2025,3,15,5,Saturday,11.399999999999999,960.68
2025-03-15,Kolkata,West Bengal,33.7,23.5,28.6,50.0,14.0,18.6,257,Poor,1005.6,92.8,2025,3,15,5,Saturday,10.200000000000003,1430.0
2025-03-15,Hyderabad,Telangana,43.6,33.9,38.8,59.4,14.6,17.4,348,Very Poor,1011.6,93.0,2025,3,15,5,Saturday,9.700000000000003,2304.72
2025-03-15,Ahmedabad,Gujarat,28.3,15.8,22.0,67.7,78.4,18.0,204,Poor,1003.4,68.3,2025,3,15,5,Saturday,12.5,1489.4
2025-03-15,Jaipur,Rajasthan,30.0,20.5,25.2,43.8,0.0,19.6,217,Poor,990.7,54.1,2025,3,15,5,Saturday,9.5,1103.76
2025-03-15,Lucknow,Uttar Pradesh,40.2,27.6,33.9,57.1,0.0,9.7,131,Moderate,998.2,16.4,2025,3,15,5,Saturday,12.600000000000001,1935.69
2025-03-15,Bhopal,Madhya Pradesh,34.2,24.4,29.3,67.9,0.0,11.7,226,Poor,991.7,61.9,2025,3,15,5,Saturday,9.800000000000004,1989.4700000000003
2025-03-16,Mumbai,Maharashtra,36.7,22.8,29.7,79.6,0.0,9.3,281,Poor,1013.0,47.6,2025,3,16,6,Sunday,13.900000000000002,2364.12
2025-03-16,Delhi,Delhi,32.7,25.5,29.1,48.9,0.0,2.4,47,Good,1015.1,43.0,2025,3,16,6,Sunday,7.200000000000003,1422.99
2025-03-16,Bengaluru,Karnataka,32.4,18.3,25.4,63.2,47.8,6.6,345,Very Poor,1000.1,71.5,2025,3,16,6,Sunday,14.099999999999998,1605.28
2025-03-16,Chennai,Tamil Nadu,41.5,31.0,36.2,35.5,0.0,8.0,86,Satisfactory,1003.6,84.5,2025,3,16,6,Sunday,10.5,1285.1000000000001
2025-03-16,Kolkata,West Bengal,31.1,23.5,27.3,49.2,27.1,11.7,97,Satisfactory,994.0,49.4,2025,3,16,6,Sunday,7.600000000000001,1343.16
2025-03-16,Hyderabad,Telangana,29.3,21.5,25.4,38.1,0.0,17.8,163,Moderate,1003.6,20.6,2025,3,16,6,Sunday,7.800000000000001,967.74
2025-03-16,Ahmedabad,Gujarat,36.1,30.7,33.4,72.5,0.0,2.0,277,Poor,992.6,92.8,2025,3,16,6,Sunday,5.400000000000002,2421.5
2025-03-16,Jaipur,Rajasthan,41.7,31.5,36.6,64.2,3.1,11.0,48,Good,1001.5,75.1,2025,3,16,6,Sunday,10.200000000000003,2349.7200000000003
2025-03-16,Lucknow,Uttar Pradesh,42.2,32.7,37.5,58.7,0.0,23.7,214,Poor,1024.5,55.0,2025,3,16,6,Sunday,9.5,2201.25
2025-03-16,Bhopal,Madhya Pradesh,36.1,26.2,31.2,91.4,17.6,6.9,337,Very Poor,1016.2,24.4,2025,3,16,6,Sunday,9.900000000000002,2851.6800000000003
2025-03-17,Mumbai,Maharashtra,40.8,26.6,33.7,91.8,0.9,20.5,108,Moderate,998.5,91.9,2025,3,17,0,Monday,14.199999999999996,3093.6600000000003
2025-03-17,Delhi,Delhi,42.3,32.2,37.3,63.5,0.0,11.8,149,Moderate,1006.8,75.2,2025,3,17,0,Monday,10.099999999999994,2368.5499999999997
2025-03-17,Bengaluru,Karnataka,33.1,19.1,26.1,78.9,66.8,23.6,126,Moderate,1019.3,64.8,2025,3,17,0,Monday,14.0,2059.2900000000004
2025-03-17,Chennai,Tamil Nadu,38.1,26.1,32.1,48.3,2.6,8.7,131,Moderate,1009.4,90.4,2025,3,17,0,Monday,12.0,1550.43
2025-03-17,Kolkata,West Bengal,44.3,34.6,39.5,36.6,0.0,21.4,222,Poor,1015.8,89.0,2025,3,17,0,Monday,9.699999999999996,1445.7
2025-03-17,Hyderabad,Telangana,33.7,26.0,29.9,67.9,37.5,16.7,138,Moderate,1019.3,63.9,2025,3,17,0,Monday,7.700000000000003,2030.21
2025-03-17,Ahmedabad,Gujarat,39.7,32.4,36.1,68.8,0.0,9.1,194,Moderate,993.9,83.3,2025,3,17,0,Monday,7.300000000000004,2483.68
2025-03-17,Jaipur,Rajasthan,31.9,21.9,26.9,79.0,0.0,22.5,160,Moderate,1009.5,18.0,2025,3,17,0,Monday,10.0,2125.1
2025-03-17,Lucknow,Uttar Pradesh,37.4,32.0,34.7,87.5,0.0,17.7,305,Very Poor,1006.0,14.8,2025,3,17,0,Monday,5.399999999999999,3036.2500000000005
2025-03-17,Bhopal,Madhya Pradesh,29.1,20.8,24.9,41.6,9.3,3.0,158,Moderate,1008.3,59.7,2025,3,17,0,Monday,8.3,1035.84
2025-03-18,Mumbai,Maharashtra,31.4,17.9,24.7,31.5,6.3,6.6,343,Very Poor,998.4,60.8,2025,3,18,1,Tuesday,13.5,778.05
2025-03-18,Delhi,Delhi,44.5,37.0,40.7,36.7,5.9,14.1,79,Satisfactory,1007.9,66.4,2025,3,18,1,Tuesday,7.5,1493.6900000000003
2025-03-18,Bengaluru,Karnataka,38.5,28.7,33.6,83.3,31.1,14.7,327,Very Poor,1022.5,70.5,2025,3,18,1,Tuesday,9.8,2798.88
2025-03-18,Chennai,Tamil Nadu,31.4,25.5,28.4,82.1,0.0,23.0,55,Satisfactory,996.2,63.6,2025,3,18,1,Tuesday,5.899999999999999,2331.64
2025-03-18,Kolkata,West Bengal,27.8,18.4,23.1,83.4,0.0,10.8,121,Moderate,995.6,8.5,2025,3,18,1,Tuesday,9.400000000000002,1926.5400000000002
2025-03-18,Hyderabad,Telangana,29.9,20.7,25.3,39.1,4.9,21.4,259,Poor,1018.2,42.0,2025,3,18,1,Tuesday,9.2,989.23
2025-03-18,Ahmedabad,Gujarat,40.1,33.0,36.6,85.9,4.6,17.6,189,Moderate,1009.3,25.2,2025,3,18,1,Tuesday,7.100000000000001,3143.9400000000005
2025-03-18,Jaipur,Rajasthan,33.0,18.3,25.6,83.6,0.0,10.7,223,Poor,1007.2,7.9,2025,3,18,1,Tuesday,14.7,2140.16
2025-03-18,Lucknow,Uttar Pradesh,32.2,21.5,26.8,30.6,0.0,20.1,42,Good,1014.5,86.2,2025,3,18,1,Tuesday,10.700000000000003,820.08
2025-03-18,Bhopal,Madhya Pradesh,30.2,19.7,25.0,91.2,0.0,13.3,168,Moderate,1005.4,79.0,2025,3,18,1,Tuesday,10.5,2280.0
2025-03-19,Mumbai,Maharashtra,31.4,25.5,28.4,33.0,0.0,18.4,307,Very Poor,991.4,52.1,2025,3,19,2,Wednesday,5.899999999999999,937.1999999999999
2025-03-19,Delhi,Delhi,34.1,23.9,29.0,61.6,0.0,6.1,333,Very Poor,1017.7,31.2,2025,3,19,2,Wednesday,10.200000000000003,1786.4
2025-03-19,Bengaluru,Karnataka,41.2,29.4,35.3,76.8,49.8,2.9,216,Poor,1000.2,9.9,2025,3,19,2,Wednesday,11.800000000000004,2711.0399999999995
2025-03-19,Chennai,Tamil Nadu,27.3,17.5,22.4,76.8,0.0,5.4,303,Very Poor,999.8,80.6,2025,3,19,2,Wednesday,9.8,1720.32
2025-03-19,Kolkata,West Bengal,29.4,23.4,26.4,85.1,0.0,22.1,124,Moderate,992.4,13.0,2025,3,19,2,Wednesday,6.0,2246.64
2025-03-19,Hyderabad,Telangana,38.0,31.3,34.7,83.1,0.0,24.7,348,Very Poor,1007.2,47.9,2025,3,19,2,Wednesday,6.699999999999999,2883.57
2025-03-19,Ahmedabad,Gujarat,42.3,32.7,37.5,57.2,1.0,9.1,110,Moderate,1016.4,77.5,2025,3,19,2,Wednesday,9.599999999999994,2145.0
2025-03-19,Jaipur,Rajasthan,37.3,29.7,33.5,81.3,0.0,2.8,114,Moderate,994.3,67.2,2025,3,19,2,Wednesday,7.599999999999998,2723.5499999999997
2025-03-19,Lucknow,Uttar Pradesh,37.6,28.5,33.0,75.0,0.0,9.8,89,Satisfactory,1012.2,75.3,2025,3,19,2,Wednesday,9.100000000000001,2475.0
2025-03-19,Bhopal,Madhya Pradesh,38.3,31.5,34.9,44.4,5.4,24.0,326,Very Poor,995.2,59.2,2025,3,19,2,Wednesday,6.799999999999997,1549.56
2025-03-20,Mumbai,Maharashtra,28.5,19.9,24.2,38.0,6.5,14.5,336,Very Poor,1016.1,8.4,2025,3,20,3,Thursday,8.600000000000001,919.6
2025-03-20,Delhi,Delhi,29.4,23.2,26.3,91.2,0.0,20.6,343,Very Poor,1011.3,74.5,2025,3,20,3,Thursday,6.199999999999999,2398.56
2025-03-20,Bengaluru,Karnataka,28.9,18.8,23.9,79.0,0.0,15.8,145,Moderate,1000.0,18.1,2025,3,20,3,Thursday,10.099999999999998,1888.1
2025-03-20,Chennai,Tamil Nadu,29.0,23.8,26.4,39.9,8.8,19.3,312,Very Poor,1009.7,24.8,2025,3,20,3,Thursday,5.199999999999999,1053.36
2025-03-20,Kolkata,West Bengal,34.5,27.8,31.1,57.9,0.0,10.3,147,Moderate,1013.0,93.9,2025,3,20,3,Thursday,6.699999999999999,1800.69
2025-03-20,Hyderabad,Telangana,32.1,19.7,25.9,64.5,67.0,15.6,196,Moderate,996.5,49.3,2025,3,20,3,Thursday,12.400000000000002,1670.55
2025-03-20,Ahmedabad,Gujarat,33.6,26.0,29.8,60.7,24.7,22.4,154,Moderate,1016.6,43.1,2025,3,20,3,Thursday,7.600000000000001,1808.8600000000001
2025-03-20,Jaipur,Rajasthan,39.3,28.2,33.8,69.0,53.3,4.0,252,Poor,1001.9,53.4,2025,3,20,3,Thursday,11.099999999999998,2332.2
2025-03-20,Lucknow,Uttar Pradesh,26.8,13.1,19.9,32.6,0.0,20.4,75,Satisfactory,1020.1,98.3,2025,3,20,3,Thursday,13.700000000000001,648.74
2025-03-20,Bhopal,Madhya Pradesh,35.5,29.8,32.6,40.2,14.4,4.9,101,Moderate,1012.0,64.4,2025,3,20,3,Thursday,5.699999999999999,1310.5200000000002
2025-03-21,Mumbai,Maharashtra,45.0,36.5,40.7,88.8,9.5,7.8,151,Moderate,994.2,59.1,2025,3,21,4,Friday,8.5,3614.1600000000003
2025-03-21,Delhi,Delhi,41.6,29.2,35.4,48.0,0.0,3.8,92,Satisfactory,1013.0,68.8,2025,3,21,4,Friday,12.400000000000002,1699.1999999999998
2025-03-21,Bengaluru,Karnataka,36.9,25.9,31.4,61.1,0.0,22.3,247,Poor,1003.5,45.3,2025,3,21,4,Friday,11.0,1918.54
2025-03-21,Chennai,Tamil Nadu,38.3,33.1,35.7,59.6,0.0,17.0,116,Moderate,1012.9,29.2,2025,3,21,4,Friday,5.199999999999996,2127.7200000000003
2025-03-21,Kolkata,West Bengal,32.4,25.0,28.7,74.4,25.1,12.6,207,Poor,994.4,25.2,2025,3,21,4,Friday,7.399999999999999,2135.28
2025-03-21,Hyderabad,Telangana,31.8,18.3,25.0,62.2,9.2,22.4,181,Moderate,1000.3,17.9,2025,3,21,4,Friday,13.5,1555.0
2025-03-21,Ahmedabad,Gujarat,44.2,32.9,38.6,71.9,0.0,3.8,243,Poor,1001.1,83.1,2025,3,21,4,Friday,11.300000000000004,2775.34
2025-03-21,Jaipur,Rajasthan,44.9,38.2,41.6,55.8,0.0,11.8,181,Moderate,1003.4,98.1,2025,3,21,4,Friday,6.699999999999996,2321.2799999999997
2025-03-21,Lucknow,Uttar Pradesh,42.2,28.3,35.3,40.3,0.0,22.1,140,Moderate,1000.2,37.8,2025,3,21,4,Friday,13.900000000000002,1422.5899999999997
2025-03-21,Bhopal,Madhya Pradesh,29.0,19.7,24.3,57.8,0.0,2.7,223,Poor,996.2,73.5,2025,3,21,4,Friday,9.3,1404.54
2025-03-22,Mumbai,Maharashtra,44.0,32.1,38.1,42.6,1.3,5.8,265,Poor,1011.1,87.2,2025,3,22,5,Saturday,11.899999999999999,1623.0600000000002
2025-03-22,Delhi,Delhi,38.3,25.4,31.8,36.8,0.0,23.0,254,Poor,997.8,67.9,2025,3,22,5,Saturday,12.899999999999999,1170.24
2025-03-22,Bengaluru,Karnataka,37.9,27.4,32.6,61.6,0.0,3.2,166,Moderate,1007.2,36.4,2025,3,22,5,Saturday,10.5,2008.16
2025-03-22,Chennai,Tamil Nadu,45.0,32.2,38.6,87.0,3.7,20.6,339,Very Poor,1009.2,90.1,2025,3,22,5,Saturday,12.799999999999997,3358.2000000000003
2025-03-22,Kolkata,West Bengal,34.4,27.2,30.8,63.6,9.9,18.0,137,Moderate,997.5,60.9,2025,3,22,5,Saturday,7.199999999999999,1958.88
2025-03-22,Hyderabad,Telangana,42.1,29.9,36.0,83.7,12.4,10.9,200,Moderate,996.3,13.7,2025,3,22,5,Saturday,12.200000000000003,3013.2000000000003
2025-03-22,Ahmedabad,Gujarat,28.0,17.3,22.7,77.3,0.0,13.4,328,Very Poor,995.7,88.2,2025,3,22,5,Saturday,10.7,1754.7099999999998
2025-03-22,Jaipur,Rajasthan,33.0,24.9,29.0,48.2,57.8,4.7,318,Very Poor,1006.7,69.2,2025,3,22,5,Saturday,8.100000000000001,1397.8000000000002
2025-03-22,Lucknow,Uttar Pradesh,32.6,24.5,28.6,89.3,0.0,5.4,153,Moderate,1003.8,73.6,2025,3,22,5,Saturday,8.100000000000001,2553.98
2025-03-22,Bhopal,Madhya Pradesh,31.2,18.4,24.8,94.3,69.2,20.4,245,Poor,1024.3,76.0,2025,3,22,5,Saturday,12.8,2338.64
2025-03-23,Mumbai,Maharashtra,38.9,24.9,31.9,74.4,25.1,12.3,150,Moderate,995.6,81.0,2025,3,23,6,Sunday,14.0,2373.36
2025-03-23,Delhi,Delhi,28.7,21.1,24.9,32.3,51.5,12.3,150,Moderate,1011.9,81.9,2025,3,23,6,Sunday,7.599999999999998,804.2699999999999
2025-03-23,Bengaluru,Karnataka,38.1,29.6,33.8,71.8,0.0,13.6,172,Moderate,1000.0,62.1,2025,3,23,6,Sunday,8.5,2426.8399999999997
2025-03-23,Chennai,Tamil Nadu,31.1,23.6,27.4,41.9,7.9,13.2,316,Very Poor,992.5,20.7,2025,3,23,6,Sunday,7.5,1148.06
2025-03-23,Kolkata,West Bengal,37.1,30.2,33.6,75.7,0.0,8.7,272,Poor,992.8,43.0,2025,3,23,6,Sunday,6.900000000000002,2543.52
2025-03-23,Hyderabad,Telangana,34.2,25.1,29.6,53.8,4.6,3.5,236,Poor,1018.3,21.5,2025,3,23,6,Sunday,9.100000000000001,1592.48
2025-03-23,Ahmedabad,Gujarat,34.0,21.3,27.6,83.7,0.0,4.9,110,Moderate,1022.6,20.6,2025,3,23,6,Sunday,12.7,2310.1200000000003
2025-03-23,Jaipur,Rajasthan,27.6,17.9,22.8,89.8,0.0,9.7,151,Moderate,1010.0,58.1,2025,3,23,6,Sunday,9.700000000000003,2047.44
2025-03-23,Lucknow,Uttar Pradesh,42.0,36.5,39.2,35.5,9.9,15.9,68,Satisfactory,1004.7,64.8,2025,3,23,6,Sunday,5.5,1391.6000000000001
2025-03-23,Bhopal,Madhya Pradesh,40.2,29.7,35.0,92.2,0.0,3.3,154,Moderate,1016.1,52.7,2025,3,23,6,Sunday,10.500000000000004,3227.0
2025-03-24,Mumbai,Maharashtra,44.4,30.0,37.2,91.9,61.0,15.1,312,Very Poor,997.5,82.7,2025,3,24,0,Monday,14.399999999999999,3418.6800000000003
2025-03-24,Delhi,Delhi,39.1,31.1,35.1,42.4,6.3,4.6,120,Moderate,994.8,39.5,2025,3,24,0,Monday,8.0,1488.24
2025-03-24,Bengaluru,Karnataka,37.4,28.7,33.0,74.5,23.1,20.1,122,Moderate,1011.9,91.3,2025,3,24,0,Monday,8.7,2458.5
2025-03-24,Chennai,Tamil Nadu,33.4,27.6,30.5,59.7,0.0,2.7,275,Poor,1004.7,23.0,2025,3,24,0,Monday,5.799999999999997,1820.8500000000001
2025-03-24,Kolkata,West Bengal,38.4,30.1,34.2,33.0,58.4,9.5,54,Satisfactory,1018.1,87.4,2025,3,24,0,Monday,8.299999999999997,1128.6000000000001
2025-03-24,Hyderabad,Telangana,43.3,33.7,38.5,92.7,26.5,7.6,249,Poor,1020.9,21.4,2025,3,24,0,Monday,9.599999999999994,3568.9500000000003
2025-03-24,Ahmedabad,Gujarat,33.2,18.5,25.9,42.0,54.8,9.0,118,Moderate,1003.9,48.9,2025,3,24,0,Monday,14.700000000000003,1087.8
2025-03-24,Jaipur,Rajasthan,41.3,35.4,38.4,75.8,0.0,21.1,52,Satisfactory,1005.6,16.6,2025,3,24,0,Monday,5.899999999999999,2910.72
2025-03-24,Lucknow,Uttar Pradesh,40.6,32.3,36.4,90.5,0.0,12.5,72,Satisfactory,1021.7,48.5,2025,3,24,0,Monday,8.300000000000004,3294.2
2025-03-24,Bhopal,Madhya Pradesh,36.9,25.7,31.3,79.7,0.0,13.3,341,Very Poor,1021.5,98.1,2025,3,24,0,Monday,11.2,2494.61
2025-03-25,Mumbai,Maharashtra,29.6,19.6,24.6,46.9,0.0,11.1,111,Moderate,1002.8,31.5,2025,3,25,1,Tuesday,10.0,1153.74
2025-03-25,Delhi,Delhi,40.0,32.0,36.0,75.9,0.0,5.6,84,Satisfactory,1013.8,91.9,2025,3,25,1,Tuesday,8.0,2732.4
2025-03-25,Bengaluru,Karnataka,26.5,12.1,19.3,37.6,2.6,9.9,62,Satisfactory,1023.4,59.0,2025,3,25,1,Tuesday,14.4,725.6800000000001
2025-03-25,Chennai,Tamil Nadu,39.1,28.7,33.9,67.2,9.9,12.6,247,Poor,999.5,70.9,2025,3,25,1,Tuesday,10.400000000000002,2278.08
2025-03-25,Kolkata,West Bengal,42.1,28.3,35.2,66.5,0.0,8.4,223,Poor,1009.3,67.5,2025,3,25,1,Tuesday,13.8,2340.8
2025-03-25,Hyderabad,Telangana,44.1,36.1,40.1,54.2,0.0,9.2,308,Very Poor,998.9,84.8,2025,3,25,1,Tuesday,8.0,2173.42
2025-03-25,Ahmedabad,Gujarat,30.7,24.7,27.7,43.3,0.0,13.0,146,Moderate,1001.2,58.2,2025,3,25,1,Tuesday,6.0,1199.4099999999999
2025-03-25,Jaipur,Rajasthan,41.3,26.8,34.0,56.3,0.0,9.9,115,Moderate,1012.6,54.3,2025,3,25,1,Tuesday,14.499999999999996,1914.1999999999998
2025-03-25,Lucknow,Uttar Pradesh,40.3,34.0,37.2,44.8,6.8,24.5,201,Poor,1019.1,20.2,2025,3,25,1,Tuesday,6.299999999999997,1666.56
2025-03-25,Bhopal,Madhya Pradesh,33.4,18.5,26.0,92.7,0.0,9.3,304,Very Poor,1002.4,32.2,2025,3,25,1,Tuesday,14.899999999999999,2410.2000000000003
2025-03-26,Mumbai,Maharashtra,31.6,18.4,25.0,94.6,8.4,14.3,237,Poor,1017.5,19.5,2025,3,26,2,Wednesday,13.200000000000003,2365.0
2025-03-26,Delhi,Delhi,40.5,27.9,34.2,92.6,0.0,9.1,292,Poor,1000.8,21.7,2025,3,26,2,Wednesday,12.600000000000001,3166.92
2025-03-26,Bengaluru,Karnataka,43.2,37.3,40.2,40.1,2.4,3.6,341,Very Poor,1012.3,19.2,2025,3,26,2,Wednesday,5.900000000000006,1612.0200000000002
2025-03-26,Chennai,Tamil Nadu,43.0,28.5,35.7,36.9,4.9,7.4,217,Poor,1017.0,66.2,2025,3,26,2,Wednesday,14.5,1317.3300000000002
2025-03-26,Kolkata,West Bengal,41.5,31.5,36.5,47.5,6.2,16.5,348,Very Poor,1022.7,54.0,2025,3,26,2,Wednesday,10.0,1733.75
2025-03-26,Hyderabad,Telangana,28.2,17.8,23.0,43.8,0.0,6.8,290,Poor,1001.2,17.8,2025,3,26,2,Wednesday,10.399999999999999,1007.4
2025-03-26,Ahmedabad,Gujarat,29.4,20.2,24.8,31.0,1.1,21.3,73,Satisfactory,1004.4,18.4,2025,3,26,2,Wednesday,9.2,768.8000000000001
2025-03-26,Jaipur,Rajasthan,37.1,23.8,30.5,88.5,0.0,19.8,327,Very Poor,999.6,50.7,2025,3,26,2,Wednesday,13.3,2699.25
2025-03-26,Lucknow,Uttar Pradesh,40.0,34.5,37.3,30.5,7.9,5.6,316,Very Poor,1020.5,78.5,2025,3,26,2,Wednesday,5.5,1137.6499999999999
2025-03-26,Bhopal,Madhya Pradesh,31.8,24.1,27.9,39.9,0.0,6.4,291,Poor,1017.0,89.5,2025,3,26,2,Wednesday,7.699999999999999,1113.2099999999998
2025-03-27,Mumbai,Maharashtra,36.3,21.3,28.8,34.5,0.0,4.9,94,Satisfactory,991.2,35.1,2025,3,27,3,Thursday,14.999999999999996,993.6
2025-03-27,Delhi,Delhi,34.7,28.2,31.4,39.0,74.5,17.7,244,Poor,1017.0,84.4,2025,3,27,3,Thursday,6.5000000000000036,1224.6
2025-03-27,Bengaluru,Karnataka,31.6,25.0,28.3,45.4,0.0,2.7,198,Moderate,999.3,74.2,2025,3,27,3,Thursday,6.600000000000001,1284.82
2025-03-27,Chennai,Tamil Nadu,33.7,25.6,29.6,69.5,0.0,13.1,227,Poor,1001.5,53.5,2025,3,27,3,Thursday,8.100000000000001,2057.2000000000003
2025-03-27,Kolkata,West Bengal,29.0,16.2,22.6,60.9,0.0,17.9,341,Very Poor,1014.3,60.3,2025,3,27,3,Thursday,12.8,1376.3400000000001
2025-03-27,Hyderabad,Telangana,33.3,24.1,28.7,89.2,5.4,16.3,162,Moderate,1000.7,33.3,2025,3,27,3,Thursday,9.199999999999996,2560.04
2025-03-27,Ahmedabad,Gujarat,26.4,12.0,19.2,41.9,2.0,18.9,208,Poor,1003.1,88.0,2025,3,27,3,Thursday,14.399999999999999,804.4799999999999
2025-03-27,Jaipur,Rajasthan,33.8,20.7,27.2,45.8,47.7,6.6,231,Poor,1022.8,70.3,2025,3,27,3,Thursday,13.099999999999998,1245.76
2025-03-27,Lucknow,Uttar Pradesh,33.4,18.9,26.2,58.9,0.0,8.7,295,Poor,1017.1,17.2,2025,3,27,3,Thursday,14.5,1543.1799999999998
2025-03-27,Bhopal,Madhya Pradesh,37.5,27.1,32.3,44.9,0.0,11.0,238,Poor,998.6,76.7,2025,3,27,3,Thursday,10.399999999999999,1450.2699999999998
2025-03-28,Mumbai,Maharashtra,29.1,16.2,22.7,87.3,64.1,24.8,339,Very Poor,998.3,40.2,2025,3,28,4,Friday,12.900000000000002,1981.7099999999998
2025-03-28,Delhi,Delhi,26.9,16.6,21.8,62.9,33.2,8.2,122,Moderate,1012.7,52.1,2025,3,28,4,Friday,10.299999999999997,1371.22
2025-03-28,Bengaluru,Karnataka,28.8,14.2,21.5,66.5,0.0,18.4,83,Satisfactory,995.8,75.3,2025,3,28,4,Friday,14.600000000000001,1429.75
2025-03-28,Chennai,Tamil Nadu,41.6,29.8,35.7,55.1,20.4,4.7,348,Very Poor,1006.5,27.5,2025,3,28,4,Friday,11.8,1967.0700000000002
2025-03-28,Kolkata,West Bengal,36.7,30.2,33.5,73.4,0.0,8.7,211,Poor,993.2,26.7,2025,3,28,4,Friday,6.5000000000000036,2458.9
2025-03-28,Hyderabad,Telangana,40.1,26.3,33.2,81.6,0.0,12.8,60,Satisfactory,1010.0,5.8,2025,3,28,4,Friday,13.8,2709.12
2025-03-28,Ahmedabad,Gujarat,35.5,28.8,32.1,65.5,73.5,24.5,258,Poor,1021.5,98.7,2025,3,28,4,Friday,6.699999999999999,2102.55
2025-03-28,Jaipur,Rajasthan,44.2,32.8,38.5,82.6,57.8,14.4,259,Poor,996.5,55.1,2025,3,28,4,Friday,11.400000000000006,3180.1
2025-03-28,Lucknow,Uttar Pradesh,40.4,30.2,35.3,44.1,0.0,20.7,307,Very Poor,1002.2,34.7,2025,3,28,4,Friday,10.2,1556.73
2025-03-28,Bhopal,Madhya Pradesh,42.5,33.5,38.0,30.6,73.7,12.4,318,Very Poor,1000.6,33.8,2025,3,28,4,Friday,9.0,1162.8
2025-03-29,Mumbai,Maharashtra,31.5,21.4,26.4,77.5,0.0,17.0,81,Satisfactory,1018.6,56.9,2025,3,29,5,Saturday,10.100000000000001,2046.0
2025-03-29,Delhi,Delhi,33.9,27.6,30.8,35.7,5.9,19.8,273,Poor,1015.4,90.2,2025,3,29,5,Saturday,6.299999999999997,1099.5600000000002
2025-03-29,Bengaluru,Karnataka,37.5,28.9,33.2,36.6,0.0,6.2,328,Very Poor,1012.7,49.2,2025,3,29,5,Saturday,8.600000000000001,1215.1200000000001
2025-03-29,Chennai,Tamil Nadu,28.2,16.1,22.2,74.3,49.5,2.6,231,Poor,994.3,37.9,2025,3,29,5,Saturday,12.099999999999998,1649.4599999999998
2025-03-29,Kolkata,West Bengal,34.0,27.0,30.5,68.3,0.0,23.3,253,Poor,1010.7,30.1,2025,3,29,5,Saturday,7.0,2083.15
2025-03-29,Hyderabad,Telangana,31.4,21.3,26.3,52.2,0.0,2.5,93,Satisfactory,997.7,61.0,2025,3,29,5,Saturday,10.099999999999998,1372.8600000000001
2025-03-29,Ahmedabad,Gujarat,41.2,32.1,36.7,69.7,0.0,18.8,168,Moderate,1012.8,66.7,2025,3,29,5,Saturday,9.100000000000001,2557.9900000000002
2025-03-29,Jaipur,Rajasthan,25.3,13.4,19.4,83.9,0.0,16.1,138,Moderate,1017.5,68.3,2025,3,29,5,Saturday,11.9,1627.66
2025-03-29,Lucknow,Uttar Pradesh,27.8,14.9,21.3,51.1,0.0,21.3,118,Moderate,995.0,46.3,2025,3,29,5,Saturday,12.9,1088.43
2025-03-29,Bhopal,Madhya Pradesh,38.8,28.3,33.5,81.4,0.0,25.0,320,Very Poor,1004.2,63.9,2025,3,29,5,Saturday,10.499999999999996,2726.9
2025-03-30,Mumbai,Maharashtra,25.4,13.8,19.6,48.7,2.9,10.6,86,Satisfactory,992.3,14.2,2025,3,30,6,Sunday,11.599999999999998,954.5200000000001
2025-03-30,Delhi,Delhi,43.0,33.7,38.3,89.5,0.0,8.2,197,Moderate,1009.6,44.7,2025,3,30,6,Sunday,9.299999999999997,3427.85
2025-03-30,Bengaluru,Karnataka,26.1,11.3,18.7,33.8,0.0,4.5,117,Moderate,995.4,10.9,2025,3,30,6,Sunday,14.8,632.06
2025-03-30,Chennai,Tamil Nadu,30.4,20.4,25.4,58.5,0.0,5.1,58,Satisfactory,1020.8,65.2,2025,3,30,6,Sunday,10.0,1485.8999999999999
2025-03-30,Kolkata,West Bengal,44.2,32.3,38.3,39.9,35.6,4.4,46,Good,995.6,67.5,2025,3,30,6,Sunday,11.900000000000006,1528.1699999999998
2025-03-30,Hyderabad,Telangana,25.4,12.5,18.9,40.9,39.8,11.6,244,Poor,1008.6,35.1,2025,3,30,6,Sunday,12.899999999999999,773.0099999999999
2025-03-30,Ahmedabad,Gujarat,31.4,24.1,27.7,35.3,0.7,6.7,238,Poor,1000.5,91.0,2025,3,30,6,Sunday,7.299999999999997,977.81
2025-03-30,Jaipur,Rajasthan,43.4,29.3,36.3,34.1,13.6,14.6,312,Very Poor,1008.7,72.8,2025,3,30,6,Sunday,14.099999999999998,1237.83
2025-03-30,Lucknow,Uttar Pradesh,37.3,28.1,32.7,37.3,7.9,14.1,279,Poor,1003.5,63.2,2025,3,30,6,Sunday,9.199999999999996,1219.71
2025-03-30,Bhopal,Madhya Pradesh,43.8,36.2,40.0,91.6,67.0,17.9,271,Poor,991.4,59.6,2025,3,30,6,Sunday,7.599999999999994,3664.0
2025-03-31,Mumbai,Maharashtra,43.8,33.1,38.5,81.6,0.0,19.3,239,Poor,998.2,28.2,2025,3,31,0,Monday,10.699999999999996,3141.6
2025-03-31,Delhi,Delhi,40.8,30.0,35.4,87.5,2.2,21.1,249,Poor,1008.9,6.0,2025,3,31,0,Monday,10.799999999999997,3097.5
2025-03-31,Bengaluru,Karnataka,41.3,33.5,37.4,33.5,0.0,2.4,74,Satisfactory,997.9,41.9,2025,3,31,0,Monday,7.799999999999997,1252.8999999999999
2025-03-31,Chennai,Tamil Nadu,27.3,14.0,20.6,32.7,0.0,6.5,187,Moderate,1012.5,35.0,2025,3,31,0,Monday,13.3,673.6200000000001
2025-03-31,Kolkata,West Bengal,41.7,35.3,38.5,70.3,0.0,14.8,142,Moderate,1023.6,25.9,2025,3,31,0,Monday,6.400000000000006,2706.5499999999997
2025-03-31,Hyderabad,Telangana,27.0,18.4,22.7,32.9,48.9,20.8,67,Satisfactory,1018.8,26.7,2025,3,31,0,Monday,8.600000000000001,746.8299999999999
2025-03-31,Ahmedabad,Gujarat,37.1,26.9,32.0,63.6,0.0,11.7,44,Good,992.2,86.4,2025,3,31,0,Monday,10.200000000000003,2035.2
2025-03-31,Jaipur,Rajasthan,43.8,30.2,37.0,78.9,9.8,21.5,162,Moderate,994.4,60.6,2025,3,31,0,Monday,13.599999999999998,2919.3
2025-03-31,Lucknow,Uttar Pradesh,33.7,19.6,26.7,65.0,0.0,22.5,249,Poor,1024.0,88.4,2025,3,31,0,Monday,14.100000000000001,1735.5
2025-03-31,Bhopal,Madhya Pradesh,39.9,27.9,33.9,59.9,2.8,16.4,280,Poor,1010.5,67.0,2025,3,31,0,Monday,12.0,2030.61
2025-04-01,Mumbai,Maharashtra,40.0,33.9,36.9,53.6,0.0,19.5,282,Poor,993.7,30.8,2025,4,1,1,Tuesday,6.100000000000001,1977.84
2025-04-01,Delhi,Delhi,26.0,14.4,20.2,90.1,6.2,7.1,117,Moderate,1010.3,34.4,2025,4,1,1,Tuesday,11.6,1820.0199999999998
2025-04-01,Bengaluru,Karnataka,28.8,18.0,23.4,81.6,0.0,17.8,132,Moderate,1017.3,29.1,2025,4,1,1,Tuesday,10.8,1909.4399999999998
2025-04-01,Chennai,Tamil Nadu,35.7,26.2,30.9,75.9,0.0,22.7,266,Poor,998.0,9.8,2025,4,1,1,Tuesday,9.500000000000004,2345.31
2025-04-01,Kolkata,West Bengal,38.7,27.7,33.2,62.6,0.0,15.0,282,Poor,990.8,44.1,2025,4,1,1,Tuesday,11.000000000000004,2078.32
2025-04-01,Hyderabad,Telangana,34.4,20.7,27.5,71.9,7.7,19.2,215,Poor,1014.3,57.3,2025,4,1,1,Tuesday,13.7,1977.2500000000002
2025-04-01,Ahmedabad,Gujarat,28.8,15.5,22.2,50.3,5.4,24.4,215,Poor,1018.1,63.8,2025,4,1,1,Tuesday,13.3,1116.6599999999999
2025-04-01,Jaipur,Rajasthan,34.8,27.7,31.3,52.6,0.0,15.5,117,Moderate,1022.3,54.3,2025,4,1,1,Tuesday,7.099999999999998,1646.38
2025-04-01,Lucknow,Uttar Pradesh,32.6,23.9,28.2,76.5,61.1,9.7,151,Moderate,994.7,65.7,2025,4,1,1,Tuesday,8.700000000000003,2157.2999999999997
2025-04-01,Bhopal,Madhya Pradesh,35.7,24.3,30.0,56.5,0.0,22.4,330,Very Poor,994.8,16.8,2025,4,1,1,Tuesday,11.400000000000002,1695.0
2025-04-02,Mumbai,Maharashtra,29.2,22.7,25.9,64.8,0.0,16.7,123,Moderate,999.9,91.0,2025,4,2,2,Wednesday,6.5,1678.32
2025-04-02,Delhi,Delhi,37.8,23.3,30.5,56.1,14.8,19.6,146,Moderate,1022.2,71.4,2025,4,2,2,Wednesday,14.499999999999996,1711.05
2025-04-02,Bengaluru,Karnataka,27.5,13.2,20.3,61.8,0.0,9.1,81,Satisfactory,1012.3,14.5,2025,4,2,2,Wednesday,14.3,1254.54
2025-04-02,Chennai,Tamil Nadu,35.2,24.0,29.6,42.2,0.0,2.0,217,Poor,1001.3,26.1,2025,4,2,2,Wednesday,11.200000000000003,1249.1200000000001
2025-04-02,Kolkata,West Bengal,42.9,33.1,38.0,80.3,0.0,16.8,258,Poor,1001.6,75.3,2025,4,2,2,Wednesday,9.799999999999997,3051.4
2025-04-02,Hyderabad,Telangana,33.4,27.5,30.5,30.8,3.8,9.7,286,Poor,1013.3,37.9,2025,4,2,2,Wednesday,5.899999999999999,939.4
2025-04-02,Ahmedabad,Gujarat,42.8,29.4,36.1,61.5,0.0,24.1,282,Poor,1009.8,65.9,2025,4,2,2,Wednesday,13.399999999999999,2220.15
2025-04-02,Jaipur,Rajasthan,36.4,25.4,30.9,45.9,0.7,11.5,179,Moderate,1009.2,34.2,2025,4,2,2,Wednesday,11.0,1418.31
2025-04-02,Lucknow,Uttar Pradesh,29.2,16.6,22.9,62.0,5.5,6.7,179,Moderate,1003.4,44.2,2025,4,2,2,Wednesday,12.599999999999998,1419.8
2025-04-02,Bhopal,Madhya Pradesh,29.5,16.0,22.8,57.8,6.2,14.9,169,Moderate,1018.8,82.2,2025,4,2,2,Wednesday,13.5,1317.84
2025-04-03,Mumbai,Maharashtra,37.7,31.7,34.7,35.9,4.9,17.4,164,Moderate,995.5,48.1,2025,4,3,3,Thursday,6.0000000000000036,1245.73
2025-04-03,Delhi,Delhi,40.7,34.3,37.5,65.0,72.5,10.6,303,Very Poor,1022.9,81.5,2025,4,3,3,Thursday,6.400000000000006,2437.5
2025-04-03,Bengaluru,Karnataka,43.6,29.3,36.5,45.6,0.0,9.5,54,Satisfactory,1014.0,10.9,2025,4,3,3,Thursday,14.3,1664.4
2025-04-03,Chennai,Tamil Nadu,32.1,25.1,28.6,76.7,9.5,2.2,242,Poor,1007.9,82.6,2025,4,3,3,Thursday,7.0,2193.6200000000003
2025-04-03,Kolkata,West Bengal,29.6,16.1,22.8,92.7,0.0,3.5,236,Poor,1020.6,93.3,2025,4,3,3,Thursday,13.5,2113.56
2025-04-03,Hyderabad,Telangana,40.3,28.6,34.4,54.5,6.4,3.9,273,Poor,1006.2,42.7,2025,4,3,3,Thursday,11.699999999999996,1874.8
2025-04-03,Ahmedabad,Gujarat,35.0,26.5,30.8,75.9,28.0,4.6,90,Satisfactory,990.6,18.7,2025,4,3,3,Thursday,8.5,2337.7200000000003
2025-04-03,Jaipur,Rajasthan,35.8,24.5,30.1,59.2,0.0,15.0,64,Satisfactory,1000.6,25.9,2025,4,3,3,Thursday,11.299999999999997,1781.92
2025-04-03,Lucknow,Uttar Pradesh,25.5,19.5,22.5,78.2,0.0,14.3,274,Poor,1005.0,15.5,2025,4,3,3,Thursday,6.0,1759.5
2025-04-03,Bhopal,Madhya Pradesh,38.8,29.8,34.3,54.8,0.0,4.0,180,Moderate,1003.2,90.8,2025,4,3,3,Thursday,8.999999999999996,1879.6399999999996
2025-04-04,Mumbai,Maharashtra,31.5,20.1,25.8,43.2,56.9,17.9,318,Very Poor,1003.5,77.9,2025,4,4,4,Friday,11.399999999999999,1114.5600000000002
2025-04-04,Delhi,Delhi,34.6,29.5,32.0,87.3,0.0,10.7,55,Satisfactory,1018.0,42.0,2025,4,4,4,Friday,5.100000000000001,2793.6
2025-04-04,Bengaluru,Karnataka,37.7,26.0,31.9,82.9,0.0,4.8,165,Moderate,990.6,79.0,2025,4,4,4,Friday,11.700000000000003,2644.51
2025-04-04,Chennai,Tamil Nadu,35.5,23.9,29.7,56.1,0.0,24.5,59,Satisfactory,1015.9,47.9,2025,4,4,4,Friday,11.600000000000001,1666.17
2025-04-04,Kolkata,West Bengal,27.3,14.2,20.8,91.5,0.0,6.9,185,Moderate,993.6,78.3,2025,4,4,4,Friday,13.100000000000001,1903.2
2025-04-04,Hyderabad,Telangana,41.6,34.4,38.0,74.1,0.0,20.6,159,Moderate,1012.9,20.8,2025,4,4,4,Friday,7.200000000000003,2815.7999999999997
2025-04-04,Ahmedabad,Gujarat,40.3,32.4,36.3,89.9,9.2,17.0,82,Satisfactory,999.0,39.7,2025,4,4,4,Friday,7.899999999999999,3263.37
2025-04-04,Jaipur,Rajasthan,43.5,31.3,37.4,33.0,5.5,9.9,213,Poor,1012.5,20.7,2025,4,4,4,Friday,12.2,1234.2
2025-04-04,Lucknow,Uttar Pradesh,30.9,24.2,27.6,70.3,6.4,13.9,210,Poor,1021.9,83.7,2025,4,4,4,Friday,6.699999999999999,1940.28
2025-04-04,Bhopal,Madhya Pradesh,35.2,20.8,28.0,70.1,7.2,8.1,254,Poor,994.0,85.7,2025,4,4,4,Friday,14.400000000000002,1962.7999999999997
2025-04-05,Mumbai,Maharashtra,33.2,23.8,28.5,42.8,0.0,11.7,68,Satisfactory,1019.2,15.9,2025,4,5,5,Saturday,9.400000000000002,1219.8
2025-04-05,Delhi,Delhi,43.0,30.6,36.8,33.4,0.0,18.7,255,Poor,1004.2,96.9,2025,4,5,5,Saturday,12.399999999999999,1229.12
2025-04-05,Bengaluru,Karnataka,25.9,17.6,21.8,66.6,0.0,14.1,246,Poor,1012.1,13.8,2025,4,5,5,Saturday,8.299999999999997,1451.8799999999999
2025-04-05,Chennai,Tamil Nadu,37.3,22.9,30.1,84.6,0.0,13.2,86,Satisfactory,999.9,53.3,2025,4,5,5,Saturday,14.399999999999999,2546.46
2025-04-05,Kolkata,West Bengal,38.4,33.2,35.8,45.3,0.0,22.5,139,Moderate,994.4,66.8,2025,4,5,5,Saturday,5.199999999999996,1621.7399999999998
2025-04-05,Hyderabad,Telangana,31.3,16.3,23.8,44.7,2.1,24.6,166,Moderate,1014.5,58.4,2025,4,5,5,Saturday,15.0,1063.8600000000001
2025-04-05,Ahmedabad,Gujarat,36.9,25.9,31.4,44.2,0.0,8.0,59,Satisfactory,1000.9,63.3,2025,4,5,5,Saturday,11.0,1387.88
2025-04-05,Jaipur,Rajasthan,25.2,18.9,22.1,41.0,0.0,12.8,41,Good,1012.6,74.3,2025,4,5,5,Saturday,6.300000000000001,906.1
2025-04-05,Lucknow,Uttar Pradesh,42.1,27.3,34.7,37.9,0.0,8.6,178,Moderate,1019.6,67.0,2025,4,5,5,Saturday,14.8,1315.13
2025-04-05,Bhopal,Madhya Pradesh,33.8,24.1,28.9,50.2,0.0,12.7,84,Satisfactory,1022.8,73.7,2025,4,5,5,Saturday,9.699999999999996,1450.78
2025-04-06,Mumbai,Maharashtra,33.7,25.9,29.8,94.1,0.0,9.4,51,Satisfactory,1011.0,26.5,2025,4,6,6,Sunday,7.800000000000004,2804.18
2025-04-06,Delhi,Delhi,26.9,19.1,23.0,52.6,0.0,20.0,128,Moderate,1020.4,51.8,2025,4,6,6,Sunday,7.799999999999997,1209.8
2025-04-06,Bengaluru,Karnataka,40.4,35.4,37.9,90.1,0.0,2.8,145,Moderate,1025.0,77.4,2025,4,6,6,Sunday,5.0,3414.7899999999995
2025-04-06,Chennai,Tamil Nadu,25.4,14.0,19.7,94.1,0.0,4.5,267,Poor,1021.9,36.4,2025,4,6,6,Sunday,11.399999999999999,1853.7699999999998
2025-04-06,Kolkata,West Bengal,26.7,20.4,23.6,74.2,0.0,16.2,69,Satisfactory,1017.9,64.7,2025,4,6,6,Sunday,6.300000000000001,1751.1200000000001
2025-04-06,Hyderabad,Telangana,35.9,22.0,28.9,86.4,0.0,13.0,341,Very Poor,1017.1,18.4,2025,4,6,6,Sunday,13.899999999999999,2496.96
2025-04-06,Ahmedabad,Gujarat,32.1,23.6,27.8,43.9,0.0,6.4,298,Poor,1018.3,10.9,2025,4,6,6,Sunday,8.5,1220.42
2025-04-06,Jaipur,Rajasthan,30.5,20.5,25.5,54.8,65.7,9.0,349,Very Poor,1009.4,49.3,2025,4,6,6,Sunday,10.0,1397.3999999999999
2025-04-06,Lucknow,Uttar Pradesh,41.2,32.2,36.7,61.0,2.5,24.2,178,Moderate,1009.8,68.7,2025,4,6,6,Sunday,9.0,2238.7000000000003
2025-04-06,Bhopal,Madhya Pradesh,37.2,28.7,32.9,77.9,0.3,23.4,295,Poor,1012.1,74.0,2025,4,6,6,Sunday,8.500000000000004,2562.91
2025-04-07,Mumbai,Maharashtra,32.2,26.2,29.2,90.7,0.0,22.5,73,Satisfactory,1014.8,5.8,2025,4,7,0,Monday,6.0000000000000036,2648.44
2025-04-07,Delhi,Delhi,44.7,39.3,42.0,48.4,0.0,10.1,195,Moderate,999.4,81.3,2025,4,7,0,Monday,5.400000000000006,2032.8
2025-04-07,Bengaluru,Karnataka,30.6,22.4,26.5,32.6,0.0,12.9,147,Moderate,1019.5,40.0,2025,4,7,0,Monday,8.200000000000003,863.9000000000001
2025-04-07,Chennai,Tamil Nadu,42.5,28.8,35.6,87.2,5.8,11.6,210,Poor,1012.0,16.6,2025,4,7,0,Monday,13.7,3104.32
2025-04-07,Kolkata,West Bengal,30.3,22.4,26.3,38.2,3.6,9.0,237,Poor,1017.7,54.5,2025,4,7,0,Monday,7.900000000000002,1004.6600000000001
2025-04-07,Hyderabad,Telangana,30.6,17.4,24.0,70.6,0.0,4.6,317,Very Poor,997.5,42.5,2025,4,7,0,Monday,13.200000000000003,1694.3999999999999
2025-04-07,Ahmedabad,Gujarat,36.1,27.8,32.0,78.5,0.3,15.4,144,Moderate,1011.3,25.1,2025,4,7,0,Monday,8.3,2512.0
2025-04-07,Jaipur,Rajasthan,43.6,28.9,36.3,50.3,0.0,20.2,234,Poor,1007.5,85.7,2025,4,7,0,Monday,14.700000000000003,1825.8899999999996
2025-04-07,Lucknow,Uttar Pradesh,37.6,32.2,34.9,78.7,0.0,24.5,63,Satisfactory,1000.2,43.9,2025,4,7,0,Monday,5.399999999999999,2746.63
2025-04-07,Bhopal,Madhya Pradesh,27.2,20.1,23.6,65.7,0.0,13.4,123,Moderate,1018.1,93.7,2025,4,7,0,Monday,7.099999999999998,1550.5200000000002
2025-04-08,Mumbai,Maharashtra,27.6,18.4,23.0,31.7,0.0,4.6,278,Poor,1009.4,8.7,2025,4,8,1,Tuesday,9.200000000000003,729.1
2025-04-08,Delhi,Delhi,44.1,36.0,40.1,46.8,0.0,20.5,202,Poor,996.9,5.5,2025,4,8,1,Tuesday,8.100000000000001,1876.68
2025-04-08,Bengaluru,Karnataka,27.3,15.3,21.3,40.9,0.0,6.3,119,Moderate,995.1,65.0,2025,4,8,1,Tuesday,12.0,871.17
2025-04-08,Chennai,Tamil Nadu,32.7,22.9,27.8,44.9,0.0,23.1,93,Satisfactory,1020.9,20.8,2025,4,8,1,Tuesday,9.800000000000004,1248.22
2025-04-08,Kolkata,West Bengal,34.5,24.3,29.4,52.2,3.2,3.9,276,Poor,1014.9,93.0,2025,4,8,1,Tuesday,10.2,1534.68
2025-04-08,Hyderabad,Telangana,28.8,23.0,25.9,61.9,0.0,5.3,329,Very Poor,1015.0,82.2,2025,4,8,1,Tuesday,5.800000000000001,1603.2099999999998
2025-04-08,Ahmedabad,Gujarat,37.2,27.1,32.2,70.2,0.0,16.6,195,Moderate,1020.8,58.9,2025,4,8,1,Tuesday,10.100000000000001,2260.4400000000005
2025-04-08,Jaipur,Rajasthan,39.7,28.1,33.9,33.7,38.5,24.3,136,Moderate,1005.7,97.0,2025,4,8,1,Tuesday,11.600000000000001,1142.43
2025-04-08,Lucknow,Uttar Pradesh,38.7,32.9,35.8,39.4,0.0,9.8,105,Moderate,1005.8,87.6,2025,4,8,1,Tuesday,5.800000000000004,1410.5199999999998
2025-04-08,Bhopal,Madhya Pradesh,30.9,18.0,24.5,90.8,1.0,7.3,84,Satisfactory,1016.5,74.2,2025,4,8,1,Tuesday,12.899999999999999,2224.6
2025-04-09,Mumbai,Maharashtra,35.0,22.5,28.8,42.5,0.0,7.0,158,Moderate,1007.7,18.4,2025,4,9,2,Wednesday,12.5,1224.0
2025-04-09,Delhi,Delhi,30.5,18.0,24.3,75.5,1.0,16.2,338,Very Poor,1006.7,21.9,2025,4,9,2,Wednesday,12.5,1834.65
2025-04-09,Bengaluru,Karnataka,25.2,13.2,19.2,63.0,0.0,19.1,105,Moderate,991.7,10.2,2025,4,9,2,Wednesday,12.0,1209.6
2025-04-09,Chennai,Tamil Nadu,27.9,22.9,25.4,70.5,0.0,8.4,233,Poor,1020.2,85.2,2025,4,9,2,Wednesday,5.0,1790.6999999999998
2025-04-09,Kolkata,West Bengal,30.5,16.4,23.4,41.6,0.0,7.7,301,Very Poor,1013.5,77.8,2025,4,9,2,Wednesday,14.100000000000001,973.4399999999999
2025-04-09,Hyderabad,Telangana,30.6,25.4,28.0,63.2,0.0,7.9,81,Satisfactory,990.5,90.4,2025,4,9,2,Wednesday,5.200000000000003,1769.6000000000001
2025-04-09,Ahmedabad,Gujarat,40.3,31.9,36.1,48.0,9.4,19.5,123,Moderate,1001.9,58.5,2025,4,9,2,Wednesday,8.399999999999999,1732.8000000000002
2025-04-09,Jaipur,Rajasthan,41.7,30.7,36.2,45.8,0.0,2.8,214,Poor,1021.8,95.5,2025,4,9,2,Wednesday,11.000000000000004,1657.96
2025-04-09,Lucknow,Uttar Pradesh,33.9,25.3,29.6,47.4,19.0,6.0,110,Moderate,1016.1,34.2,2025,4,9,2,Wednesday,8.599999999999998,1403.04
2025-04-09,Bhopal,Madhya Pradesh,36.2,23.5,29.8,77.2,33.1,18.6,285,Poor,1014.9,30.5,2025,4,9,2,Wednesday,12.700000000000003,2300.56
2025-04-10,Mumbai,Maharashtra,32.2,23.2,27.7,48.7,0.0,12.5,64,Satisfactory,1015.4,96.3,2025,4,10,3,Thursday,9.000000000000004,1348.99
2025-04-10,Delhi,Delhi,30.6,20.7,25.7,41.1,0.0,20.9,108,Moderate,1024.9,78.6,2025,4,10,3,Thursday,9.900000000000002,1056.27
2025-04-10,Bengaluru,Karnataka,40.0,29.6,34.8,59.3,9.4,2.3,132,Moderate,1020.3,80.4,2025,4,10,3,Thursday,10.399999999999999,2063.64
2025-04-10,Chennai,Tamil Nadu,30.8,25.3,28.1,33.3,23.0,21.4,141,Moderate,1002.2,41.1,2025,4,10,3,Thursday,5.5,935.73
2025-04-10,Kolkata,West Bengal,26.8,21.5,24.2,59.4,9.4,16.5,95,Satisfactory,1020.0,53.9,2025,4,10,3,Thursday,5.300000000000001,1437.48
2025-04-10,Hyderabad,Telangana,38.7,24.5,31.6,31.3,0.0,7.2,306,Very Poor,1003.4,94.3,2025,4,10,3,Thursday,14.200000000000003,989.08
2025-04-10,Ahmedabad,Gujarat,43.9,37.7,40.8,31.8,0.0,15.2,66,Satisfactory,998.0,7.0,2025,4,10,3,Thursday,6.199999999999996,1297.4399999999998
2025-04-10,Jaipur,Rajasthan,39.2,32.4,35.8,44.9,0.0,23.7,206,Poor,1005.2,23.9,2025,4,10,3,Thursday,6.800000000000004,1607.4199999999998
2025-04-10,Lucknow,Uttar Pradesh,34.0,21.1,27.6,90.8,0.0,23.0,346,Very Poor,1003.5,78.2,2025,4,10,3,Thursday,12.899999999999999,2506.08
2025-04-10,Bhopal,Madhya Pradesh,36.5,26.8,31.6,75.5,0.0,5.8,275,Poor,1011.4,59.7,2025,4,10,3,Thursday,9.7,2385.8
2025-04-11,Mumbai,Maharashtra,42.5,35.3,38.9,80.7,54.0,7.9,285,Poor,1011.0,50.6,2025,4,11,4,Friday,7.200000000000003,3139.23
2025-04-11,Delhi,Delhi,38.9,26.2,32.6,48.7,0.0,10.7,92,Satisfactory,1001.6,5.9,2025,4,11,4,Friday,12.7,1587.6200000000001
2025-04-11,Bengaluru,Karnataka,26.2,12.7,19.4,85.9,0.0,13.3,40,Good,1021.8,77.2,2025,4,11,4,Friday,13.5,1666.46
2025-04-11,Chennai,Tamil Nadu,34.2,29.1,31.6,48.2,4.4,10.3,132,Moderate,1007.2,82.7,2025,4,11,4,Friday,5.100000000000001,1523.1200000000001
2025-04-11,Kolkata,West Bengal,37.3,29.7,33.5,61.2,0.0,7.2,263,Poor,1001.7,64.4,2025,4,11,4,Friday,7.599999999999998,2050.2000000000003
2025-04-11,Hyderabad,Telangana,26.6,21.2,23.9,81.9,7.2,19.3,289,Poor,1003.3,61.1,2025,4,11,4,Friday,5.400000000000002,1957.41
2025-04-11,Ahmedabad,Gujarat,28.4,19.2,23.8,78.1,0.0,2.7,332,Very Poor,991.0,94.6,2025,4,11,4,Friday,9.2,1858.78
2025-04-11,Jaipur,Rajasthan,29.2,22.8,26.0,31.2,0.0,20.3,256,Poor,1016.2,12.7,2025,4,11,4,Friday,6.399999999999999,811.1999999999999
2025-04-11,Lucknow,Uttar Pradesh,35.4,29.1,32.3,78.1,0.0,23.6,294,Poor,1014.4,44.1,2025,4,11,4,Friday,6.299999999999997,2522.6299999999997
2025-04-11,Bhopal,Madhya Pradesh,29.3,15.0,22.2,75.3,5.6,22.4,114,Moderate,1019.0,23.8,2025,4,11,4,Friday,14.3,1671.6599999999999
2025-04-12,Mumbai,Maharashtra,26.3,19.1,22.7,52.3,0.4,21.3,85,Satisfactory,990.3,5.7,2025,4,12,5,Saturday,7.199999999999999,1187.2099999999998
2025-04-12,Delhi,Delhi,42.5,32.8,37.6,93.9,0.0,12.9,218,Poor,1024.8,19.2,2025,4,12,5,Saturday,9.700000000000003,3530.6400000000003
2025-04-12,Bengaluru,Karnataka,31.9,23.0,27.4,87.9,5.9,14.2,339,Very Poor,1017.7,97.2,2025,4,12,5,Saturday,8.899999999999999,2408.46
2025-04-12,Chennai,Tamil Nadu,40.8,30.9,35.9,40.6,0.0,5.0,202,Poor,997.9,12.9,2025,4,12,5,Saturday,9.899999999999999,1457.54
2025-04-12,Kolkata,West Bengal,27.5,15.1,21.3,51.6,0.0,24.7,137,Moderate,1012.6,10.1,2025,4,12,5,Saturday,12.4,1099.0800000000002
2025-04-12,Hyderabad,Telangana,42.7,31.8,37.2,48.7,9.4,22.4,221,Poor,1016.9,32.2,2025,4,12,5,Saturday,10.900000000000002,1811.6400000000003
2025-04-12,Ahmedabad,Gujarat,41.8,35.0,38.4,40.6,0.0,21.3,258,Poor,1018.6,19.4,2025,4,12,5,Saturday,6.799999999999997,1559.04
2025-04-12,Jaipur,Rajasthan,37.5,29.8,33.7,44.8,0.0,8.4,273,Poor,990.8,91.3,2025,4,12,5,Saturday,7.699999999999999,1509.76
2025-04-12,Lucknow,Uttar Pradesh,34.5,20.0,27.2,49.1,0.0,21.4,65,Satisfactory,1017.5,32.9,2025,4,12,5,Saturday,14.5,1335.52
2025-04-12,Bhopal,Madhya Pradesh,32.2,19.6,25.9,36.5,0.0,21.8,285,Poor,991.8,68.4,2025,4,12,5,Saturday,12.600000000000001,945.3499999999999
2025-04-13,Mumbai,Maharashtra,33.9,26.9,30.4,90.1,0.0,12.6,103,Moderate,1008.8,55.8,2025,4,13,6,Sunday,7.0,2739.0399999999995
2025-04-13,Delhi,Delhi,38.6,33.4,36.0,31.4,0.0,14.7,242,Poor,1008.1,38.2,2025,4,13,6,Sunday,5.200000000000003,1130.3999999999999
2025-04-13,Bengaluru,Karnataka,44.2,34.3,39.2,81.1,2.6,16.7,154,Moderate,1021.3,27.2,2025,4,13,6,Sunday,9.900000000000006,3179.12
2025-04-13,Chennai,Tamil Nadu,26.7,14.4,20.5,84.9,4.1,3.7,200,Moderate,1000.3,39.8,2025,4,13,6,Sunday,12.299999999999999,1740.45
2025-04-13,Kolkata,West Bengal,34.5,27.4,31.0,65.2,9.3,16.4,233,Poor,1022.4,66.3,2025,4,13,6,Sunday,7.100000000000001,2021.2
2025-04-13,Hyderabad,Telangana,40.4,32.7,36.6,68.7,0.0,8.7,325,Very Poor,999.8,73.8,2025,4,13,6,Sunday,7.699999999999996,2514.42
2025-04-13,Ahmedabad,Gujarat,29.6,23.9,26.7,95.0,0.0,20.4,90,Satisfactory,1018.5,19.4,2025,4,13,6,Sunday,5.700000000000003,2536.5
2025-04-13,Jaipur,Rajasthan,30.9,23.7,27.3,93.4,3.7,10.9,163,Moderate,1013.9,15.2,2025,4,13,6,Sunday,7.199999999999999,2549.82
2025-04-13,Lucknow,Uttar Pradesh,44.3,37.7,41.0,55.1,7.9,21.6,313,Very Poor,991.0,78.3,2025,4,13,6,Sunday,6.599999999999994,2259.1
2025-04-13,Bhopal,Madhya Pradesh,25.3,14.7,20.0,52.7,0.6,23.1,77,Satisfactory,1011.7,86.4,2025,4,13,6,Sunday,10.600000000000001,1054.0
2025-04-14,Mumbai,Maharashtra,29.2,14.5,21.9,87.7,0.0,12.8,113,Moderate,1020.1,74.9,2025,4,14,0,Monday,14.7,1920.6299999999999
2025-04-14,Delhi,Delhi,31.3,23.4,27.4,80.7,5.0,6.9,118,Moderate,1017.5,53.1,2025,4,14,0,Monday,7.900000000000002,2211.18
2025-04-14,Bengaluru,Karnataka,32.3,17.5,24.9,61.5,0.0,20.3,126,Moderate,1019.7,11.8,2025,4,14,0,Monday,14.799999999999997,1531.35
2025-04-14,Chennai,Tamil Nadu,35.2,27.0,31.1,80.9,1.2,8.7,118,Moderate,1002.1,22.4,2025,4,14,0,Monday,8.200000000000003,2515.9900000000002
2025-04-14,Kolkata,West Bengal,39.3,30.6,35.0,74.7,0.0,19.4,101,Moderate,1000.4,66.6,2025,4,14,0,Monday,8.699999999999996,2614.5
2025-04-14,Hyderabad,Telangana,27.7,19.1,23.4,55.3,0.0,16.6,288,Poor,1006.4,36.5,2025,4,14,0,Monday,8.599999999999998,1294.0199999999998
2025-04-14,Ahmedabad,Gujarat,28.1,14.0,21.0,51.7,4.7,3.7,197,Moderate,1010.2,34.5,2025,4,14,0,Monday,14.100000000000001,1085.7
2025-04-14,Jaipur,Rajasthan,39.9,29.9,34.9,34.6,0.0,13.0,87,Satisfactory,1012.6,53.1,2025,4,14,0,Monday,10.0,1207.54
2025-04-14,Lucknow,Uttar Pradesh,43.6,32.1,37.9,50.6,0.0,17.1,112,Moderate,1009.6,23.3,2025,4,14,0,Monday,11.5,1917.74
2025-04-14,Bhopal,Madhya Pradesh,36.3,28.1,32.2,84.3,1.1,19.0,176,Moderate,999.2,72.9,2025,4,14,0,Monday,8.199999999999996,2714.46
2025-04-15,Mumbai,Maharashtra,37.7,29.5,33.6,84.3,0.5,16.9,199,Moderate,996.7,32.1,2025,4,15,1,Tuesday,8.200000000000003,2832.48
2025-04-15,Delhi,Delhi,31.6,26.5,29.1,32.6,15.9,12.2,327,Very Poor,1016.5,16.9,2025,4,15,1,Tuesday,5.100000000000001,948.6600000000001
2025-04-15,Bengaluru,Karnataka,25.7,20.3,23.0,33.5,1.1,8.6,321,Very Poor,1016.1,78.5,2025,4,15,1,Tuesday,5.399999999999999,770.5
2025-04-15,Chennai,Tamil Nadu,28.0,21.6,24.8,37.9,0.0,7.9,153,Moderate,1011.8,37.1,2025,4,15,1,Tuesday,6.399999999999999,939.92
2025-04-15,Kolkata,West Bengal,27.1,16.2,21.6,72.6,7.6,7.4,284,Poor,998.2,91.9,2025,4,15,1,Tuesday,10.900000000000002,1568.16
2025-04-15,Hyderabad,Telangana,40.6,28.4,34.5,47.4,0.0,10.0,182,Moderate,1009.6,49.0,2025,4,15,1,Tuesday,12.200000000000003,1635.3
2025-04-15,Ahmedabad,Gujarat,36.1,26.9,31.5,46.2,0.0,16.9,171,Moderate,1008.7,10.6,2025,4,15,1,Tuesday,9.200000000000003,1455.3000000000002
2025-04-15,Jaipur,Rajasthan,25.2,13.6,19.4,63.0,48.0,9.8,283,Poor,1024.4,96.1,2025,4,15,1,Tuesday,11.6,1222.1999999999998
2025-04-15,Lucknow,Uttar Pradesh,41.3,32.2,36.7,56.2,0.0,5.5,101,Moderate,1014.9,41.4,2025,4,15,1,Tuesday,9.099999999999994,2062.5400000000004
2025-04-15,Bhopal,Madhya Pradesh,41.3,31.4,36.3,66.9,0.0,13.8,120,Moderate,1017.1,74.6,2025,4,15,1,Tuesday,9.899999999999999,2428.47
2025-04-16,Mumbai,Maharashtra,42.0,36.0,39.0,37.4,8.5,2.2,96,Satisfactory,993.3,62.9,2025,4,16,2,Wednesday,6.0,1458.6
2025-04-16,Delhi,Delhi,25.6,15.9,20.7,51.5,8.0,8.7,61,Satisfactory,1006.2,71.7,2025,4,16,2,Wednesday,9.700000000000001,1066.05
2025-04-16,Bengaluru,Karnataka,31.6,18.4,25.0,56.4,6.3,4.3,316,Very Poor,1020.2,15.1,2025,4,16,2,Wednesday,13.200000000000003,1410.0
2025-04-16,Chennai,Tamil Nadu,32.3,21.0,26.7,85.0,28.6,10.9,250,Poor,1014.7,18.3,2025,4,16,2,Wednesday,11.299999999999997,2269.5
2025-04-16,Kolkata,West Bengal,26.5,14.3,20.4,51.0,4.7,9.8,95,Satisfactory,1003.4,67.0,2025,4,16,2,Wednesday,12.2,1040.3999999999999
2025-04-16,Hyderabad,Telangana,42.0,29.6,35.8,67.6,0.0,20.5,90,Satisfactory,1000.6,16.1,2025,4,16,2,Wednesday,12.399999999999999,2420.0799999999995
2025-04-16,Ahmedabad,Gujarat,44.3,31.5,37.9,45.5,9.6,17.1,164,Moderate,1018.8,41.3,2025,4,16,2,Wednesday,12.799999999999997,1724.45
2025-04-16,Jaipur,Rajasthan,37.5,28.5,33.0,32.7,0.0,9.0,266,Poor,1001.2,75.4,2025,4,16,2,Wednesday,9.0,1079.1000000000001
2025-04-16,Lucknow,Uttar Pradesh,41.4,28.8,35.1,79.3,2.6,4.3,205,Poor,1024.4,88.1,2025,4,16,2,Wednesday,12.599999999999998,2783.43
2025-04-16,Bhopal,Madhya Pradesh,32.0,21.8,26.9,77.7,7.6,16.8,198,Moderate,991.4,34.8,2025,4,16,2,Wednesday,10.2,2090.13
2025-04-17,Mumbai,Maharashtra,28.8,22.2,25.5,30.9,0.0,6.7,289,Poor,1015.9,72.2,2025,4,17,3,Thursday,6.600000000000001,787.9499999999999
2025-04-17,Delhi,Delhi,37.3,26.4,31.9,56.5,6.4,4.4,204,Poor,1020.2,53.0,2025,4,17,3,Thursday,10.899999999999999,1802.35
2025-04-17,Bengaluru,Karnataka,36.7,23.9,30.3,61.1,0.0,6.4,277,Poor,990.0,87.6,2025,4,17,3,Thursday,12.800000000000004,1851.3300000000002
2025-04-17,Chennai,Tamil Nadu,29.4,24.3,26.9,62.0,0.0,21.9,329,Very Poor,993.4,39.8,2025,4,17,3,Thursday,5.099999999999998,1667.8
2025-04-17,Kolkata,West Bengal,25.2,16.3,20.8,46.9,29.5,23.6,346,Very Poor,1019.7,42.9,2025,4,17,3,Thursday,8.899999999999999,975.52
2025-04-17,Hyderabad,Telangana,39.7,31.1,35.4,36.1,0.0,14.6,133,Moderate,1024.5,36.0,2025,4,17,3,Thursday,8.600000000000001,1277.94
2025-04-17,Ahmedabad,Gujarat,43.1,36.9,40.0,90.7,0.0,2.4,191,Moderate,1003.2,72.0,2025,4,17,3,Thursday,6.200000000000003,3628.0
2025-04-17,Jaipur,Rajasthan,39.8,28.1,33.9,67.2,61.0,7.6,326,Very Poor,1015.0,61.8,2025,4,17,3,Thursday,11.699999999999996,2278.08
2025-04-17,Lucknow,Uttar Pradesh,35.2,27.4,31.3,55.0,0.0,22.5,304,Very Poor,996.7,32.3,2025,4,17,3,Thursday,7.800000000000004,1721.5
2025-04-17,Bhopal,Madhya Pradesh,31.8,17.2,24.5,47.5,16.7,22.5,340,Very Poor,1018.6,19.9,2025,4,17,3,Thursday,14.600000000000001,1163.75
2025-04-18,Mumbai,Maharashtra,43.6,34.2,38.9,74.3,0.0,22.0,210,Poor,1006.7,98.8,2025,4,18,4,Friday,9.399999999999999,2890.27
2025-04-18,Delhi,Delhi,25.6,15.7,20.6,76.7,0.0,16.8,255,Poor,1023.5,64.3,2025,4,18,4,Friday,9.900000000000002,1580.0200000000002
2025-04-18,Bengaluru,Karnataka,32.9,22.3,27.6,65.4,7.6,24.5,197,Moderate,1019.0,16.8,2025,4,18,4,Friday,10.599999999999998,1805.0400000000002
2025-04-18,Chennai,Tamil Nadu,43.1,28.6,35.8,54.7,0.0,22.3,45,Good,1022.6,53.0,2025,4,18,4,Friday,14.5,1958.26
2025-04-18,Kolkata,West Bengal,41.3,31.6,36.4,34.9,2.0,8.9,336,Very Poor,994.5,92.2,2025,4,18,4,Friday,9.699999999999996,1270.36
2025-04-18,Hyderabad,Telangana,27.8,20.5,24.1,68.5,0.0,23.8,255,Poor,1023.7,85.0,2025,4,18,4,Friday,7.300000000000001,1650.8500000000001
2025-04-18,Ahmedabad,Gujarat,39.4,29.7,34.6,64.5,0.0,7.2,123,Moderate,1023.7,36.8,2025,4,18,4,Friday,9.7,2231.7000000000003
2025-04-18,Jaipur,Rajasthan,33.4,25.5,29.5,35.9,0.0,16.9,307,Very Poor,993.5,9.0,2025,4,18,4,Friday,7.899999999999999,1059.05
2025-04-18,Lucknow,Uttar Pradesh,40.2,28.5,34.4,32.0,0.0,20.7,239,Poor,1010.4,75.3,2025,4,18,4,Friday,11.700000000000003,1100.8
2025-04-18,Bhopal,Madhya Pradesh,33.3,25.4,29.4,73.7,0.0,10.1,329,Very Poor,1009.6,15.8,2025,4,18,4,Friday,7.899999999999999,2166.78
2025-04-19,Mumbai,Maharashtra,36.0,21.7,28.9,83.1,19.3,14.3,186,Moderate,990.7,93.8,2025,4,19,5,Saturday,14.3,2401.5899999999997
2025-04-19,Delhi,Delhi,31.0,20.9,25.9,83.5,0.0,21.3,245,Poor,1017.2,43.0,2025,4,19,5,Saturday,10.100000000000001,2162.65
2025-04-19,Bengaluru,Karnataka,32.9,22.2,27.5,94.4,5.4,4.8,205,Poor,1017.9,20.3,2025,4,19,5,Saturday,10.7,2596.0
2025-04-19,Chennai,Tamil Nadu,37.3,23.3,30.3,43.7,0.0,22.4,337,Very Poor,999.1,12.7,2025,4,19,5,Saturday,13.999999999999996,1324.1100000000001
2025-04-19,Kolkata,West Bengal,32.8,21.6,27.2,65.9,0.0,6.7,189,Moderate,1023.1,95.6,2025,4,19,5,Saturday,11.199999999999996,1792.48
2025-04-19,Hyderabad,Telangana,28.4,19.2,23.8,87.0,19.0,11.6,313,Very Poor,992.9,18.2,2025,4,19,5,Saturday,9.2,2070.6
2025-04-19,Ahmedabad,Gujarat,34.8,28.2,31.5,88.1,0.0,7.6,137,Moderate,1008.7,31.5,2025,4,19,5,Saturday,6.599999999999998,2775.1499999999996
2025-04-19,Jaipur,Rajasthan,37.0,26.6,31.8,55.7,0.0,16.6,69,Satisfactory,992.9,70.4,2025,4,19,5,Saturday,10.399999999999999,1771.2600000000002
2025-04-19,Lucknow,Uttar Pradesh,29.6,18.1,23.9,48.4,0.0,18.9,106,Moderate,991.2,15.6,2025,4,19,5,Saturday,11.5,1156.76
2025-04-19,Bhopal,Madhya Pradesh,25.4,19.5,22.4,48.3,0.0,21.8,47,Good,1018.8,14.6,2025,4,19,5,Saturday,5.899999999999999,1081.9199999999998
2025-04-20,Mumbai,Maharashtra,26.0,15.1,20.5,73.6,0.0,21.3,159,Moderate,1001.5,98.7,2025,4,20,6,Sunday,10.9,1508.8
2025-04-20,Delhi,Delhi,30.3,16.3,23.3,66.9,38.6,23.1,240,Poor,1005.3,27.9,2025,4,20,6,Sunday,14.0,1558.7700000000002
2025-04-20,Bengaluru,Karnataka,44.1,32.9,38.5,92.0,0.0,10.3,131,Moderate,1007.3,67.0,2025,4,20,6,Sunday,11.200000000000003,3542.0
2025-04-20,Chennai,Tamil Nadu,43.5,29.4,36.5,82.0,0.0,19.6,203,Poor,994.3,65.9,2025,4,20,6,Sunday,14.100000000000001,2993.0
2025-04-20,Kolkata,West Bengal,39.5,30.2,34.8,75.1,25.0,9.6,193,Moderate,1024.5,9.4,2025,4,20,6,Sunday,9.3,2613.4799999999996
2025-04-20,Hyderabad,Telangana,31.5,16.5,24.0,94.4,2.4,22.5,59,Satisfactory,1013.2,87.1,2025,4,20,6,Sunday,15.0,2265.6000000000004
2025-04-20,Ahmedabad,Gujarat,37.8,25.8,31.8,42.4,76.1,7.6,89,Satisfactory,1001.3,52.5,2025,4,20,6,Sunday,11.999999999999996,1348.32
2025-04-20,Jaipur,Rajasthan,44.1,37.5,40.8,79.5,0.0,6.7,281,Poor,1005.6,69.3,2025,4,20,6,Sunday,6.600000000000001,3243.6
2025-04-20,Lucknow,Uttar Pradesh,25.6,19.1,22.3,77.4,0.0,4.0,222,Poor,995.3,5.8,2025,4,20,6,Sunday,6.5,1726.0200000000002
2025-04-20,Bhopal,Madhya Pradesh,43.1,36.6,39.8,78.8,5.8,21.6,148,Moderate,1012.4,82.1,2025,4,20,6,Sunday,6.5,3136.24
2025-04-21,Mumbai,Maharashtra,29.2,15.1,22.1,77.7,0.0,8.9,206,Poor,1011.8,59.0,2025,4,21,0,Monday,14.1,1717.17
2025-04-21,Delhi,Delhi,30.1,15.5,22.8,91.8,0.0,21.6,300,Poor,1021.0,54.2,2025,4,21,0,Monday,14.600000000000001,2093.04
2025-04-21,Bengaluru,Karnataka,39.1,29.1,34.1,53.6,0.0,5.8,230,Poor,996.1,6.0,2025,4,21,0,Monday,10.0,1827.7600000000002
2025-04-21,Chennai,Tamil Nadu,44.9,31.0,37.9,75.9,0.0,10.5,94,Satisfactory,992.8,65.2,2025,4,21,0,Monday,13.899999999999999,2876.61
2025-04-21,Kolkata,West Bengal,40.3,33.4,36.8,44.8,0.0,3.4,235,Poor,993.2,65.2,2025,4,21,0,Monday,6.899999999999999,1648.6399999999999
2025-04-21,Hyderabad,Telangana,28.9,15.1,22.0,75.6,3.1,18.9,107,Moderate,995.2,38.2,2025,4,21,0,Monday,13.799999999999999,1663.1999999999998
2025-04-21,Ahmedabad,Gujarat,30.9,23.0,26.9,93.4,0.0,2.0,128,Moderate,992.0,57.5,2025,4,21,0,Monday,7.899999999999999,2512.46
2025-04-21,Jaipur,Rajasthan,28.9,23.4,26.1,86.9,6.0,19.4,292,Poor,1000.1,22.9,2025,4,21,0,Monday,5.5,2268.09
2025-04-21,Lucknow,Uttar Pradesh,31.6,18.1,24.9,32.8,5.0,24.9,138,Moderate,1004.4,14.5,2025,4,21,0,Monday,13.5,816.7199999999999
2025-04-21,Bhopal,Madhya Pradesh,42.8,30.2,36.5,45.1,0.0,15.2,146,Moderate,1005.8,82.9,2025,4,21,0,Monday,12.599999999999998,1646.15
2025-04-22,Mumbai,Maharashtra,42.5,29.4,35.9,73.8,0.0,22.9,292,Poor,997.6,98.4,2025,4,22,1,Tuesday,13.100000000000001,2649.4199999999996
2025-04-22,Delhi,Delhi,44.0,36.9,40.4,58.0,0.0,23.9,335,Very Poor,1013.4,34.9,2025,4,22,1,Tuesday,7.100000000000001,2343.2
2025-04-22,Bengaluru,Karnataka,39.8,25.7,32.8,90.3,27.0,9.5,94,Satisfactory,1013.5,85.3,2025,4,22,1,Tuesday,14.099999999999998,2961.8399999999997
2025-04-22,Chennai,Tamil Nadu,37.2,28.4,32.8,45.9,0.0,22.2,296,Poor,1011.0,64.0,2025,4,22,1,Tuesday,8.800000000000004,1505.5199999999998
2025-04-22,Kolkata,West Bengal,35.2,26.6,30.9,39.0,0.0,15.8,213,Poor,1005.4,81.5,2025,4,22,1,Tuesday,8.600000000000001,1205.1
2025-04-22,Hyderabad,Telangana,43.7,33.5,38.6,87.7,0.0,11.2,77,Satisfactory,1022.7,26.2,2025,4,22,1,Tuesday,10.200000000000003,3385.2200000000003
2025-04-22,Ahmedabad,Gujarat,41.6,30.8,36.2,48.5,0.0,20.9,298,Poor,1003.8,69.3,2025,4,22,1,Tuesday,10.8,1755.7
2025-04-22,Jaipur,Rajasthan,41.9,34.3,38.1,52.8,6.0,15.4,301,Very Poor,1024.4,46.7,2025,4,22,1,Tuesday,7.600000000000001,2011.68
2025-04-22,Lucknow,Uttar Pradesh,41.4,27.3,34.3,94.2,0.0,21.6,54,Satisfactory,1019.3,36.9,2025,4,22,1,Tuesday,14.099999999999998,3231.06
2025-04-22,Bhopal,Madhya Pradesh,35.2,25.5,30.3,35.6,8.0,4.3,160,Moderate,1020.1,75.2,2025,4,22,1,Tuesday,9.700000000000003,1078.68
2025-04-23,Mumbai,Maharashtra,37.6,30.7,34.2,94.1,0.0,2.4,281,Poor,1010.5,18.7,2025,4,23,2,Wednesday,6.900000000000002,3218.2200000000003
2025-04-23,Delhi,Delhi,33.3,24.9,29.1,34.8,0.0,9.7,329,Very Poor,1003.7,33.2,2025,4,23,2,Wednesday,8.399999999999999,1012.68
2025-04-23,Bengaluru,Karnataka,39.4,24.9,32.1,86.8,58.8,17.7,199,Moderate,996.6,66.6,2025,4,23,2,Wednesday,14.5,2786.28
2025-04-23,Chennai,Tamil Nadu,44.6,34.5,39.6,32.5,74.2,18.8,188,Moderate,992.0,7.2,2025,4,23,2,Wednesday,10.100000000000001,1287.0
2025-04-23,Kolkata,West Bengal,45.0,31.3,38.1,90.7,0.0,2.6,265,Poor,1022.1,25.8,2025,4,23,2,Wednesday,13.7,3455.67
2025-04-23,Hyderabad,Telangana,38.2,31.6,34.9,42.7,0.0,11.4,77,Satisfactory,1013.3,21.3,2025,4,23,2,Wednesday,6.600000000000001,1490.23
2025-04-23,Ahmedabad,Gujarat,32.8,24.9,28.9,72.2,10.3,12.0,217,Poor,1013.2,85.8,2025,4,23,2,Wednesday,7.899999999999999,2086.58
2025-04-23,Jaipur,Rajasthan,26.9,20.5,23.7,81.3,0.0,9.0,240,Poor,1017.5,74.5,2025,4,23,2,Wednesday,6.399999999999999,1926.81
2025-04-23,Lucknow,Uttar Pradesh,32.5,25.2,28.8,63.5,50.3,2.4,298,Poor,1024.9,70.7,2025,4,23,2,Wednesday,7.300000000000001,1828.8
2025-04-23,Bhopal,Madhya Pradesh,31.7,21.6,26.7,81.8,0.0,17.2,149,Moderate,1022.7,46.7,2025,4,23,2,Wednesday,10.099999999999998,2184.06
2025-04-24,Mumbai,Maharashtra,42.9,31.1,37.0,55.2,0.0,3.6,144,Moderate,1011.4,35.7,2025,4,24,3,Thursday,11.799999999999997,2042.4
2025-04-24,Delhi,Delhi,34.6,22.4,28.5,48.0,0.0,18.0,125,Moderate,1023.6,67.6,2025,4,24,3,Thursday,12.200000000000003,1368.0
2025-04-24,Bengaluru,Karnataka,28.6,21.3,25.0,44.4,16.8,22.4,289,Poor,1011.5,10.9,2025,4,24,3,Thursday,7.300000000000001,1110.0
2025-04-24,Chennai,Tamil Nadu,26.2,20.2,23.2,51.1,0.0,4.6,107,Moderate,1020.1,39.5,2025,4,24,3,Thursday,6.0,1185.52
2025-04-24,Kolkata,West Bengal,34.7,29.4,32.1,69.0,2.6,20.6,338,Very Poor,998.0,49.0,2025,4,24,3,Thursday,5.300000000000004,2214.9
2025-04-24,Hyderabad,Telangana,39.5,24.8,32.2,90.3,6.1,18.1,230,Poor,1010.6,71.3,2025,4,24,3,Thursday,14.7,2907.6600000000003
2025-04-24,Ahmedabad,Gujarat,35.4,26.2,30.8,32.9,0.0,8.2,62,Satisfactory,991.0,5.1,2025,4,24,3,Thursday,9.2,1013.3199999999999
2025-04-24,Jaipur,Rajasthan,32.2,25.3,28.8,47.2,0.0,12.7,149,Moderate,1024.7,93.5,2025,4,24,3,Thursday,6.900000000000002,1359.3600000000001
2025-04-24,Lucknow,Uttar Pradesh,31.4,24.0,27.7,40.1,4.7,7.4,223,Poor,1015.8,32.4,2025,4,24,3,Thursday,7.399999999999999,1110.77
2025-04-24,Bhopal,Madhya Pradesh,37.8,26.1,31.9,41.4,0.0,3.7,144,Moderate,1008.1,13.3,2025,4,24,3,Thursday,11.699999999999996,1320.6599999999999
2025-04-25,Mumbai,Maharashtra,38.7,29.6,34.2,48.2,0.0,8.9,106,Moderate,1012.4,96.7,2025,4,25,4,Friday,9.100000000000001,1648.4400000000003
2025-04-25,Delhi,Delhi,38.1,24.0,31.1,60.0,0.0,10.3,95,Satisfactory,999.0,26.3,2025,4,25,4,Friday,14.100000000000001,1866.0
2025-04-25,Bengaluru,Karnataka,39.7,25.2,32.5,55.0,0.0,18.6,83,Satisfactory,1012.7,91.0,2025,4,25,4,Friday,14.500000000000004,1787.5
2025-04-25,Chennai,Tamil Nadu,28.4,20.0,24.2,61.9,73.5,7.1,328,Very Poor,1015.5,41.4,2025,4,25,4,Friday,8.399999999999999,1497.98
2025-04-25,Kolkata,West Bengal,29.3,22.9,26.1,84.8,0.0,22.4,220,Poor,1013.7,66.9,2025,4,25,4,Friday,6.400000000000002,2213.28
2025-04-25,Hyderabad,Telangana,40.3,31.1,35.7,38.6,0.0,7.2,92,Satisfactory,1014.4,30.6,2025,4,25,4,Friday,9.199999999999996,1378.0200000000002
2025-04-25,Ahmedabad,Gujarat,42.8,36.2,39.5,52.4,0.0,23.0,150,Moderate,1013.1,39.2,2025,4,25,4,Friday,6.599999999999994,2069.7999999999997
2025-04-25,Jaipur,Rajasthan,35.1,29.7,32.4,90.2,2.3,21.0,65,Satisfactory,995.8,56.0,2025,4,25,4,Friday,5.400000000000002,2922.48
2025-04-25,Lucknow,Uttar Pradesh,41.1,31.2,36.2,40.3,0.0,12.6,152,Moderate,998.2,95.3,2025,4,25,4,Friday,9.900000000000002,1458.86
2025-04-25,Bhopal,Madhya Pradesh,36.4,22.0,29.2,55.6,21.4,20.4,323,Very Poor,997.7,36.6,2025,4,25,4,Friday,14.399999999999999,1623.52
2025-04-26,Mumbai,Maharashtra,35.7,25.2,30.5,72.1,7.6,23.5,76,Satisfactory,1018.7,9.4,2025,4,26,5,Saturday,10.500000000000004,2199.0499999999997
2025-04-26,Delhi,Delhi,42.7,37.4,40.1,81.6,0.0,6.5,62,Satisfactory,991.7,75.8,2025,4,26,5,Saturday,5.300000000000004,3272.16
2025-04-26,Bengaluru,Karnataka,43.9,35.9,39.9,81.6,0.0,2.7,43,Good,1013.0,94.6,2025,4,26,5,Saturday,8.0,3255.8399999999997
2025-04-26,Chennai,Tamil Nadu,30.4,18.4,24.4,86.6,0.0,6.9,176,Moderate,992.5,39.1,2025,4,26,5,Saturday,12.0,2113.04
2025-04-26,Kolkata,West Bengal,34.6,28.2,31.4,60.2,0.0,4.7,274,Poor,1018.5,24.1,2025,4,26,5,Saturday,6.400000000000002,1890.28
2025-04-26,Hyderabad,Telangana,34.5,24.7,29.6,71.9,0.0,11.6,40,Good,1005.0,69.3,2025,4,26,5,Saturday,9.8,2128.2400000000002
2025-04-26,Ahmedabad,Gujarat,44.2,37.4,40.8,46.2,10.4,2.8,176,Moderate,994.2,27.8,2025,4,26,5,Saturday,6.800000000000004,1884.96
2025-04-26,Jaipur,Rajasthan,35.4,29.3,32.3,34.8,28.0,11.0,60,Satisfactory,1016.7,23.1,2025,4,26,5,Saturday,6.099999999999998,1124.0399999999997
2025-04-26,Lucknow,Uttar Pradesh,36.1,22.9,29.5,88.4,0.0,17.4,227,Poor,999.8,85.2,2025,4,26,5,Saturday,13.200000000000003,2607.8
2025-04-26,Bhopal,Madhya Pradesh,42.2,31.5,36.8,80.2,0.0,16.0,265,Poor,1008.7,76.8,2025,4,26,5,Saturday,10.700000000000003,2951.3599999999997
2025-04-27,Mumbai,Maharashtra,37.6,32.0,34.8,88.7,0.0,20.8,152,Moderate,1006.3,66.5,2025,4,27,6,Sunday,5.600000000000001,3086.7599999999998
2025-04-27,Delhi,Delhi,39.9,32.3,36.1,76.8,0.0,8.4,254,Poor,1018.4,82.3,2025,4,27,6,Sunday,7.600000000000001,2772.48
2025-04-27,Bengaluru,Karnataka,43.5,36.9,40.2,47.5,0.0,18.0,216,Poor,999.5,32.2,2025,4,27,6,Sunday,6.600000000000001,1909.5000000000002
2025-04-27,Chennai,Tamil Nadu,28.9,20.2,24.5,33.8,32.2,14.2,255,Poor,998.0,23.4,2025,4,27,6,Sunday,8.7,828.0999999999999
2025-04-27,Kolkata,West Bengal,44.3,37.5,40.9,37.5,3.9,12.8,155,Moderate,992.2,92.5,2025,4,27,6,Sunday,6.799999999999997,1533.75
2025-04-27,Hyderabad,Telangana,38.4,26.7,32.5,33.7,16.2,20.3,229,Poor,994.6,63.4,2025,4,27,6,Sunday,11.7,1095.25
2025-04-27,Ahmedabad,Gujarat,25.0,15.7,20.4,76.3,1.9,2.2,315,Very Poor,1019.9,6.8,2025,4,27,6,Sunday,9.3,1556.5199999999998
2025-04-27,Jaipur,Rajasthan,31.7,19.7,25.7,81.2,0.0,15.4,268,Poor,1000.2,99.3,2025,4,27,6,Sunday,12.0,2086.84
2025-04-27,Lucknow,Uttar Pradesh,30.5,19.1,24.8,58.3,0.0,3.1,108,Moderate,1024.5,39.1,2025,4,27,6,Sunday,11.399999999999999,1445.84
2025-04-27,Bhopal,Madhya Pradesh,34.8,26.9,30.9,45.1,0.0,10.9,216,Poor,1008.6,35.4,2025,4,27,6,Sunday,7.899999999999999,1393.59
2025-04-28,Mumbai,Maharashtra,26.6,17.9,22.3,45.4,4.4,16.5,220,Poor,1004.5,22.3,2025,4,28,0,Monday,8.700000000000003,1012.42
2025-04-28,Delhi,Delhi,44.3,37.5,40.9,34.5,0.0,21.2,334,Very Poor,1007.3,28.4,2025,4,28,0,Monday,6.799999999999997,1411.05
2025-04-28,Bengaluru,Karnataka,27.5,21.3,24.4,45.9,0.0,18.8,200,Moderate,1016.7,27.6,2025,4,28,0,Monday,6.199999999999999,1119.9599999999998
2025-04-28,Chennai,Tamil Nadu,35.4,21.7,28.5,31.7,0.0,5.1,184,Moderate,1010.2,34.1,2025,4,28,0,Monday,13.7,903.4499999999999
2025-04-28,Kolkata,West Bengal,41.4,31.2,36.3,63.5,2.9,7.4,150,Moderate,1001.2,79.9,2025,4,28,0,Monday,10.2,2305.0499999999997
2025-04-28,Hyderabad,Telangana,33.1,24.4,28.7,40.5,0.0,12.5,53,Satisfactory,995.5,21.9,2025,4,28,0,Monday,8.700000000000003,1162.35
2025-04-28,Ahmedabad,Gujarat,25.3,15.4,20.3,56.6,0.0,20.1,216,Poor,997.4,28.5,2025,4,28,0,Monday,9.9,1148.98
2025-04-28,Jaipur,Rajasthan,25.1,19.9,22.5,39.2,2.3,9.2,90,Satisfactory,998.4,83.2,2025,4,28,0,Monday,5.200000000000003,882.0000000000001
2025-04-28,Lucknow,Uttar Pradesh,38.6,24.3,31.4,45.1,0.0,8.3,347,Very Poor,1006.9,27.0,2025,4,28,0,Monday,14.3,1416.1399999999999
2025-04-28,Bhopal,Madhya Pradesh,25.9,16.3,21.1,65.6,46.4,22.2,40,Good,1000.8,57.4,2025,4,28,0,Monday,9.599999999999998,1384.16
2025-04-29,Mumbai,Maharashtra,33.2,26.6,29.9,76.2,0.0,23.3,234,Poor,1005.6,84.8,2025,4,29,1,Tuesday,6.600000000000001,2278.38
2025-04-29,Delhi,Delhi,44.5,32.1,38.3,77.3,0.0,2.4,163,Moderate,1014.9,27.4,2025,4,29,1,Tuesday,12.399999999999999,2960.5899999999997
2025-04-29,Bengaluru,Karnataka,30.7,23.7,27.2,34.4,0.0,2.5,134,Moderate,1022.9,96.8,2025,4,29,1,Tuesday,7.0,935.68
2025-04-29,Chennai,Tamil Nadu,30.2,24.2,27.2,88.8,52.7,22.9,311,Very Poor,1019.0,78.5,2025,4,29,1,Tuesday,6.0,2415.3599999999997
2025-04-29,Kolkata,West Bengal,42.5,33.8,38.2,93.3,0.0,17.8,85,Satisfactory,1002.6,83.5,2025,4,29,1,Tuesday,8.700000000000003,3564.06
2025-04-29,Hyderabad,Telangana,43.2,35.1,39.1,39.9,8.6,8.8,61,Satisfactory,1022.7,25.8,2025,4,29,1,Tuesday,8.100000000000001,1560.09
2025-04-29,Ahmedabad,Gujarat,43.7,37.1,40.4,91.4,0.0,3.7,225,Poor,1001.5,38.4,2025,4,29,1,Tuesday,6.600000000000001,3692.56
2025-04-29,Jaipur,Rajasthan,44.5,37.8,41.2,51.4,5.9,11.3,152,Moderate,1023.2,64.8,2025,4,29,1,Tuesday,6.700000000000003,2117.6800000000003
2025-04-29,Lucknow,Uttar Pradesh,39.4,26.0,32.7,82.0,0.0,10.9,43,Good,1000.9,76.5,2025,4,29,1,Tuesday,13.399999999999999,2681.4
2025-04-29,Bhopal,Madhya Pradesh,30.9,24.5,27.7,38.4,63.4,13.8,60,Satisfactory,1001.9,83.8,2025,4,29,1,Tuesday,6.399999999999999,1063.6799999999998
2025-04-30,Mumbai,Maharashtra,26.9,18.4,22.6,59.1,0.0,13.4,326,Very Poor,997.5,47.9,2025,4,30,2,Wednesday,8.5,1335.66
2025-04-30,Delhi,Delhi,32.9,25.8,29.3,51.9,0.0,19.4,307,Very Poor,1010.5,68.2,2025,4,30,2,Wednesday,7.099999999999998,1520.67
2025-04-30,Bengaluru,Karnataka,42.3,35.3,38.8,70.5,7.2,6.2,269,Poor,1018.0,20.3,2025,4,30,2,Wednesday,7.0,2735.3999999999996
2025-04-30,Chennai,Tamil Nadu,28.0,19.2,23.6,39.3,0.0,11.3,73,Satisfactory,1013.7,14.0,2025,4,30,2,Wednesday,8.8,927.48
2025-04-30,Kolkata,West Bengal,27.9,16.4,22.1,89.1,0.0,24.1,162,Moderate,1000.7,45.0,2025,4,30,2,Wednesday,11.5,1969.11
2025-04-30,Hyderabad,Telangana,25.9,12.7,19.3,31.6,0.0,8.7,244,Poor,1002.1,96.6,2025,4,30,2,Wednesday,13.2,609.88
2025-04-30,Ahmedabad,Gujarat,35.9,29.6,32.7,55.4,0.0,15.7,236,Poor,1014.5,39.8,2025,4,30,2,Wednesday,6.299999999999997,1811.5800000000002
2025-04-30,Jaipur,Rajasthan,40.3,33.4,36.9,69.1,0.0,8.6,73,Satisfactory,1022.7,39.0,2025,4,30,2,Wednesday,6.899999999999999,2549.7899999999995
2025-04-30,Lucknow,Uttar Pradesh,26.7,19.8,23.3,38.3,5.0,22.3,179,Moderate,1006.6,89.4,2025,4,30,2,Wednesday,6.899999999999999,892.39
2025-04-30,Bhopal,Madhya Pradesh,37.8,31.2,34.5,33.4,1.7,6.0,253,Poor,994.6,93.1,2025,4,30,2,Wednesday,6.599999999999998,1152.3
2025-05-01,Mumbai,Maharashtra,34.5,28.5,31.5,85.4,1.2,11.2,293,Poor,1021.9,9.8,2025,5,1,3,Thursday,6.0,2690.1000000000004
2025-05-01,Delhi,Delhi,36.1,25.0,30.5,94.1,0.0,20.6,330,Very Poor,1016.6,97.0,2025,5,1,3,Thursday,11.100000000000001,2870.0499999999997
2025-05-01,Bengaluru,Karnataka,29.3,19.6,24.5,89.2,0.0,10.1,178,Moderate,1013.3,78.8,2025,5,1,3,Thursday,9.7,2185.4
2025-05-01,Chennai,Tamil Nadu,26.1,14.8,20.5,89.9,0.0,22.4,285,Poor,1017.5,96.4,2025,5,1,3,Thursday,11.3,1842.95
2025-05-01,Kolkata,West Bengal,31.4,17.4,24.4,73.5,0.0,20.1,41,Good,1011.6,55.1,2025,5,1,3,Thursday,14.0,1793.3999999999999
2025-05-01,Hyderabad,Telangana,33.7,27.1,30.4,59.5,0.0,15.7,346,Very Poor,1007.6,17.4,2025,5,1,3,Thursday,6.600000000000001,1808.8
2025-05-01,Ahmedabad,Gujarat,33.5,23.4,28.5,72.1,0.0,10.8,261,Poor,997.0,93.0,2025,5,1,3,Thursday,10.100000000000001,2054.85
2025-05-01,Jaipur,Rajasthan,43.0,29.5,36.2,75.7,0.0,5.0,88,Satisfactory,1012.1,64.3,2025,5,1,3,Thursday,13.5,2740.34
2025-05-01,Lucknow,Uttar Pradesh,32.0,26.4,29.2,76.5,9.9,13.0,119,Moderate,993.3,74.0,2025,5,1,3,Thursday,5.600000000000001,2233.7999999999997
2025-05-01,Bhopal,Madhya Pradesh,32.8,20.7,26.8,88.8,0.0,4.8,206,Poor,1008.1,86.8,2025,5,1,3,Thursday,12.099999999999998,2379.84
2025-05-02,Mumbai,Maharashtra,40.0,29.5,34.7,65.5,0.0,12.1,90,Satisfactory,1018.3,83.8,2025,5,2,4,Friday,10.5,2272.8500000000004
2025-05-02,Delhi,Delhi,36.1,26.9,31.5,67.1,29.6,23.5,50,Good,993.7,71.8,2025,5,2,4,Friday,9.200000000000003,2113.6499999999996
2025-05-02,Bengaluru,Karnataka,25.9,11.4,18.6,75.2,3.3,22.0,304,Very Poor,990.7,82.7,2025,5,2,4,Friday,14.499999999999998,1398.7200000000003
2025-05-02,Chennai,Tamil Nadu,36.9,27.1,32.0,37.2,44.3,20.5,277,Poor,1007.4,79.6,2025,5,2,4,Friday,9.799999999999997,1190.4
2025-05-02,Kolkata,West Bengal,36.6,29.4,33.0,52.6,0.0,19.5,345,Very Poor,991.2,43.0,2025,5,2,4,Friday,7.200000000000003,1735.8
2025-05-02,Hyderabad,Telangana,40.9,28.4,34.7,47.9,6.5,12.0,142,Moderate,1008.6,98.9,2025,5,2,4,Friday,12.5,1662.13
2025-05-02,Ahmedabad,Gujarat,29.3,19.8,24.6,64.1,0.0,11.5,345,Very Poor,1013.1,78.5,2025,5,2,4,Friday,9.5,1576.86
2025-05-02,Jaipur,Rajasthan,28.5,20.0,24.2,40.9,48.4,24.7,151,Moderate,1009.3,16.2,2025,5,2,4,Friday,8.5,989.78
2025-05-02,Lucknow,Uttar Pradesh,25.7,12.2,19.0,31.2,0.0,7.9,230,Poor,1009.3,12.1,2025,5,2,4,Friday,13.5,592.8
2025-05-02,Bhopal,Madhya Pradesh,38.4,23.7,31.1,88.5,0.0,15.5,265,Poor,1004.1,37.0,2025,5,2,4,Friday,14.7,2752.35
2025-05-03,Mumbai,Maharashtra,30.9,22.1,26.5,53.9,0.0,22.4,318,Very Poor,990.5,95.0,2025,5,3,5,Saturday,8.799999999999997,1428.35
2025-05-03,Delhi,Delhi,33.4,21.8,27.6,94.4,16.8,5.1,119,Moderate,999.0,88.0,2025,5,3,5,Saturday,11.599999999999998,2605.4400000000005
2025-05-03,Bengaluru,Karnataka,39.9,30.4,35.2,79.4,0.0,7.7,336,Very Poor,1001.0,35.7,2025,5,3,5,Saturday,9.5,2794.8800000000006
2025-05-03,Chennai,Tamil Nadu,35.7,26.0,30.9,62.7,10.0,9.2,252,Poor,1006.5,22.5,2025,5,3,5,Saturday,9.700000000000003,1937.43
2025-05-03,Kolkata,West Bengal,31.9,19.4,25.6,43.9,0.0,3.6,242,Poor,1001.1,56.8,2025,5,3,5,Saturday,12.5,1123.84
2025-05-03,Hyderabad,Telangana,33.5,23.5,28.5,65.3,0.0,6.7,219,Poor,1008.7,77.0,2025,5,3,5,Saturday,10.0,1861.05
2025-05-03,Ahmedabad,Gujarat,29.4,22.4,25.9,32.4,0.0,19.6,238,Poor,1003.5,68.6,2025,5,3,5,Saturday,7.0,839.16
2025-05-03,Jaipur,Rajasthan,37.1,23.0,30.1,31.0,0.0,24.7,222,Poor,997.6,22.4,2025,5,3,5,Saturday,14.100000000000001,933.1
2025-05-03,Lucknow,Uttar Pradesh,30.6,22.2,26.4,89.9,0.0,10.0,50,Good,998.7,17.8,2025,5,3,5,Saturday,8.400000000000002,2373.36
2025-05-03,Bhopal,Madhya Pradesh,44.8,33.2,39.0,80.5,0.7,18.6,159,Moderate,1003.8,41.8,2025,5,3,5,Saturday,11.599999999999994,3139.5
2025-05-04,Mumbai,Maharashtra,28.1,15.5,21.8,44.0,0.0,19.6,223,Poor,1021.5,9.9,2025,5,4,6,Sunday,12.600000000000001,959.2
2025-05-04,Delhi,Delhi,33.2,27.4,30.3,74.3,6.2,8.6,92,Satisfactory,1013.7,75.6,2025,5,4,6,Sunday,5.800000000000004,2251.29
2025-05-04,Bengaluru,Karnataka,44.1,35.7,39.9,76.4,0.0,8.3,120,Moderate,998.2,54.3,2025,5,4,6,Sunday,8.399999999999999,3048.36
2025-05-04,Chennai,Tamil Nadu,35.9,28.1,32.0,30.1,3.7,2.7,121,Moderate,999.0,98.6,2025,5,4,6,Sunday,7.799999999999997,963.2
2025-05-04,Kolkata,West Bengal,40.5,30.5,35.5,37.9,77.6,17.9,150,Moderate,1007.9,35.3,2025,5,4,6,Sunday,10.0,1345.45
2025-05-04,Hyderabad,Telangana,31.9,17.7,24.8,43.7,0.0,2.1,275,Poor,999.5,52.4,2025,5,4,6,Sunday,14.2,1083.76
2025-05-04,Ahmedabad,Gujarat,36.4,27.5,32.0,73.2,0.0,20.5,121,Moderate,1008.5,21.8,2025,5,4,6,Sunday,8.899999999999999,2342.4
2025-05-04,Jaipur,Rajasthan,40.3,28.8,34.6,91.4,4.7,7.9,135,Moderate,1001.3,23.7,2025,5,4,6,Sunday,11.499999999999996,3162.4400000000005
2025-05-04,Lucknow,Uttar Pradesh,41.6,30.8,36.2,37.1,54.3,21.8,55,Satisfactory,992.2,87.3,2025,5,4,6,Sunday,10.8,1343.0200000000002
2025-05-04,Bhopal,Madhya Pradesh,28.1,22.0,25.0,41.8,8.1,23.2,238,Poor,1003.7,5.3,2025,5,4,6,Sunday,6.100000000000001,1045.0
2025-05-05,Mumbai,Maharashtra,42.4,27.6,35.0,53.7,0.0,16.5,312,Very Poor,996.1,47.4,2025,5,5,0,Monday,14.799999999999997,1879.5
2025-05-05,Delhi,Delhi,40.8,30.1,35.4,82.6,0.0,19.8,336,Very Poor,1021.2,58.5,2025,5,5,0,Monday,10.699999999999996,2924.0399999999995
2025-05-05,Bengaluru,Karnataka,39.6,28.9,34.2,69.8,0.0,8.1,150,Moderate,1021.3,94.8,2025,5,5,0,Monday,10.700000000000003,2387.1600000000003
2025-05-05,Chennai,Tamil Nadu,43.5,33.0,38.2,60.8,0.0,2.4,62,Satisfactory,990.5,64.6,2025,5,5,0,Monday,10.5,2322.56
2025-05-05,Kolkata,West Bengal,39.7,28.5,34.1,59.8,0.0,14.8,103,Moderate,1019.5,6.6,2025,5,5,0,Monday,11.200000000000003,2039.18
2025-05-05,Hyderabad,Telangana,35.4,24.9,30.2,35.6,0.0,18.1,171,Moderate,1017.0,48.7,2025,5,5,0,Monday,10.5,1075.1200000000001
2025-05-05,Ahmedabad,Gujarat,39.1,28.6,33.8,86.6,0.0,21.2,173,Moderate,1004.8,73.3,2025,5,5,0,Monday,10.5,2927.0799999999995
2025-05-05,Jaipur,Rajasthan,25.0,16.0,20.5,39.6,0.0,4.8,122,Moderate,1015.5,76.7,2025,5,5,0,Monday,9.0,811.8000000000001
2025-05-05,Lucknow,Uttar Pradesh,34.9,25.3,30.1,53.1,23.0,21.2,194,Moderate,1004.6,73.5,2025,5,5,0,Monday,9.599999999999998,1598.3100000000002
2025-05-05,Bhopal,Madhya Pradesh,26.7,13.5,20.1,44.3,7.1,12.8,52,Satisfactory,1014.6,8.1,2025,5,5,0,Monday,13.2,890.43
2025-05-06,Mumbai,Maharashtra,42.9,30.4,36.7,83.9,0.0,7.6,321,Very Poor,1015.7,83.8,2025,5,6,1,Tuesday,12.5,3079.1300000000006
2025-05-06,Delhi,Delhi,35.3,26.2,30.8,84.0,7.6,22.3,67,Satisfactory,993.1,69.6,2025,5,6,1,Tuesday,9.099999999999998,2587.2000000000003
2025-05-06,Bengaluru,Karnataka,40.0,28.7,34.3,31.0,0.0,5.5,78,Satisfactory,1006.9,16.0,2025,5,6,1,Tuesday,11.3,1063.3
2025-05-06,Chennai,Tamil Nadu,30.1,25.1,27.6,47.9,52.1,4.8,159,Moderate,1020.3,42.2,2025,5,6,1,Tuesday,5.0,1322.04
2025-05-06,Kolkata,West Bengal,32.0,25.7,28.9,61.1,71.3,20.1,311,Very Poor,1011.8,52.3,2025,5,6,1,Tuesday,6.300000000000001,1765.79
2025-05-06,Hyderabad,Telangana,39.8,33.2,36.5,74.4,51.7,17.0,79,Satisfactory,1022.9,87.3,2025,5,6,1,Tuesday,6.599999999999994,2715.6000000000004
2025-05-06,Ahmedabad,Gujarat,25.2,16.4,20.8,86.2,0.0,19.2,115,Moderate,995.8,27.7,2025,5,6,1,Tuesday,8.8,1792.96
2025-05-06,Jaipur,Rajasthan,36.0,28.1,32.0,82.8,56.3,16.0,43,Good,998.5,83.9,2025,5,6,1,Tuesday,7.899999999999999,2649.6
2025-05-06,Lucknow,Uttar Pradesh,30.1,21.3,25.7,42.7,0.0,8.8,108,Moderate,1005.2,32.7,2025,5,6,1,Tuesday,8.8,1097.39
2025-05-06,Bhopal,Madhya Pradesh,32.0,21.0,26.5,72.1,0.0,18.4,182,Moderate,992.9,68.2,2025,5,6,1,Tuesday,11.0,1910.6499999999999
2025-05-07,Mumbai,Maharashtra,36.4,29.5,33.0,58.2,0.0,10.1,79,Satisfactory,990.1,13.5,2025,5,7,2,Wednesday,6.899999999999999,1920.6000000000001
2025-05-07,Delhi,Delhi,30.9,18.3,24.6,63.2,0.0,13.5,189,Moderate,1022.6,59.1,2025,5,7,2,Wednesday,12.599999999999998,1554.7200000000003
2025-05-07,Bengaluru,Karnataka,42.4,36.7,39.5,72.6,1.2,13.6,189,Moderate,1013.1,78.4,2025,5,7,2,Wednesday,5.699999999999996,2867.7
2025-05-07,Chennai,Tamil Nadu,43.1,33.7,38.4,88.0,0.0,8.8,170,Moderate,1020.4,45.7,2025,5,7,2,Wednesday,9.399999999999999,3379.2
2025-05-07,Kolkata,West Bengal,34.8,26.9,30.9,62.0,0.0,21.2,308,Very Poor,1014.0,25.2,2025,5,7,2,Wednesday,7.899999999999999,1915.8
2025-05-07,Hyderabad,Telangana,26.7,17.3,22.0,45.5,5.4,23.5,226,Poor,1014.8,38.8,2025,5,7,2,Wednesday,9.399999999999999,1001.0
2025-05-07,Ahmedabad,Gujarat,42.8,35.1,38.9,37.7,1.4,17.1,236,Poor,1005.9,74.3,2025,5,7,2,Wednesday,7.699999999999996,1466.53
2025-05-07,Jaipur,Rajasthan,37.6,30.5,34.1,50.3,3.5,7.8,167,Moderate,991.9,77.9,2025,5,7,2,Wednesday,7.100000000000001,1715.23
2025-05-07,Lucknow,Uttar Pradesh,29.4,23.2,26.3,30.8,4.3,24.5,144,Moderate,997.2,28.1,2025,5,7,2,Wednesday,6.199999999999999,810.0400000000001
2025-05-07,Bhopal,Madhya Pradesh,34.3,22.3,28.3,52.9,1.1,7.7,104,Moderate,994.8,55.1,2025,5,7,2,Wednesday,11.999999999999996,1497.07
2025-05-08,Mumbai,Maharashtra,32.5,19.7,26.1,44.3,0.0,14.1,84,Satisfactory,1011.5,24.0,2025,5,8,3,Thursday,12.8,1156.23
2025-05-08,Delhi,Delhi,35.6,23.7,29.7,60.2,0.8,16.3,345,Very Poor,1012.5,42.9,2025,5,8,3,Thursday,11.900000000000002,1787.94
2025-05-08,Bengaluru,Karnataka,27.7,15.3,21.5,57.4,0.0,23.6,99,Satisfactory,1021.9,10.0,2025,5,8,3,Thursday,12.399999999999999,1234.1
2025-05-08,Chennai,Tamil Nadu,38.5,24.3,31.4,58.0,0.0,14.7,329,Very Poor,1003.5,58.0,2025,5,8,3,Thursday,14.2,1821.1999999999998
2025-05-08,Kolkata,West Bengal,34.7,29.4,32.0,67.8,0.0,19.1,346,Very Poor,1021.8,39.4,2025,5,8,3,Thursday,5.300000000000004,2169.6
2025-05-08,Hyderabad,Telangana,28.0,16.6,22.3,32.3,0.0,4.3,44,Good,1000.2,59.7,2025,5,8,3,Thursday,11.399999999999999,720.29
2025-05-08,Ahmedabad,Gujarat,34.6,23.4,29.0,56.2,0.8,13.6,250,Poor,1014.3,24.7,2025,5,8,3,Thursday,11.200000000000003,1629.8000000000002
2025-05-08,Jaipur,Rajasthan,28.2,19.3,23.8,34.4,47.7,23.7,228,Poor,1024.9,14.6,2025,5,8,3,Thursday,8.899999999999999,818.72
2025-05-08,Lucknow,Uttar Pradesh,33.2,22.8,28.0,50.1,59.5,14.2,153,Moderate,1001.5,94.1,2025,5,8,3,Thursday,10.400000000000002,1402.8
2025-05-08,Bhopal,Madhya Pradesh,43.3,29.7,36.5,64.4,6.8,5.7,260,Poor,1014.2,5.3,2025,5,8,3,Thursday,13.599999999999998,2350.6000000000004
2025-05-09,Mumbai,Maharashtra,36.1,28.5,32.3,82.2,0.0,11.2,118,Moderate,995.9,31.2,2025,5,9,4,Friday,7.600000000000001,2655.06
2025-05-09,Delhi,Delhi,25.9,16.3,21.1,64.0,42.4,2.9,52,Satisfactory,1011.5,87.3,2025,5,9,4,Friday,9.599999999999998,1350.4
2025-05-09,Bengaluru,Karnataka,34.9,24.0,29.5,42.4,0.0,9.3,147,Moderate,1016.8,75.9,2025,5,9,4,Friday,10.899999999999999,1250.8
2025-05-09,Chennai,Tamil Nadu,34.8,23.1,29.0,52.3,0.0,9.1,215,Poor,1022.8,84.2,2025,5,9,4,Friday,11.699999999999996,1516.6999999999998
2025-05-09,Kolkata,West Bengal,36.3,30.7,33.5,72.2,3.3,3.0,104,Moderate,1011.2,58.6,2025,5,9,4,Friday,5.599999999999998,2418.7000000000003
2025-05-09,Hyderabad,Telangana,37.9,27.4,32.7,79.9,41.1,17.9,69,Satisfactory,1014.0,35.2,2025,5,9,4,Friday,10.5,2612.7300000000005
2025-05-09,Ahmedabad,Gujarat,44.0,37.9,41.0,94.5,0.0,13.8,151,Moderate,1017.7,97.2,2025,5,9,4,Friday,6.100000000000001,3874.5
2025-05-09,Jaipur,Rajasthan,25.4,14.2,19.8,76.2,0.0,17.1,107,Moderate,1007.3,75.6,2025,5,9,4,Friday,11.2,1508.7600000000002
2025-05-09,Lucknow,Uttar Pradesh,41.8,35.3,38.6,51.4,0.0,23.8,264,Poor,1014.7,25.7,2025,5,9,4,Friday,6.5,1984.04
2025-05-09,Bhopal,Madhya Pradesh,38.9,26.4,32.7,89.5,7.1,18.0,325,Very Poor,1010.1,38.6,2025,5,9,4,Friday,12.5,2926.65
2025-05-10,Mumbai,Maharashtra,35.3,24.0,29.6,57.0,7.8,4.5,256,Poor,1014.8,50.3,2025,5,10,5,Saturday,11.299999999999997,1687.2
2025-05-10,Delhi,Delhi,35.6,29.3,32.5,61.0,0.0,23.7,227,Poor,1017.3,39.6,2025,5,10,5,Saturday,6.300000000000001,1982.5
2025-05-10,Bengaluru,Karnataka,33.5,27.6,30.6,82.4,2.0,23.4,230,Poor,992.2,42.4,2025,5,10,5,Saturday,5.899999999999999,2521.4400000000005
2025-05-10,Chennai,Tamil Nadu,40.6,26.4,33.5,30.0,6.3,5.4,276,Poor,1021.3,19.7,2025,5,10,5,Saturday,14.200000000000003,1005.0
2025-05-10,Kolkata,West Bengal,30.8,20.2,25.5,69.5,0.0,2.1,261,Poor,998.4,54.0,2025,5,10,5,Saturday,10.600000000000001,1772.25
2025-05-10,Hyderabad,Telangana,40.9,35.2,38.0,47.7,0.0,11.0,276,Poor,999.5,9.8,2025,5,10,5,Saturday,5.699999999999996,1812.6000000000001
2025-05-10,Ahmedabad,Gujarat,30.8,16.4,23.6,87.7,0.0,12.9,78,Satisfactory,1002.4,90.6,2025,5,10,5,Saturday,14.400000000000002,2069.7200000000003
2025-05-10,Jaipur,Rajasthan,39.5,28.4,33.9,82.4,54.1,4.1,186,Moderate,993.7,42.4,2025,5,10,5,Saturday,11.100000000000001,2793.36
2025-05-10,Lucknow,Uttar Pradesh,29.0,23.2,26.1,31.4,7.7,10.3,229,Poor,1014.6,51.4,2025,5,10,5,Saturday,5.800000000000001,819.54
2025-05-10,Bhopal,Madhya Pradesh,32.4,26.6,29.5,91.6,31.8,8.9,135,Moderate,1005.5,76.7,2025,5,10,5,Saturday,5.799999999999997,2702.2
2025-05-11,Mumbai,Maharashtra,31.5,22.4,26.9,60.4,11.2,10.1,131,Moderate,993.6,77.1,2025,5,11,6,Sunday,9.100000000000001,1624.7599999999998
2025-05-11,Delhi,Delhi,28.6,14.0,21.3,89.8,72.9,16.6,77,Satisfactory,1008.5,25.7,2025,5,11,6,Sunday,14.600000000000001,1912.74
2025-05-11,Bengaluru,Karnataka,37.1,23.9,30.5,74.8,0.0,16.4,268,Poor,992.5,63.3,2025,5,11,6,Sunday,13.200000000000003,2281.4
2025-05-11,Chennai,Tamil Nadu,28.6,21.2,24.9,46.8,0.0,18.7,242,Poor,1003.0,15.0,2025,5,11,6,Sunday,7.400000000000002,1165.32
2025-05-11,Kolkata,West Bengal,38.3,30.7,34.5,32.3,0.0,17.9,201,Poor,1022.9,22.0,2025,5,11,6,Sunday,7.599999999999998,1114.35
2025-05-11,Hyderabad,Telangana,38.9,31.6,35.3,78.9,0.0,20.5,92,Satisfactory,1004.5,30.3,2025,5,11,6,Sunday,7.299999999999997,2785.17
2025-05-11,Ahmedabad,Gujarat,43.2,33.9,38.5,86.3,0.0,2.4,183,Moderate,1024.8,12.0,2025,5,11,6,Sunday,9.300000000000004,3322.5499999999997
2025-05-11,Jaipur,Rajasthan,42.6,29.4,36.0,60.6,0.0,8.6,124,Moderate,1000.5,40.9,2025,5,11,6,Sunday,13.200000000000003,2181.6
2025-05-11,Lucknow,Uttar Pradesh,30.0,21.5,25.8,54.6,4.9,21.8,263,Poor,998.7,16.7,2025,5,11,6,Sunday,8.5,1408.68
2025-05-11,Bhopal,Madhya Pradesh,43.5,38.1,40.8,30.9,57.9,19.3,111,Moderate,1010.1,71.6,2025,5,11,6,Sunday,5.399999999999999,1260.7199999999998
2025-05-12,Mumbai,Maharashtra,38.8,30.6,34.7,44.5,2.4,15.4,107,Moderate,992.2,8.6,2025,5,12,0,Monday,8.199999999999996,1544.15
2025-05-12,Delhi,Delhi,30.7,21.7,26.2,34.9,0.0,14.9,305,Very Poor,993.5,44.4,2025,5,12,0,Monday,9.0,914.3799999999999
2025-05-12,Bengaluru,Karnataka,38.2,32.2,35.2,85.1,6.8,6.0,327,Very Poor,1009.3,63.7,2025,5,12,0,Monday,6.0,2995.52
2025-05-12,Chennai,Tamil Nadu,26.3,17.6,22.0,90.9,0.0,2.6,72,Satisfactory,1001.5,78.0,2025,5,12,0,Monday,8.7,1999.8000000000002
2025-05-12,Kolkata,West Bengal,32.7,26.3,29.5,44.5,0.0,11.1,188,Moderate,1014.5,16.3,2025,5,12,0,Monday,6.400000000000002,1312.75
2025-05-12,Hyderabad,Telangana,30.5,21.7,26.1,83.4,9.3,17.6,185,Moderate,1019.5,90.4,2025,5,12,0,Monday,8.8,2176.7400000000002
2025-05-12,Ahmedabad,Gujarat,44.7,29.9,37.3,62.9,0.0,17.2,304,Very Poor,1008.0,8.4,2025,5,12,0,Monday,14.800000000000004,2346.1699999999996
2025-05-12,Jaipur,Rajasthan,43.8,38.5,41.2,81.3,0.0,14.7,251,Poor,1007.3,86.1,2025,5,12,0,Monday,5.299999999999997,3349.56
2025-05-12,Lucknow,Uttar Pradesh,33.3,21.4,27.3,92.7,37.2,19.0,307,Very Poor,1022.7,8.8,2025,5,12,0,Monday,11.899999999999999,2530.71
2025-05-12,Bhopal,Madhya Pradesh,40.8,27.7,34.3,68.8,0.0,14.1,130,Moderate,1015.9,61.6,2025,5,12,0,Monday,13.099999999999998,2359.8399999999997
2025-05-13,Mumbai,Maharashtra,37.0,31.2,34.1,30.3,4.1,14.6,338,Very Poor,1020.4,17.0,2025,5,13,1,Tuesday,5.800000000000001,1033.23
2025-05-13,Delhi,Delhi,43.4,32.4,37.9,33.8,4.6,6.4,96,Satisfactory,1006.9,24.5,2025,5,13,1,Tuesday,11.0,1281.0199999999998
2025-05-13,Bengaluru,Karnataka,30.0,24.7,27.3,76.5,3.1,3.5,324,Very Poor,1000.9,58.9,2025,5,13,1,Tuesday,5.300000000000001,2088.4500000000003
2025-05-13,Chennai,Tamil Nadu,33.0,23.0,28.0,78.8,0.0,6.5,169,Moderate,1016.8,16.9,2025,5,13,1,Tuesday,10.0,2206.4
2025-05-13,Kolkata,West Bengal,37.6,25.6,31.6,77.6,0.0,4.2,213,Poor,1013.2,91.4,2025,5,13,1,Tuesday,12.0,2452.16
2025-05-13,Hyderabad,Telangana,36.9,26.5,31.7,32.8,35.1,6.3,187,Moderate,1000.6,53.0,2025,5,13,1,Tuesday,10.399999999999999,1039.76
2025-05-13,Ahmedabad,Gujarat,33.0,24.9,28.9,39.6,0.0,14.6,235,Poor,1010.1,72.0,2025,5,13,1,Tuesday,8.100000000000001,1144.44
2025-05-13,Jaipur,Rajasthan,30.5,19.9,25.2,45.9,0.0,18.9,126,Moderate,999.6,92.4,2025,5,13,1,Tuesday,10.600000000000001,1156.6799999999998
2025-05-13,Lucknow,Uttar Pradesh,44.9,35.3,40.1,31.7,0.0,8.2,175,Moderate,1001.4,15.6,2025,5,13,1,Tuesday,9.600000000000001,1271.17
2025-05-13,Bhopal,Madhya Pradesh,32.3,20.9,26.6,42.7,9.1,2.9,326,Very Poor,1009.6,40.0,2025,5,13,1,Tuesday,11.399999999999999,1135.8200000000002
2025-05-14,Mumbai,Maharashtra,42.7,31.3,37.0,79.9,6.5,6.1,136,Moderate,1013.9,6.0,2025,5,14,2,Wednesday,11.400000000000002,2956.3
2025-05-14,Delhi,Delhi,35.3,27.0,31.2,75.1,0.0,18.6,273,Poor,1019.3,29.1,2025,5,14,2,Wednesday,8.299999999999997,2343.12
2025-05-14,Bengaluru,Karnataka,32.9,26.6,29.7,30.2,0.0,13.4,73,Satisfactory,1002.1,70.7,2025,5,14,2,Wednesday,6.299999999999997,896.9399999999999
2025-05-14,Chennai,Tamil Nadu,27.7,18.6,23.1,63.8,51.0,7.0,264,Poor,1010.9,67.2,2025,5,14,2,Wednesday,9.099999999999998,1473.78
2025-05-14,Kolkata,West Bengal,44.8,35.1,39.9,54.0,0.0,12.2,345,Very Poor,998.7,42.7,2025,5,14,2,Wednesday,9.699999999999996,2154.6
2025-05-14,Hyderabad,Telangana,32.0,19.9,25.9,46.3,0.0,7.2,170,Moderate,1015.1,69.6,2025,5,14,2,Wednesday,12.100000000000001,1199.1699999999998
2025-05-14,Ahmedabad,Gujarat,25.5,20.3,22.9,64.6,0.0,22.3,215,Poor,996.9,39.1,2025,5,14,2,Wednesday,5.199999999999999,1479.3399999999997
2025-05-14,Jaipur,Rajasthan,30.8,15.9,23.3,59.4,0.0,14.7,246,Poor,1024.4,62.0,2025,5,14,2,Wednesday,14.9,1384.02
2025-05-14,Lucknow,Uttar Pradesh,29.3,23.2,26.2,69.1,0.0,15.3,269,Poor,1006.4,18.5,2025,5,14,2,Wednesday,6.100000000000001,1810.4199999999998
2025-05-14,Bhopal,Madhya Pradesh,35.7,26.7,31.2,66.4,2.5,7.2,307,Very Poor,1016.2,54.5,2025,5,14,2,Wednesday,9.000000000000004,2071.6800000000003
2025-05-15,Mumbai,Maharashtra,41.9,32.0,37.0,42.7,0.0,4.5,143,Moderate,1012.1,40.5,2025,5,15,3,Thursday,9.899999999999999,1579.9
2025-05-15,Delhi,Delhi,44.6,35.3,39.9,74.1,6.3,9.4,138,Moderate,1018.0,62.7,2025,5,15,3,Thursday,9.300000000000004,2956.5899999999997
2025-05-15,Bengaluru,Karnataka,32.1,19.8,26.0,65.8,6.7,9.4,139,Moderate,1011.7,15.9,2025,5,15,3,Thursday,12.3,1710.8
2025-05-15,Chennai,Tamil Nadu,38.0,30.2,34.1,87.2,0.0,2.8,178,Moderate,1010.2,37.2,2025,5,15,3,Thursday,7.800000000000001,2973.5200000000004
2025-05-15,Kolkata,West Bengal,38.6,26.6,32.6,31.8,0.0,8.9,280,Poor,1004.7,72.5,2025,5,15,3,Thursday,12.0,1036.68
2025-05-15,Hyderabad,Telangana,32.7,20.8,26.8,46.8,8.3,13.0,158,Moderate,998.0,45.8,2025,5,15,3,Thursday,11.900000000000002,1254.24
2025-05-15,Ahmedabad,Gujarat,31.7,24.5,28.1,79.3,0.0,24.5,346,Very Poor,1024.6,42.8,2025,5,15,3,Thursday,7.199999999999999,2228.33
2025-05-15,Jaipur,Rajasthan,42.4,36.6,39.5,91.6,0.0,3.9,348,Very Poor,995.7,95.6,2025,5,15,3,Thursday,5.799999999999997,3618.2
2025-05-15,Lucknow,Uttar Pradesh,41.0,30.8,35.9,88.5,0.0,21.8,308,Very Poor,1013.4,96.2,2025,5,15,3,Thursday,10.2,3177.15
2025-05-15,Bhopal,Madhya Pradesh,42.8,31.4,37.1,84.2,7.6,5.4,345,Very Poor,1020.4,11.3,2025,5,15,3,Thursday,11.399999999999999,3123.82
2025-05-16,Mumbai,Maharashtra,33.0,26.3,29.7,90.8,0.5,9.3,335,Very Poor,1008.5,71.5,2025,5,16,4,Friday,6.699999999999999,2696.7599999999998
2025-05-16,Delhi,Delhi,27.1,20.5,23.8,63.1,0.0,14.9,106,Moderate,1020.9,20.3,2025,5,16,4,Friday,6.600000000000001,1501.78
2025-05-16,Bengaluru,Karnataka,38.4,32.9,35.6,73.8,0.0,10.0,209,Poor,1019.4,94.9,2025,5,16,4,Friday,5.5,2627.28
2025-05-16,Chennai,Tamil Nadu,36.6,30.9,33.8,76.4,0.0,6.6,327,Very Poor,996.0,67.6,2025,5,16,4,Friday,5.700000000000003,2582.32
2025-05-16,Kolkata,West Bengal,40.3,30.5,35.4,56.3,0.0,7.2,44,Good,1011.1,42.1,2025,5,16,4,Friday,9.799999999999997,1993.0199999999998
2025-05-16,Hyderabad,Telangana,25.4,17.7,21.6,63.3,0.0,4.2,44,Good,1023.2,34.7,2025,5,16,4,Friday,7.699999999999999,1367.28
2025-05-16,Ahmedabad,Gujarat,38.2,30.9,34.5,66.8,78.9,17.1,338,Very Poor,1014.8,45.5,2025,5,16,4,Friday,7.300000000000004,2304.6
2025-05-16,Jaipur,Rajasthan,33.5,26.1,29.8,37.5,0.0,17.0,213,Poor,1003.4,89.3,2025,5,16,4,Friday,7.399999999999999,1117.5
2025-05-16,Lucknow,Uttar Pradesh,37.5,26.9,32.2,87.6,0.7,19.7,126,Moderate,1005.2,38.5,2025,5,16,4,Friday,10.600000000000001,2820.7200000000003
2025-05-16,Bhopal,Madhya Pradesh,29.7,15.6,22.6,49.2,0.0,2.8,120,Moderate,1001.7,71.1,2025,5,16,4,Friday,14.1,1111.92
2025-05-17,Mumbai,Maharashtra,25.0,17.1,21.1,35.9,0.0,18.2,225,Poor,999.0,67.8,2025,5,17,5,Saturday,7.899999999999999,757.49
2025-05-17,Delhi,Delhi,43.0,37.1,40.0,43.9,0.0,4.5,310,Very Poor,1020.0,21.9,2025,5,17,5,Saturday,5.899999999999999,1756.0
2025-05-17,Bengaluru,Karnataka,44.2,37.0,40.6,84.6,0.0,3.6,327,Very Poor,1014.9,19.3,2025,5,17,5,Saturday,7.200000000000003,3434.7599999999998
2025-05-17,Chennai,Tamil Nadu,33.4,27.5,30.4,44.9,32.5,6.0,55,Satisfactory,1006.4,88.4,2025,5,17,5,Saturday,5.899999999999999,1364.9599999999998
2025-05-17,Kolkata,West Bengal,31.1,17.0,24.0,68.8,0.0,21.4,87,Satisfactory,1012.4,70.1,2025,5,17,5,Saturday,14.100000000000001,1651.1999999999998
2025-05-17,Hyderabad,Telangana,43.8,30.8,37.3,46.5,5.8,24.9,62,Satisfactory,991.6,95.5,2025,5,17,5,Saturday,12.999999999999996,1734.4499999999998
2025-05-17,Ahmedabad,Gujarat,34.2,24.4,29.3,47.5,0.0,3.6,335,Very Poor,1012.1,76.4,2025,5,17,5,Saturday,9.800000000000004,1391.75
2025-05-17,Jaipur,Rajasthan,28.2,14.2,21.2,61.3,0.0,18.9,253,Poor,1017.5,45.9,2025,5,17,5,Saturday,14.0,1299.56
2025-05-17,Lucknow,Uttar Pradesh,36.4,29.5,33.0,79.4,44.2,11.8,97,Satisfactory,1006.8,69.0,2025,5,17,5,Saturday,6.899999999999999,2620.2000000000003
2025-05-17,Bhopal,Madhya Pradesh,43.0,30.0,36.5,86.7,6.1,13.8,195,Moderate,1022.6,46.8,2025,5,17,5,Saturday,13.0,3164.55
2025-05-18,Mumbai,Maharashtra,28.4,13.9,21.2,44.4,0.0,8.3,263,Poor,1015.9,34.2,2025,5,18,6,Sunday,14.499999999999998,941.28
2025-05-18,Delhi,Delhi,28.9,21.6,25.3,82.4,17.8,6.1,69,Satisfactory,995.3,39.0,2025,5,18,6,Sunday,7.299999999999997,2084.7200000000003
2025-05-18,Bengaluru,Karnataka,28.1,14.6,21.4,41.1,0.0,5.6,172,Moderate,1010.4,8.9,2025,5,18,6,Sunday,13.500000000000002,879.54
2025-05-18,Chennai,Tamil Nadu,36.8,22.2,29.5,51.2,0.0,7.1,343,Very Poor,1007.2,44.6,2025,5,18,6,Sunday,14.599999999999998,1510.4
2025-05-18,Kolkata,West Bengal,43.3,32.5,37.9,41.5,0.0,12.0,68,Satisfactory,991.5,28.2,2025,5,18,6,Sunday,10.799999999999997,1572.85
2025-05-18,Hyderabad,Telangana,44.2,37.5,40.9,39.8,9.7,9.5,166,Moderate,1008.7,5.7,2025,5,18,6,Sunday,6.700000000000003,1627.82
2025-05-18,Ahmedabad,Gujarat,36.1,26.0,31.0,56.4,7.9,6.2,189,Moderate,1020.2,39.5,2025,5,18,6,Sunday,10.100000000000001,1748.3999999999999
2025-05-18,Jaipur,Rajasthan,32.0,18.1,25.1,88.5,0.0,2.7,87,Satisfactory,1019.3,17.5,2025,5,18,6,Sunday,13.899999999999999,2221.35
2025-05-18,Lucknow,Uttar Pradesh,37.1,24.0,30.5,42.3,0.0,4.7,225,Poor,1023.0,14.1,2025,5,18,6,Sunday,13.100000000000001,1290.1499999999999
2025-05-18,Bhopal,Madhya Pradesh,43.4,32.1,37.8,32.1,0.0,9.2,113,Moderate,998.7,53.0,2025,5,18,6,Sunday,11.299999999999997,1213.3799999999999
2025-05-19,Mumbai,Maharashtra,39.5,28.0,33.8,56.1,7.3,15.9,231,Poor,1012.1,11.1,2025,5,19,0,Monday,11.5,1896.1799999999998
2025-05-19,Delhi,Delhi,34.9,25.0,30.0,50.9,0.0,11.7,123,Moderate,1011.4,33.5,2025,5,19,0,Monday,9.899999999999999,1527.0
2025-05-19,Bengaluru,Karnataka,35.0,24.0,29.5,66.9,0.0,15.0,336,Very Poor,1004.6,39.3,2025,5,19,0,Monday,11.0,1973.5500000000002
2025-05-19,Chennai,Tamil Nadu,34.1,21.9,28.0,92.9,0.0,3.0,337,Very Poor,994.1,99.2,2025,5,19,0,Monday,12.200000000000003,2601.2000000000003
2025-05-19,Kolkata,West Bengal,38.8,26.3,32.6,39.1,0.0,9.9,72,Satisfactory,1011.5,12.6,2025,5,19,0,Monday,12.499999999999996,1274.66
2025-05-19,Hyderabad,Telangana,37.2,25.8,31.5,52.1,0.0,18.5,245,Poor,994.9,65.6,2025,5,19,0,Monday,11.400000000000002,1641.15
2025-05-19,Ahmedabad,Gujarat,41.1,32.1,36.6,31.4,8.1,19.8,183,Moderate,1007.4,99.9,2025,5,19,0,Monday,9.0,1149.24
2025-05-19,Jaipur,Rajasthan,38.9,27.2,33.1,63.7,0.0,12.4,73,Satisfactory,1013.2,8.4,2025,5,19,0,Monday,11.7,2108.4700000000003
2025-05-19,Lucknow,Uttar Pradesh,27.5,18.3,22.9,86.7,0.0,18.6,296,Poor,1001.0,7.2,2025,5,19,0,Monday,9.2,1985.4299999999998
2025-05-19,Bhopal,Madhya Pradesh,28.3,21.1,24.7,52.1,0.0,5.9,309,Very Poor,993.8,19.2,2025,5,19,0,Monday,7.199999999999999,1286.87
2025-05-20,Mumbai,Maharashtra,43.5,28.8,36.1,84.3,67.1,21.4,221,Poor,1006.2,35.7,2025,5,20,1,Tuesday,14.7,3043.23
2025-05-20,Delhi,Delhi,37.2,26.4,31.8,75.9,0.0,22.5,303,Very Poor,1010.7,36.2,2025,5,20,1,Tuesday,10.800000000000004,2413.6200000000003
2025-05-20,Bengaluru,Karnataka,30.0,20.9,25.4,48.0,0.0,23.4,316,Very Poor,1022.5,72.6,2025,5,20,1,Tuesday,9.100000000000001,1219.1999999999998
2025-05-20,Chennai,Tamil Nadu,39.4,28.1,33.7,57.4,2.8,4.8,180,Moderate,1004.4,27.3,2025,5,20,1,Tuesday,11.299999999999997,1934.38
2025-05-20,Kolkata,West Bengal,31.3,18.0,24.7,93.6,53.6,11.2,318,Very Poor,1008.3,29.4,2025,5,20,1,Tuesday,13.3,2311.9199999999996
2025-05-20,Hyderabad,Telangana,28.6,17.5,23.0,82.0,6.0,19.6,312,Very Poor,996.6,75.0,2025,5,20,1,Tuesday,11.100000000000001,1886.0
2025-05-20,Ahmedabad,Gujarat,44.7,35.6,40.2,31.6,56.2,23.6,251,Poor,1021.8,67.5,2025,5,20,1,Tuesday,9.100000000000001,1270.3200000000002
2025-05-20,Jaipur,Rajasthan,25.0,16.4,20.7,88.9,0.0,7.7,69,Satisfactory,1009.4,90.3,2025,5,20,1,Tuesday,8.600000000000001,1840.23
2025-05-20,Lucknow,Uttar Pradesh,28.1,16.5,22.3,49.1,0.0,15.4,254,Poor,1021.7,55.3,2025,5,20,1,Tuesday,11.600000000000001,1094.93
2025-05-20,Bhopal,Madhya Pradesh,28.6,16.5,22.5,72.2,0.0,15.7,321,Very Poor,1013.4,70.9,2025,5,20,1,Tuesday,12.100000000000001,1624.5
2025-05-21,Mumbai,Maharashtra,44.0,30.9,37.4,87.1,0.0,7.2,198,Moderate,1003.4,87.4,2025,5,21,2,Wednesday,13.100000000000001,3257.5399999999995
2025-05-21,Delhi,Delhi,38.0,29.3,33.7,69.2,31.1,6.9,208,Poor,1022.2,7.7,2025,5,21,2,Wednesday,8.7,2332.0400000000004
2025-05-21,Bengaluru,Karnataka,44.7,33.6,39.2,66.1,0.0,7.8,304,Very Poor,996.2,92.7,2025,5,21,2,Wednesday,11.100000000000001,2591.12
2025-05-21,Chennai,Tamil Nadu,31.4,18.0,24.7,43.8,0.0,3.5,215,Poor,1015.2,99.0,2025,5,21,2,Wednesday,13.399999999999999,1081.86
2025-05-21,Kolkata,West Bengal,30.3,21.5,25.9,72.2,72.0,21.8,250,Poor,1012.7,47.7,2025,5,21,2,Wednesday,8.8,1869.98
2025-05-21,Hyderabad,Telangana,38.3,31.2,34.7,63.0,0.0,20.5,108,Moderate,1003.2,77.6,2025,5,21,2,Wednesday,7.099999999999998,2186.1000000000004
2025-05-21,Ahmedabad,Gujarat,40.3,33.5,36.9,61.9,1.2,19.4,304,Very Poor,991.8,51.8,2025,5,21,2,Wednesday,6.799999999999997,2284.1099999999997
2025-05-21,Jaipur,Rajasthan,38.0,32.4,35.2,51.2,5.6,16.6,291,Poor,997.1,57.3,2025,5,21,2,Wednesday,5.600000000000001,1802.2400000000002
2025-05-21,Lucknow,Uttar Pradesh,32.5,25.0,28.8,75.6,68.3,24.2,305,Very Poor,1005.1,64.2,2025,5,21,2,Wednesday,7.5,2177.2799999999997
2025-05-21,Bhopal,Madhya Pradesh,29.5,24.2,26.8,55.0,0.0,17.9,213,Poor,1010.1,10.2,2025,5,21,2,Wednesday,5.300000000000001,1474.0
2025-05-22,Mumbai,Maharashtra,38.0,26.5,32.3,77.3,0.0,13.9,240,Poor,1017.3,84.2,2025,5,22,3,Thursday,11.5,2496.7899999999995
2025-05-22,Delhi,Delhi,27.5,19.2,23.4,31.3,3.0,15.5,219,Poor,991.4,29.6,2025,5,22,3,Thursday,8.3,732.42
2025-05-22,Bengaluru,Karnataka,39.2,25.5,32.3,92.9,8.9,7.5,114,Moderate,992.2,10.2,2025,5,22,3,Thursday,13.700000000000003,3000.67
2025-05-22,Chennai,Tamil Nadu,25.8,12.2,19.0,61.8,75.8,23.6,225,Poor,1015.1,47.0,2025,5,22,3,Thursday,13.600000000000001,1174.2
2025-05-22,Kolkata,West Bengal,41.3,27.4,34.3,92.2,47.8,24.0,290,Poor,1006.7,66.6,2025,5,22,3,Thursday,13.899999999999999,3162.46
2025-05-22,Hyderabad,Telangana,33.7,20.4,27.0,37.2,4.9,4.7,134,Moderate,993.6,90.6,2025,5,22,3,Thursday,13.300000000000004,1004.4000000000001
2025-05-22,Ahmedabad,Gujarat,31.5,18.8,25.2,57.0,8.3,14.1,152,Moderate,1022.8,36.1,2025,5,22,3,Thursday,12.7,1436.3999999999999
2025-05-22,Jaipur,Rajasthan,44.4,32.0,38.2,80.2,0.0,8.0,106,Moderate,1008.7,98.8,2025,5,22,3,Thursday,12.399999999999999,3063.6400000000003
2025-05-22,Lucknow,Uttar Pradesh,29.9,22.4,26.1,81.5,5.2,8.8,76,Satisfactory,1003.7,12.0,2025,5,22,3,Thursday,7.5,2127.15
2025-05-22,Bhopal,Madhya Pradesh,27.7,19.3,23.5,64.1,0.0,7.8,345,Very Poor,995.8,23.5,2025,5,22,3,Thursday,8.399999999999999,1506.35
2025-05-23,Mumbai,Maharashtra,36.9,24.3,30.6,83.3,6.7,16.9,125,Moderate,1022.5,22.6,2025,5,23,4,Friday,12.599999999999998,2548.98
2025-05-23,Delhi,Delhi,26.9,13.5,20.2,59.2,0.0,12.3,148,Moderate,1011.4,77.8,2025,5,23,4,Friday,13.399999999999999,1195.84
2025-05-23,Bengaluru,Karnataka,37.6,30.6,34.1,66.0,72.2,13.2,40,Good,990.9,85.2,2025,5,23,4,Friday,7.0,2250.6
2025-05-23,Chennai,Tamil Nadu,34.6,29.4,32.0,52.9,36.0,16.7,51,Satisfactory,1012.6,40.6,2025,5,23,4,Friday,5.200000000000003,1692.8
2025-05-23,Kolkata,West Bengal,39.8,27.6,33.7,64.5,4.2,18.4,229,Poor,1013.0,90.9,2025,5,23,4,Friday,12.199999999999996,2173.65
2025-05-23,Hyderabad,Telangana,25.3,14.1,19.7,69.8,0.8,18.2,76,Satisfactory,1021.3,84.9,2025,5,23,4,Friday,11.200000000000001,1375.06
2025-05-23,Ahmedabad,Gujarat,37.2,26.2,31.7,49.7,0.0,20.5,107,Moderate,995.2,30.1,2025,5,23,4,Friday,11.000000000000004,1575.49
2025-05-23,Jaipur,Rajasthan,39.3,32.7,36.0,31.6,0.0,19.3,119,Moderate,990.4,8.6,2025,5,23,4,Friday,6.599999999999994,1137.6000000000001
2025-05-23,Lucknow,Uttar Pradesh,42.8,36.1,39.4,94.8,8.1,13.9,241,Poor,1009.8,60.2,2025,5,23,4,Friday,6.699999999999996,3735.12
2025-05-23,Bhopal,Madhya Pradesh,26.2,15.1,20.6,76.6,0.0,22.9,311,Very Poor,1013.7,68.1,2025,5,23,4,Friday,11.1,1577.96
2025-05-24,Mumbai,Maharashtra,41.6,33.2,37.4,75.8,42.5,8.3,150,Moderate,991.7,60.4,2025,5,24,5,Saturday,8.399999999999999,2834.9199999999996
2025-05-24,Delhi,Delhi,32.6,21.8,27.2,70.4,45.5,24.0,151,Moderate,1014.8,20.3,2025,5,24,5,Saturday,10.8,1914.88
2025-05-24,Bengaluru,Karnataka,42.7,33.4,38.0,92.1,0.0,12.0,228,Poor,1014.5,87.0,2025,5,24,5,Saturday,9.300000000000004,3499.7999999999997
2025-05-24,Chennai,Tamil Nadu,28.5,14.6,21.5,67.4,1.2,12.4,220,Poor,1020.5,45.3,2025,5,24,5,Saturday,13.9,1449.1000000000001
2025-05-24,Kolkata,West Bengal,29.2,19.1,24.2,44.5,0.0,5.8,81,Satisfactory,1004.9,17.5,2025,5,24,5,Saturday,10.099999999999998,1076.8999999999999
2025-05-24,Hyderabad,Telangana,44.4,35.1,39.7,56.2,0.0,11.6,334,Very Poor,1003.8,71.5,2025,5,24,5,Saturday,9.299999999999997,2231.1400000000003
2025-05-24,Ahmedabad,Gujarat,42.6,36.4,39.5,72.4,0.0,13.3,266,Poor,1010.6,75.6,2025,5,24,5,Saturday,6.200000000000003,2859.8
2025-05-24,Jaipur,Rajasthan,25.9,13.5,19.7,83.9,0.8,13.3,343,Very Poor,1014.3,52.7,2025,5,24,5,Saturday,12.399999999999999,1652.8300000000002
2025-05-24,Lucknow,Uttar Pradesh,43.7,35.9,39.8,55.1,0.0,19.8,44,Good,1019.6,89.2,2025,5,24,5,Saturday,7.800000000000004,2192.98
2025-05-24,Bhopal,Madhya Pradesh,40.8,30.7,35.8,43.4,0.0,24.8,131,Moderate,1011.6,51.5,2025,5,24,5,Saturday,10.099999999999998,1553.7199999999998
2025-05-25,Mumbai,Maharashtra,25.2,14.1,19.7,67.5,5.2,9.3,105,Moderate,1009.3,69.6,2025,5,25,6,Sunday,11.1,1329.75
2025-05-25,Delhi,Delhi,43.5,31.1,37.3,33.5,8.7,11.8,206,Poor,1024.8,16.8,2025,5,25,6,Sunday,12.399999999999999,1249.55
2025-05-25,Bengaluru,Karnataka,28.4,19.0,23.7,90.3,0.0,23.5,237,Poor,1002.9,8.8,2025,5,25,6,Sunday,9.399999999999999,2140.1099999999997
2025-05-25,Chennai,Tamil Nadu,32.3,25.7,29.0,90.8,0.0,3.5,52,Satisfactory,991.0,90.6,2025,5,25,6,Sunday,6.599999999999998,2633.2
2025-05-25,Kolkata,West Bengal,37.3,29.3,33.3,74.7,2.9,9.2,257,Poor,1009.3,78.5,2025,5,25,6,Sunday,7.9999999999999964,2487.5099999999998
2025-05-25,Hyderabad,Telangana,32.0,19.5,25.7,90.2,59.2,21.4,48,Good,1002.3,99.2,2025,5,25,6,Sunday,12.5,2318.14
2025-05-25,Ahmedabad,Gujarat,44.7,37.3,41.0,58.6,0.0,16.8,179,Moderate,1014.7,5.7,2025,5,25,6,Sunday,7.400000000000006,2402.6
2025-05-25,Jaipur,Rajasthan,34.8,27.1,30.9,65.5,1.6,22.1,250,Poor,1010.6,12.1,2025,5,25,6,Sunday,7.699999999999996,2023.9499999999998
2025-05-25,Lucknow,Uttar Pradesh,43.0,32.9,37.9,62.1,9.9,16.9,246,Poor,997.7,32.0,2025,5,25,6,Sunday,10.100000000000001,2353.59
2025-05-25,Bhopal,Madhya Pradesh,34.1,25.1,29.6,31.5,0.0,18.1,176,Moderate,996.2,52.9,2025,5,25,6,Sunday,9.0,932.4000000000001
2025-05-26,Mumbai,Maharashtra,38.1,28.4,33.3,62.4,13.4,2.3,138,Moderate,999.8,47.5,2025,5,26,0,Monday,9.700000000000003,2077.9199999999996
2025-05-26,Delhi,Delhi,36.0,26.4,31.2,46.6,0.0,21.5,285,Poor,993.5,69.3,2025,5,26,0,Monday,9.600000000000001,1453.92
2025-05-26,Bengaluru,Karnataka,30.5,18.9,24.7,74.6,0.0,7.6,143,Moderate,1009.0,10.9,2025,5,26,0,Monday,11.600000000000001,1842.62
2025-05-26,Chennai,Tamil Nadu,42.7,32.3,37.5,58.4,0.0,21.1,64,Satisfactory,1024.5,55.8,2025,5,26,0,Monday,10.400000000000006,2190.0
2025-05-26,Kolkata,West Bengal,40.0,26.3,33.1,90.5,6.3,2.3,263,Poor,1012.9,72.4,2025,5,26,0,Monday,13.7,2995.55
2025-05-26,Hyderabad,Telangana,36.3,24.3,30.3,71.5,1.2,18.7,195,Moderate,1002.0,92.3,2025,5,26,0,Monday,11.999999999999996,2166.4500000000003
2025-05-26,Ahmedabad,Gujarat,38.6,24.1,31.3,89.5,21.6,24.6,209,Poor,993.6,47.8,2025,5,26,0,Monday,14.5,2801.35
2025-05-26,Jaipur,Rajasthan,26.8,19.9,23.4,65.0,11.9,22.7,192,Moderate,1020.0,40.9,2025,5,26,0,Monday,6.900000000000002,1521.0
2025-05-26,Lucknow,Uttar Pradesh,33.1,18.6,25.8,63.9,0.0,23.9,67,Satisfactory,1009.9,71.1,2025,5,26,0,Monday,14.5,1648.6200000000001
2025-05-26,Bhopal,Madhya Pradesh,42.5,32.2,37.4,89.9,0.0,5.3,176,Moderate,999.5,11.4,2025,5,26,0,Monday,10.299999999999997,3362.26
2025-05-27,Mumbai,Maharashtra,38.0,30.5,34.3,61.9,0.0,14.3,221,Poor,1002.7,32.2,2025,5,27,1,Tuesday,7.5,2123.1699999999996
2025-05-27,Delhi,Delhi,28.0,14.0,21.0,90.8,6.6,15.8,92,Satisfactory,1003.7,32.3,2025,5,27,1,Tuesday,14.0,1906.8
2025-05-27,Bengaluru,Karnataka,29.3,17.8,23.6,87.6,0.0,11.3,114,Moderate,998.1,35.6,2025,5,27,1,Tuesday,11.5,2067.36
2025-05-27,Chennai,Tamil Nadu,38.3,26.9,32.6,89.3,7.0,6.2,54,Satisfactory,1009.6,12.3,2025,5,27,1,Tuesday,11.399999999999999,2911.18
2025-05-27,Kolkata,West Bengal,34.3,28.2,31.3,49.9,0.0,13.4,289,Poor,1017.0,24.5,2025,5,27,1,Tuesday,6.099999999999998,1561.87
2025-05-27,Hyderabad,Telangana,41.6,26.7,34.2,58.9,0.0,2.9,76,Satisfactory,1001.7,74.3,2025,5,27,1,Tuesday,14.900000000000002,2014.38
2025-05-27,Ahmedabad,Gujarat,37.7,30.0,33.9,72.4,0.0,7.1,335,Very Poor,995.8,49.5,2025,5,27,1,Tuesday,7.700000000000003,2454.36
2025-05-27,Jaipur,Rajasthan,38.2,24.8,31.5,93.8,26.7,18.1,280,Poor,1023.6,66.8,2025,5,27,1,Tuesday,13.400000000000002,2954.7
2025-05-27,Lucknow,Uttar Pradesh,42.8,30.2,36.5,66.6,4.8,10.4,48,Good,1007.4,65.3,2025,5,27,1,Tuesday,12.599999999999998,2430.8999999999996
2025-05-27,Bhopal,Madhya Pradesh,30.0,22.4,26.2,87.4,3.4,8.0,258,Poor,994.3,95.1,2025,5,27,1,Tuesday,7.600000000000001,2289.88
2025-05-28,Mumbai,Maharashtra,28.5,15.3,21.9,81.2,0.0,18.0,82,Satisfactory,1003.7,11.6,2025,5,28,2,Wednesday,13.2,1778.28
2025-05-28,Delhi,Delhi,36.9,28.2,32.6,30.3,0.0,18.4,44,Good,1005.9,71.0,2025,5,28,2,Wednesday,8.7,987.7800000000001
2025-05-28,Bengaluru,Karnataka,25.2,14.6,19.9,93.8,0.0,9.2,136,Moderate,992.7,88.7,2025,5,28,2,Wednesday,10.6,1866.62
2025-05-28,Chennai,Tamil Nadu,29.6,17.3,23.5,43.0,17.3,7.7,46,Good,1024.8,21.7,2025,5,28,2,Wednesday,12.3,1010.5
2025-05-28,Kolkata,West Bengal,42.9,32.1,37.5,52.8,5.2,16.2,182,Moderate,992.8,91.5,2025,5,28,2,Wednesday,10.799999999999997,1980.0
2025-05-28,Hyderabad,Telangana,28.9,20.8,24.9,86.3,49.3,17.0,247,Poor,1013.7,28.6,2025,5,28,2,Wednesday,8.099999999999998,2148.87
2025-05-28,Ahmedabad,Gujarat,32.9,18.8,25.8,38.4,0.0,5.4,247,Poor,1019.6,92.9,2025,5,28,2,Wednesday,14.099999999999998,990.72
2025-05-28,Jaipur,Rajasthan,27.1,18.7,22.9,92.7,0.0,25.0,257,Poor,1000.0,9.5,2025,5,28,2,Wednesday,8.400000000000002,2122.83
2025-05-28,Lucknow,Uttar Pradesh,31.5,20.0,25.7,36.8,0.0,21.6,277,Poor,1024.0,76.5,2025,5,28,2,Wednesday,11.5,945.7599999999999
2025-05-28,Bhopal,Madhya Pradesh,35.6,29.6,32.6,73.4,1.6,17.1,331,Very Poor,1001.0,78.3,2025,5,28,2,Wednesday,6.0,2392.84
2025-05-29,Mumbai,Maharashtra,35.9,24.1,30.0,47.7,29.2,23.3,181,Moderate,1015.2,82.1,2025,5,29,3,Thursday,11.799999999999997,1431.0
2025-05-29,Delhi,Delhi,43.4,31.0,37.2,51.2,0.4,21.8,172,Moderate,1019.2,25.4,2025,5,29,3,Thursday,12.399999999999999,1904.6400000000003
2025-05-29,Bengaluru,Karnataka,37.3,25.6,31.4,51.7,0.0,17.2,311,Very Poor,1011.1,20.9,2025,5,29,3,Thursday,11.699999999999996,1623.38
2025-05-29,Chennai,Tamil Nadu,29.8,17.4,23.6,41.5,0.0,24.5,305,Very Poor,991.0,6.1,2025,5,29,3,Thursday,12.400000000000002,979.4000000000001
2025-05-29,Kolkata,West Bengal,39.2,33.1,36.1,90.9,17.8,13.1,268,Poor,999.7,83.4,2025,5,29,3,Thursday,6.100000000000001,3281.4900000000002
2025-05-29,Hyderabad,Telangana,37.5,23.5,30.5,86.0,0.0,11.9,139,Moderate,1024.0,77.2,2025,5,29,3,Thursday,14.0,2623.0
2025-05-29,Ahmedabad,Gujarat,38.0,27.6,32.8,37.6,8.9,14.9,149,Moderate,997.7,89.0,2025,5,29,3,Thursday,10.399999999999999,1233.28
2025-05-29,Jaipur,Rajasthan,25.4,10.6,18.0,86.0,0.0,12.4,284,Poor,1012.0,72.3,2025,5,29,3,Thursday,14.799999999999999,1548.0
2025-05-29,Lucknow,Uttar Pradesh,36.1,24.6,30.3,82.7,76.8,5.9,347,Very Poor,1023.2,24.4,2025,5,29,3,Thursday,11.5,2505.81
2025-05-29,Bhopal,Madhya Pradesh,39.0,27.8,33.4,51.1,18.8,11.9,119,Moderate,1009.6,93.5,2025,5,29,3,Thursday,11.2,1706.74
2025-05-30,Mumbai,Maharashtra,40.3,30.6,35.4,43.8,0.0,14.5,169,Moderate,1019.8,11.4,2025,5,30,4,Friday,9.699999999999996,1550.5199999999998
2025-05-30,Delhi,Delhi,41.1,27.5,34.3,80.4,3.1,5.5,303,Very Poor,1010.8,73.4,2025,5,30,4,Friday,13.600000000000001,2757.72
2025-05-30,Bengaluru,Karnataka,27.2,18.9,23.1,65.2,0.0,2.3,287,Poor,1014.3,91.4,2025,5,30,4,Friday,8.3,1506.1200000000001
2025-05-30,Chennai,Tamil Nadu,37.4,22.7,30.1,58.2,10.9,15.4,152,Moderate,1003.7,9.2,2025,5,30,4,Friday,14.7,1751.8200000000002
2025-05-30,Kolkata,West Bengal,25.1,16.8,21.0,91.8,0.0,20.0,308,Very Poor,1009.7,24.2,2025,5,30,4,Friday,8.3,1927.8
2025-05-30,Hyderabad,Telangana,40.7,26.2,33.4,30.0,4.6,21.1,289,Poor,1011.7,72.7,2025,5,30,4,Friday,14.500000000000004,1002.0
2025-05-30,Ahmedabad,Gujarat,26.8,14.9,20.9,83.0,0.0,21.7,289,Poor,1017.3,67.4,2025,5,30,4,Friday,11.9,1734.6999999999998
2025-05-30,Jaipur,Rajasthan,34.1,20.3,27.2,45.2,0.0,8.5,197,Moderate,1007.3,85.1,2025,5,30,4,Friday,13.8,1229.44
2025-05-30,Lucknow,Uttar Pradesh,28.6,13.7,21.1,47.6,0.0,4.1,178,Moderate,1014.3,85.3,2025,5,30,4,Friday,14.900000000000002,1004.3600000000001
2025-05-30,Bhopal,Madhya Pradesh,29.8,16.8,23.3,65.4,76.5,10.4,138,Moderate,992.2,64.9,2025,5,30,4,Friday,13.0,1523.8200000000002
2025-05-31,Mumbai,Maharashtra,26.3,12.4,19.4,94.9,0.0,10.5,222,Poor,993.8,10.3,2025,5,31,5,Saturday,13.9,1841.06
2025-05-31,Delhi,Delhi,41.0,31.5,36.3,64.1,0.0,3.6,175,Moderate,995.8,17.2,2025,5,31,5,Saturday,9.5,2326.8299999999995
2025-05-31,Bengaluru,Karnataka,26.3,13.2,19.8,89.0,0.0,24.7,147,Moderate,992.3,68.4,2025,5,31,5,Saturday,13.100000000000001,1762.2
2025-05-31,Chennai,Tamil Nadu,35.0,27.9,31.5,40.4,0.0,17.9,40,Good,1012.8,57.7,2025,5,31,5,Saturday,7.100000000000001,1272.6
2025-05-31,Kolkata,West Bengal,27.5,14.1,20.8,47.7,0.0,22.7,304,Very Poor,1012.0,64.9,2025,5,31,5,Saturday,13.4,992.1600000000001
2025-05-31,Hyderabad,Telangana,33.1,20.7,26.9,73.4,0.0,8.7,186,Moderate,1022.9,26.2,2025,5,31,5,Saturday,12.400000000000002,1974.46
2025-05-31,Ahmedabad,Gujarat,32.1,26.3,29.2,41.8,42.4,13.9,309,Very Poor,1012.8,45.5,2025,5,31,5,Saturday,5.800000000000001,1220.56
2025-05-31,Jaipur,Rajasthan,38.3,32.3,35.3,61.0,61.4,7.2,55,Satisfactory,1024.2,32.1,2025,5,31,5,Saturday,6.0,2153.2999999999997
2025-05-31,Lucknow,Uttar Pradesh,34.9,28.8,31.9,74.3,9.0,14.3,327,Very Poor,1024.8,60.0,2025,5,31,5,Saturday,6.099999999999998,2370.1699999999996
2025-05-31,Bhopal,Madhya Pradesh,43.3,35.4,39.4,30.9,4.4,15.9,335,Very Poor,995.5,15.2,2025,5,31,5,Saturday,7.899999999999999,1217.4599999999998
2025-06-01,Mumbai,Maharashtra,33.4,21.9,27.7,88.9,0.0,18.9,47,Good,1002.2,64.4,2025,6,1,6,Sunday,11.5,2462.53
2025-06-01,Delhi,Delhi,41.5,26.5,34.0,92.1,0.0,9.0,45,Good,1006.0,76.0,2025,6,1,6,Sunday,15.0,3131.3999999999996
2025-06-01,Bengaluru,Karnataka,32.9,22.3,27.6,44.0,0.9,16.7,108,Moderate,1002.5,27.5,2025,6,1,6,Sunday,10.599999999999998,1214.4
2025-06-01,Chennai,Tamil Nadu,25.8,19.0,22.4,83.2,0.0,11.7,74,Satisfactory,1001.7,21.9,2025,6,1,6,Sunday,6.800000000000001,1863.6799999999998
2025-06-01,Kolkata,West Bengal,43.8,29.7,36.7,80.2,2.6,8.7,200,Moderate,1008.6,66.9,2025,6,1,6,Sunday,14.099999999999998,2943.34
2025-06-01,Hyderabad,Telangana,33.3,24.8,29.0,80.6,0.0,19.8,166,Moderate,1023.5,70.5,2025,6,1,6,Sunday,8.499999999999996,2337.3999999999996
2025-06-01,Ahmedabad,Gujarat,40.9,29.8,35.4,87.0,7.2,4.1,178,Moderate,1007.0,10.4,2025,6,1,6,Sunday,11.099999999999998,3079.7999999999997
2025-06-01,Jaipur,Rajasthan,39.3,30.1,34.7,30.1,3.8,20.0,50,Good,1018.2,7.9,2025,6,1,6,Sunday,9.199999999999996,1044.47
2025-06-01,Lucknow,Uttar Pradesh,43.1,36.8,40.0,73.6,0.0,7.2,107,Moderate,1022.3,33.7,2025,6,1,6,Sunday,6.300000000000004,2944.0
2025-06-01,Bhopal,Madhya Pradesh,35.5,28.6,32.1,74.6,0.0,5.1,298,Poor,994.8,34.7,2025,6,1,6,Sunday,6.899999999999999,2394.66
2025-06-02,Mumbai,Maharashtra,26.1,19.9,23.0,49.7,63.4,11.5,129,Moderate,993.7,25.3,2025,6,2,0,Monday,6.200000000000003,1143.1000000000001
2025-06-02,Delhi,Delhi,40.7,28.9,34.8,43.6,70.1,8.3,164,Moderate,994.7,14.9,2025,6,2,0,Monday,11.800000000000004,1517.28
2025-06-02,Bengaluru,Karnataka,33.6,19.9,26.7,47.4,0.0,8.1,337,Very Poor,1013.4,74.0,2025,6,2,0,Monday,13.700000000000003,1265.58
2025-06-02,Chennai,Tamil Nadu,42.0,28.8,35.4,75.0,66.6,11.0,336,Very Poor,1001.0,54.6,2025,6,2,0,Monday,13.2,2655.0
2025-06-02,Kolkata,West Bengal,26.0,13.9,20.0,83.0,49.7,5.1,42,Good,998.6,34.2,2025,6,2,0,Monday,12.1,1660.0
2025-06-02,Hyderabad,Telangana,32.4,25.8,29.1,77.1,0.0,5.0,75,Satisfactory,994.6,24.3,2025,6,2,0,Monday,6.599999999999998,2243.61
2025-06-02,Ahmedabad,Gujarat,29.4,18.6,24.0,46.7,13.7,5.2,279,Poor,1002.2,41.1,2025,6,2,0,Monday,10.799999999999997,1120.8000000000002
2025-06-02,Jaipur,Rajasthan,34.7,25.8,30.3,75.2,0.0,24.5,86,Satisfactory,1006.9,45.3,2025,6,2,0,Monday,8.900000000000002,2278.56
2025-06-02,Lucknow,Uttar Pradesh,41.8,35.4,38.6,36.8,40.6,4.9,257,Poor,1006.9,24.1,2025,6,2,0,Monday,6.399999999999999,1420.48
2025-06-02,Bhopal,Madhya Pradesh,32.8,21.3,27.1,52.0,0.0,14.4,193,Moderate,1003.4,81.6,2025,6,2,0,Monday,11.499999999999996,1409.2
2025-06-03,Mumbai,Maharashtra,43.1,35.8,39.4,37.3,0.0,6.8,194,Moderate,1020.4,59.0,2025,6,3,1,Tuesday,7.300000000000004,1469.62
2025-06-03,Delhi,Delhi,40.8,34.5,37.6,85.7,4.9,12.6,316,Very Poor,1011.2,89.9,2025,6,3,1,Tuesday,6.299999999999997,3222.32
2025-06-03,Bengaluru,Karnataka,42.9,33.7,38.3,78.7,0.0,12.7,335,Very Poor,1021.2,81.5,2025,6,3,1,Tuesday,9.199999999999996,3014.21
2025-06-03,Chennai,Tamil Nadu,32.3,25.8,29.0,89.2,5.0,22.1,77,Satisfactory,1012.9,82.2,2025,6,3,1,Tuesday,6.4999999999999964,2586.8
2025-06-03,Kolkata,West Bengal,44.4,37.6,41.0,31.6,5.4,9.8,229,Poor,1016.4,85.0,2025,6,3,1,Tuesday,6.799999999999997,1295.6000000000001
2025-06-03,Hyderabad,Telangana,32.7,21.6,27.2,86.0,0.0,2.1,209,Poor,1007.2,46.5,2025,6,3,1,Tuesday,11.100000000000001,2339.2
2025-06-03,Ahmedabad,Gujarat,38.7,30.0,34.3,43.6,4.0,10.8,230,Poor,1011.8,35.8,2025,6,3,1,Tuesday,8.700000000000003,1495.48
2025-06-03,Jaipur,Rajasthan,35.8,28.7,32.3,70.6,1.2,14.6,55,Satisfactory,1016.1,31.0,2025,6,3,1,Tuesday,7.099999999999998,2280.3799999999997
2025-06-03,Lucknow,Uttar Pradesh,26.1,18.4,22.3,56.5,5.4,18.0,172,Moderate,1006.2,30.1,2025,6,3,1,Tuesday,7.700000000000003,1259.95
2025-06-03,Bhopal,Madhya Pradesh,30.5,19.2,24.8,83.2,13.2,8.8,168,Moderate,1022.0,82.2,2025,6,3,1,Tuesday,11.3,2063.36
2025-06-04,Mumbai,Maharashtra,26.1,11.7,18.9,72.8,2.6,7.2,54,Satisfactory,993.3,30.4,2025,6,4,2,Wednesday,14.400000000000002,1375.9199999999998
2025-06-04,Delhi,Delhi,26.4,19.8,23.1,40.3,0.0,11.7,317,Very Poor,1009.7,5.5,2025,6,4,2,Wednesday,6.599999999999998,930.93
2025-06-04,Bengaluru,Karnataka,35.6,26.1,30.9,91.2,33.6,21.6,336,Very Poor,1023.4,14.1,2025,6,4,2,Wednesday,9.5,2818.08
2025-06-04,Chennai,Tamil Nadu,35.9,24.1,30.0,43.8,0.0,7.1,267,Poor,992.9,95.7,2025,6,4,2,Wednesday,11.799999999999997,1314.0
2025-06-04,Kolkata,West Bengal,35.4,22.9,29.1,69.7,1.9,7.5,226,Poor,1001.2,41.4,2025,6,4,2,Wednesday,12.5,2028.2700000000002
2025-06-04,Hyderabad,Telangana,27.5,15.1,21.3,52.5,75.3,19.0,237,Poor,996.8,74.5,2025,6,4,2,Wednesday,12.4,1118.25
2025-06-04,Ahmedabad,Gujarat,40.5,26.8,33.6,50.2,0.0,14.0,275,Poor,1005.2,62.1,2025,6,4,2,Wednesday,13.7,1686.7200000000003
2025-06-04,Jaipur,Rajasthan,37.1,22.4,29.8,78.0,0.0,11.5,247,Poor,1015.7,70.3,2025,6,4,2,Wednesday,14.700000000000003,2324.4
2025-06-04,Lucknow,Uttar Pradesh,39.4,25.7,32.6,44.8,0.0,24.7,151,Moderate,1017.5,35.5,2025,6,4,2,Wednesday,13.7,1460.48
2025-06-04,Bhopal,Madhya Pradesh,39.4,34.3,36.8,60.2,3.5,9.6,211,Poor,1020.3,91.8,2025,6,4,2,Wednesday,5.100000000000001,2215.36
2025-06-05,Mumbai,Maharashtra,28.2,15.5,21.8,50.8,0.0,10.7,233,Poor,1014.0,8.9,2025,6,5,3,Thursday,12.7,1107.44
2025-06-05,Delhi,Delhi,40.4,35.3,37.9,78.7,0.0,14.7,62,Satisfactory,1001.8,28.3,2025,6,5,3,Thursday,5.100000000000001,2982.73
2025-06-05,Bengaluru,Karnataka,42.3,31.2,36.7,93.9,0.0,3.9,200,Moderate,1022.0,16.2,2025,6,5,3,Thursday,11.099999999999998,3446.1300000000006
2025-06-05,Chennai,Tamil Nadu,42.1,32.4,37.3,40.8,79.2,18.3,125,Moderate,1021.1,9.2,2025,6,5,3,Thursday,9.700000000000003,1521.8399999999997
2025-06-05,Kolkata,West Bengal,32.4,27.3,29.8,54.5,0.0,8.2,60,Satisfactory,1020.3,25.2,2025,6,5,3,Thursday,5.099999999999998,1624.1000000000001
2025-06-05,Hyderabad,Telangana,30.0,16.7,23.4,68.2,0.0,8.1,311,Very Poor,1001.8,61.9,2025,6,5,3,Thursday,13.3,1595.8799999999999
2025-06-05,Ahmedabad,Gujarat,28.6,16.0,22.3,33.2,25.3,6.1,186,Moderate,1010.3,20.7,2025,6,5,3,Thursday,12.600000000000001,740.3600000000001
2025-06-05,Jaipur,Rajasthan,33.3,27.9,30.6,83.7,7.8,10.3,68,Satisfactory,1016.9,70.8,2025,6,5,3,Thursday,5.399999999999999,2561.2200000000003
2025-06-05,Lucknow,Uttar Pradesh,41.9,35.1,38.5,41.3,0.0,9.7,145,Moderate,1019.4,21.8,2025,6,5,3,Thursday,6.799999999999997,1590.05
2025-06-05,Bhopal,Madhya Pradesh,30.7,22.2,26.4,76.4,4.1,10.3,205,Poor,1005.1,71.8,2025,6,5,3,Thursday,8.5,2016.96
2025-06-06,Mumbai,Maharashtra,42.4,28.0,35.2,76.7,0.0,13.6,191,Moderate,998.1,36.7,2025,6,6,4,Friday,14.399999999999999,2699.84
2025-06-06,Delhi,Delhi,30.9,22.8,26.9,56.1,2.9,11.1,272,Poor,1019.1,88.9,2025,6,6,4,Friday,8.099999999999998,1509.09
2025-06-06,Bengaluru,Karnataka,32.9,20.7,26.8,40.1,6.6,19.4,106,Moderate,1009.7,66.0,2025,6,6,4,Friday,12.2,1074.68
2025-06-06,Chennai,Tamil Nadu,36.9,27.2,32.1,57.8,0.0,18.1,55,Satisfactory,1009.5,7.8,2025,6,6,4,Friday,9.7,1855.3799999999999
2025-06-06,Kolkata,West Bengal,36.4,22.9,29.7,32.9,0.0,8.3,228,Poor,1022.2,12.7,2025,6,6,4,Friday,13.5,977.1299999999999
2025-06-06,Hyderabad,Telangana,35.1,28.6,31.9,32.8,0.0,17.9,245,Poor,1009.1,39.0,2025,6,6,4,Friday,6.5,1046.32
2025-06-06,Ahmedabad,Gujarat,28.8,19.3,24.1,65.7,4.6,17.1,347,Very Poor,1012.4,89.7,2025,6,6,4,Friday,9.5,1583.3700000000001
2025-06-06,Jaipur,Rajasthan,36.3,27.9,32.1,80.6,0.0,24.6,186,Moderate,1024.7,80.9,2025,6,6,4,Friday,8.399999999999999,2587.2599999999998
2025-06-06,Lucknow,Uttar Pradesh,35.9,27.7,31.8,83.9,0.0,11.2,154,Moderate,1008.8,16.8,2025,6,6,4,Friday,8.2,2668.0200000000004
2025-06-06,Bhopal,Madhya Pradesh,26.7,12.2,19.5,78.8,0.0,5.3,45,Good,1008.8,82.9,2025,6,6,4,Friday,14.5,1536.6
2025-06-07,Mumbai,Maharashtra,27.1,19.8,23.4,76.4,0.0,4.4,147,Moderate,1016.4,15.0,2025,6,7,5,Saturday,7.300000000000001,1787.76
2025-06-07,Delhi,Delhi,31.2,22.6,26.9,51.4,7.7,21.7,218,Poor,1007.2,15.1,2025,6,7,5,Saturday,8.599999999999998,1382.6599999999999
2025-06-07,Bengaluru,Karnataka,41.4,33.5,37.5,84.5,6.8,6.6,61,Satisfactory,1005.7,14.8,2025,6,7,5,Saturday,7.899999999999999,3168.75
2025-06-07,Chennai,Tamil Nadu,39.1,25.0,32.1,93.3,0.0,6.6,291,Poor,1000.4,84.5,2025,6,7,5,Saturday,14.100000000000001,2994.93
2025-06-07,Kolkata,West Bengal,42.9,33.1,38.0,66.7,7.7,2.4,133,Moderate,1017.9,78.7,2025,6,7,5,Saturday,9.799999999999997,2534.6
2025-06-07,Hyderabad,Telangana,39.6,32.4,36.0,67.5,60.0,6.2,214,Poor,1006.8,88.6,2025,6,7,5,Saturday,7.200000000000003,2430.0
2025-06-07,Ahmedabad,Gujarat,42.5,33.2,37.9,81.7,69.3,7.0,95,Satisfactory,1005.4,21.6,2025,6,7,5,Saturday,9.299999999999997,3096.43
2025-06-07,Jaipur,Rajasthan,34.8,20.2,27.5,68.5,0.0,5.7,59,Satisfactory,1000.2,63.6,2025,6,7,5,Saturday,14.599999999999998,1883.75
2025-06-07,Lucknow,Uttar Pradesh,40.7,35.1,37.9,40.3,49.0,24.2,235,Poor,1021.0,15.2,2025,6,7,5,Saturday,5.600000000000001,1527.37
2025-06-07,Bhopal,Madhya Pradesh,33.8,27.6,30.7,66.1,0.0,24.5,324,Very Poor,1015.4,31.6,2025,6,7,5,Saturday,6.199999999999996,2029.2699999999998
2025-06-08,Mumbai,Maharashtra,44.0,30.9,37.4,72.9,0.0,23.8,233,Poor,1016.6,32.7,2025,6,8,6,Sunday,13.100000000000001,2726.46
2025-06-08,Delhi,Delhi,36.9,23.8,30.3,36.2,0.0,18.8,90,Satisfactory,1001.6,74.4,2025,6,8,6,Sunday,13.099999999999998,1096.8600000000001
2025-06-08,Bengaluru,Karnataka,44.7,31.7,38.2,48.8,7.4,3.4,77,Satisfactory,1001.7,98.0,2025,6,8,6,Sunday,13.000000000000004,1864.16
2025-06-08,Chennai,Tamil Nadu,36.9,31.2,34.1,73.5,0.0,6.7,309,Very Poor,1023.0,91.1,2025,6,8,6,Sunday,5.699999999999999,2506.35
2025-06-08,Kolkata,West Bengal,27.1,19.8,23.5,69.8,0.0,20.8,342,Very Poor,994.7,88.8,2025,6,8,6,Sunday,7.300000000000001,1640.3
2025-06-08,Hyderabad,Telangana,44.4,37.9,41.1,65.7,0.0,16.9,58,Satisfactory,1001.5,35.0,2025,6,8,6,Sunday,6.5,2700.2700000000004
2025-06-08,Ahmedabad,Gujarat,44.1,31.1,37.6,79.4,0.0,17.2,119,Moderate,1011.7,85.9,2025,6,8,6,Sunday,13.0,2985.4400000000005
2025-06-08,Jaipur,Rajasthan,25.5,11.4,18.5,89.1,0.0,14.1,61,Satisfactory,1018.8,73.1,2025,6,8,6,Sunday,14.1,1648.35
2025-06-08,Lucknow,Uttar Pradesh,39.1,32.7,35.9,35.8,4.0,12.7,343,Very Poor,1010.5,59.8,2025,6,8,6,Sunday,6.399999999999999,1285.2199999999998
2025-06-08,Bhopal,Madhya Pradesh,43.3,29.8,36.6,54.9,0.0,7.2,241,Poor,993.4,46.4,2025,6,8,6,Sunday,13.499999999999996,2009.34
2025-06-09,Mumbai,Maharashtra,37.5,24.8,31.1,60.3,47.7,3.0,72,Satisfactory,1008.5,36.3,2025,6,9,0,Monday,12.7,1875.33
2025-06-09,Delhi,Delhi,33.7,22.3,28.0,64.3,0.0,9.9,54,Satisfactory,1000.9,86.6,2025,6,9,0,Monday,11.400000000000002,1800.3999999999999
2025-06-09,Bengaluru,Karnataka,32.0,23.0,27.5,70.2,7.9,6.4,43,Good,1021.9,44.3,2025,6,9,0,Monday,9.0,1930.5
2025-06-09,Chennai,Tamil Nadu,38.4,27.3,32.8,38.2,0.0,11.2,257,Poor,997.3,95.5,2025,6,9,0,Monday,11.099999999999998,1252.96
2025-06-09,Kolkata,West Bengal,36.4,25.0,30.7,84.6,6.4,15.0,146,Moderate,1023.8,74.7,2025,6,9,0,Monday,11.399999999999999,2597.22
2025-06-09,Hyderabad,Telangana,27.7,17.9,22.8,74.2,1.9,5.6,42,Good,1014.7,11.5,2025,6,9,0,Monday,9.8,1691.7600000000002
2025-06-09,Ahmedabad,Gujarat,25.7,14.3,20.0,93.3,0.0,16.2,115,Moderate,990.1,80.3,2025,6,9,0,Monday,11.399999999999999,1866.0
2025-06-09,Jaipur,Rajasthan,31.0,22.5,26.8,79.6,0.0,12.6,68,Satisfactory,1023.4,30.0,2025,6,9,0,Monday,8.5,2133.2799999999997
2025-06-09,Lucknow,Uttar Pradesh,35.8,29.0,32.4,56.9,0.0,19.8,202,Poor,1023.2,94.4,2025,6,9,0,Monday,6.799999999999997,1843.56
2025-06-09,Bhopal,Madhya Pradesh,44.7,33.1,38.9,38.4,0.0,20.2,296,Poor,1011.9,88.8,2025,6,9,0,Monday,11.600000000000001,1493.76
2025-06-10,Mumbai,Maharashtra,31.4,23.8,27.6,77.7,0.0,5.5,104,Moderate,1010.6,13.1,2025,6,10,1,Tuesday,7.599999999999998,2144.52
2025-06-10,Delhi,Delhi,35.9,29.6,32.7,46.1,0.0,22.2,154,Moderate,998.8,61.0,2025,6,10,1,Tuesday,6.299999999999997,1507.4700000000003
2025-06-10,Bengaluru,Karnataka,40.0,31.3,35.7,46.2,0.0,18.5,221,Poor,1004.8,80.6,2025,6,10,1,Tuesday,8.7,1649.3400000000001
2025-06-10,Chennai,Tamil Nadu,28.9,15.0,22.0,84.4,9.6,21.9,124,Moderate,991.8,91.7,2025,6,10,1,Tuesday,13.899999999999999,1856.8000000000002
2025-06-10,Kolkata,West Bengal,26.1,18.8,22.5,68.1,0.6,12.4,127,Moderate,1019.6,29.5,2025,6,10,1,Tuesday,7.300000000000001,1532.2499999999998
2025-06-10,Hyderabad,Telangana,26.6,16.2,21.4,53.8,3.5,4.4,105,Moderate,1008.3,23.7,2025,6,10,1,Tuesday,10.400000000000002,1151.32
2025-06-10,Ahmedabad,Gujarat,30.1,20.5,25.3,62.1,0.0,8.5,287,Poor,1018.6,80.3,2025,6,10,1,Tuesday,9.600000000000001,1571.13
2025-06-10,Jaipur,Rajasthan,25.3,12.8,19.1,85.4,6.1,13.7,323,Very Poor,1018.5,80.3,2025,6,10,1,Tuesday,12.5,1631.1400000000003
2025-06-10,Lucknow,Uttar Pradesh,43.4,33.1,38.3,32.0,0.0,10.7,223,Poor,1006.4,30.3,2025,6,10,1,Tuesday,10.299999999999997,1225.6
2025-06-10,Bhopal,Madhya Pradesh,40.7,33.1,36.9,78.3,0.0,22.1,238,Poor,1004.1,40.6,2025,6,10,1,Tuesday,7.600000000000001,2889.27
2025-06-11,Mumbai,Maharashtra,43.4,33.3,38.4,77.0,0.0,5.1,80,Satisfactory,990.7,57.5,2025,6,11,2,Wednesday,10.100000000000001,2956.7999999999997
2025-06-11,Delhi,Delhi,42.3,27.5,34.9,62.2,4.6,16.0,239,Poor,1002.0,37.6,2025,6,11,2,Wednesday,14.799999999999997,2170.78
2025-06-11,Bengaluru,Karnataka,36.1,23.9,30.0,91.2,7.8,12.4,117,Moderate,1017.2,89.2,2025,6,11,2,Wednesday,12.200000000000003,2736.0
2025-06-11,Chennai,Tamil Nadu,29.8,20.4,25.1,33.3,0.0,12.7,260,Poor,1010.7,12.0,2025,6,11,2,Wednesday,9.400000000000002,835.8299999999999
2025-06-11,Kolkata,West Bengal,35.5,24.3,29.9,77.0,6.8,16.0,108,Moderate,1015.0,29.8,2025,6,11,2,Wednesday,11.2,2302.2999999999997
2025-06-11,Hyderabad,Telangana,41.5,32.6,37.1,67.4,0.0,9.0,319,Very Poor,992.3,50.6,2025,6,11,2,Wednesday,8.899999999999999,2500.5400000000004
2025-06-11,Ahmedabad,Gujarat,32.8,20.0,26.4,48.7,0.0,18.0,58,Satisfactory,1007.9,37.0,2025,6,11,2,Wednesday,12.799999999999997,1285.68
2025-06-11,Jaipur,Rajasthan,28.3,15.6,22.0,89.8,0.0,8.7,53,Satisfactory,1005.7,74.9,2025,6,11,2,Wednesday,12.700000000000001,1975.6
2025-06-11,Lucknow,Uttar Pradesh,40.6,33.6,37.1,79.4,6.3,7.4,161,Moderate,997.7,10.9,2025,6,11,2,Wednesday,7.0,2945.7400000000002
2025-06-11,Bhopal,Madhya Pradesh,27.0,17.8,22.4,30.6,1.6,7.4,94,Satisfactory,1015.1,68.5,2025,6,11,2,Wednesday,9.2,685.4399999999999
2025-06-12,Mumbai,Maharashtra,32.4,18.3,25.4,78.0,7.6,13.7,49,Good,1015.9,74.6,2025,6,12,3,Thursday,14.099999999999998,1981.1999999999998
2025-06-12,Delhi,Delhi,37.6,26.3,32.0,34.4,72.9,20.0,96,Satisfactory,995.3,40.6,2025,6,12,3,Thursday,11.3,1100.8
2025-06-12,Bengaluru,Karnataka,38.0,25.3,31.7,87.4,0.0,22.9,173,Moderate,1019.5,48.7,2025,6,12,3,Thursday,12.7,2770.58
2025-06-12,Chennai,Tamil Nadu,36.1,25.1,30.6,46.5,0.0,25.0,211,Poor,999.9,57.5,2025,6,12,3,Thursday,11.0,1422.9
2025-06-12,Kolkata,West Bengal,34.0,26.6,30.3,66.7,0.0,4.9,92,Satisfactory,1022.4,71.5,2025,6,12,3,Thursday,7.399999999999999,2021.0100000000002
2025-06-12,Hyderabad,Telangana,44.0,36.8,40.4,45.3,0.0,3.3,241,Poor,990.9,55.6,2025,6,12,3,Thursday,7.200000000000003,1830.12
2025-06-12,Ahmedabad,Gujarat,41.5,31.7,36.6,74.0,0.0,5.0,98,Satisfactory,1012.7,78.0,2025,6,12,3,Thursday,9.8,2708.4
2025-06-12,Jaipur,Rajasthan,34.9,25.9,30.4,43.4,0.0,11.0,220,Poor,1009.4,13.9,2025,6,12,3,Thursday,9.0,1319.36
2025-06-12,Lucknow,Uttar Pradesh,25.4,17.9,21.7,62.6,0.0,14.4,127,Moderate,1002.4,71.0,2025,6,12,3,Thursday,7.5,1358.42
2025-06-12,Bhopal,Madhya Pradesh,39.9,28.9,34.4,81.3,0.0,22.6,205,Poor,995.4,9.1,2025,6,12,3,Thursday,11.0,2796.72
2025-06-13,Mumbai,Maharashtra,44.5,32.4,38.4,49.8,0.0,7.5,263,Poor,991.7,28.7,2025,6,13,4,Friday,12.100000000000001,1912.3199999999997
2025-06-13,Delhi,Delhi,36.0,30.8,33.4,56.6,76.8,2.0,168,Moderate,997.7,24.7,2025,6,13,4,Friday,5.199999999999999,1890.44
2025-06-13,Bengaluru,Karnataka,37.9,31.4,34.6,89.5,0.0,14.5,102,Moderate,1010.4,86.7,2025,6,13,4,Friday,6.5,3096.7000000000003
2025-06-13,Chennai,Tamil Nadu,38.7,32.6,35.6,59.8,0.0,4.1,348,Very Poor,1003.1,64.1,2025,6,13,4,Friday,6.100000000000001,2128.88
2025-06-13,Kolkata,West Bengal,30.1,23.7,26.9,57.0,0.0,22.2,85,Satisfactory,1020.1,14.6,2025,6,13,4,Friday,6.400000000000002,1533.3
2025-06-13,Hyderabad,Telangana,34.8,26.1,30.5,75.7,0.0,22.7,164,Moderate,1007.9,80.8,2025,6,13,4,Friday,8.699999999999996,2308.85
2025-06-13,Ahmedabad,Gujarat,38.5,31.8,35.2,77.9,0.0,12.6,247,Poor,1012.3,65.6,2025,6,13,4,Friday,6.699999999999999,2742.0800000000004
2025-06-13,Jaipur,Rajasthan,39.3,29.2,34.3,67.4,0.0,19.1,190,Moderate,1018.3,74.2,2025,6,13,4,Friday,10.099999999999998,2311.82
2025-06-13,Lucknow,Uttar Pradesh,30.6,21.2,25.9,30.6,0.0,16.4,237,Poor,990.5,59.5,2025,6,13,4,Friday,9.400000000000002,792.54
2025-06-13,Bhopal,Madhya Pradesh,40.8,35.1,37.9,30.2,30.3,6.3,164,Moderate,1010.5,15.4,2025,6,13,4,Friday,5.699999999999996,1144.58
2025-06-14,Mumbai,Maharashtra,42.6,31.6,37.1,74.8,2.3,4.4,55,Satisfactory,990.5,6.5,2025,6,14,5,Saturday,11.0,2775.08
2025-06-14,Delhi,Delhi,43.2,34.6,38.9,49.4,0.0,4.1,163,Moderate,993.8,61.9,2025,6,14,5,Saturday,8.600000000000001,1921.6599999999999
2025-06-14,Bengaluru,Karnataka,43.0,33.4,38.2,62.7,0.0,10.4,222,Poor,1014.9,42.3,2025,6,14,5,Saturday,9.600000000000001,2395.1400000000003
2025-06-14,Chennai,Tamil Nadu,33.9,23.7,28.8,83.8,0.0,23.6,338,Very Poor,1014.3,34.3,2025,6,14,5,Saturday,10.2,2413.44
2025-06-14,Kolkata,West Bengal,31.9,17.0,24.4,42.5,10.0,19.0,186,Moderate,1013.8,78.9,2025,6,14,5,Saturday,14.899999999999999,1037.0
2025-06-14,Hyderabad,Telangana,26.1,17.5,21.8,71.8,0.0,13.2,66,Satisfactory,1015.5,86.0,2025,6,14,5,Saturday,8.600000000000001,1565.24
2025-06-14,Ahmedabad,Gujarat,43.5,29.2,36.4,30.5,0.0,16.2,69,Satisfactory,1007.6,32.9,2025,6,14,5,Saturday,14.3,1110.2
2025-06-14,Jaipur,Rajasthan,29.2,16.8,23.0,45.7,0.0,22.0,345,Very Poor,997.5,23.0,2025,6,14,5,Saturday,12.399999999999999,1051.1000000000001
2025-06-14,Lucknow,Uttar Pradesh,35.8,28.9,32.4,40.8,0.0,22.4,127,Moderate,1005.5,99.0,2025,6,14,5,Saturday,6.899999999999999,1321.9199999999998
2025-06-14,Bhopal,Madhya Pradesh,35.6,28.8,32.2,58.6,0.0,8.5,194,Moderate,1023.9,8.7,2025,6,14,5,Saturday,6.800000000000001,1886.9200000000003
2025-06-15,Mumbai,Maharashtra,37.6,26.0,31.8,79.0,7.6,20.9,188,Moderate,1008.6,67.5,2025,6,15,6,Sunday,11.600000000000001,2512.2000000000003
2025-06-15,Delhi,Delhi,30.5,22.4,26.5,53.4,0.0,13.9,109,Moderate,1022.1,43.6,2025,6,15,6,Sunday,8.100000000000001,1415.1
2025-06-15,Bengaluru,Karnataka,31.9,18.2,25.1,91.2,0.0,24.4,127,Moderate,1001.3,18.1,2025,6,15,6,Sunday,13.7,2289.1200000000003
2025-06-15,Chennai,Tamil Nadu,44.3,35.1,39.7,90.7,0.0,6.5,246,Poor,1011.6,46.3,2025,6,15,6,Sunday,9.199999999999996,3600.7900000000004
2025-06-15,Kolkata,West Bengal,44.5,38.9,41.7,42.5,6.4,12.7,44,Good,1016.1,24.8,2025,6,15,6,Sunday,5.600000000000001,1772.2500000000002
2025-06-15,Hyderabad,Telangana,36.4,23.3,29.8,58.2,0.0,22.3,287,Poor,1006.7,5.7,2025,6,15,6,Sunday,13.099999999999998,1734.3600000000001
2025-06-15,Ahmedabad,Gujarat,37.4,25.1,31.2,88.6,2.9,9.9,267,Poor,1019.6,71.3,2025,6,15,6,Sunday,12.299999999999997,2764.3199999999997
2025-06-15,Jaipur,Rajasthan,41.2,33.6,37.4,78.5,0.0,13.6,205,Poor,993.4,86.0,2025,6,15,6,Sunday,7.600000000000001,2935.9
2025-06-15,Lucknow,Uttar Pradesh,36.9,30.7,33.8,69.1,74.6,6.5,289,Poor,1010.8,62.3,2025,6,15,6,Sunday,6.199999999999999,2335.5799999999995
2025-06-15,Bhopal,Madhya Pradesh,40.1,25.2,32.7,52.8,1.3,8.6,273,Poor,998.3,81.2,2025,6,15,6,Sunday,14.900000000000002,1726.56
2025-06-16,Mumbai,Maharashtra,29.1,15.4,22.2,38.8,34.6,18.0,261,Poor,1003.8,19.9,2025,6,16,0,Monday,13.700000000000001,861.3599999999999
2025-06-16,Delhi,Delhi,37.0,22.1,29.5,79.8,0.0,24.1,194,Moderate,990.7,27.6,2025,6,16,0,Monday,14.899999999999999,2354.1
2025-06-16,Bengaluru,Karnataka,26.6,18.1,22.4,62.3,42.2,13.6,126,Moderate,1022.9,19.0,2025,6,16,0,Monday,8.5,1395.5199999999998
2025-06-16,Chennai,Tamil Nadu,38.1,30.3,34.2,52.6,0.0,19.9,70,Satisfactory,992.5,58.5,2025,6,16,0,Monday,7.800000000000001,1798.9200000000003
2025-06-16,Kolkata,West Bengal,28.5,22.9,25.7,88.6,0.0,10.8,271,Poor,1007.3,47.8,2025,6,16,0,Monday,5.600000000000001,2277.02
2025-06-16,Hyderabad,Telangana,43.2,35.2,39.2,31.6,0.0,12.5,134,Moderate,995.0,50.2,2025,6,16,0,Monday,8.0,1238.7200000000003
2025-06-16,Ahmedabad,Gujarat,44.9,38.0,41.5,54.6,0.0,24.4,53,Satisfactory,1007.8,91.5,2025,6,16,0,Monday,6.899999999999999,2265.9
2025-06-16,Jaipur,Rajasthan,27.4,13.0,20.2,38.4,0.0,17.2,119,Moderate,1015.5,93.5,2025,6,16,0,Monday,14.399999999999999,775.68
2025-06-16,Lucknow,Uttar Pradesh,39.0,30.5,34.8,76.6,0.0,9.7,252,Poor,1015.0,27.2,2025,6,16,0,Monday,8.5,2665.6799999999994
2025-06-16,Bhopal,Madhya Pradesh,34.9,29.0,32.0,55.1,0.0,3.3,243,Poor,994.6,79.9,2025,6,16,0,Monday,5.899999999999999,1763.2
2025-06-17,Mumbai,Maharashtra,30.7,21.8,26.2,82.7,0.0,18.7,225,Poor,1006.3,56.8,2025,6,17,1,Tuesday,8.899999999999999,2166.7400000000002
2025-06-17,Delhi,Delhi,34.0,24.4,29.2,47.3,0.0,2.8,328,Very Poor,995.9,86.1,2025,6,17,1,Tuesday,9.600000000000001,1381.1599999999999
2025-06-17,Bengaluru,Karnataka,28.2,15.9,22.1,70.5,3.1,4.3,319,Very Poor,996.6,8.2,2025,6,17,1,Tuesday,12.299999999999999,1558.0500000000002
2025-06-17,Chennai,Tamil Nadu,36.5,26.2,31.4,75.9,0.0,8.8,285,Poor,1021.6,44.1,2025,6,17,1,Tuesday,10.3,2383.26
2025-06-17,Kolkata,West Bengal,29.1,19.1,24.1,38.3,0.0,19.9,270,Poor,1022.8,32.0,2025,6,17,1,Tuesday,10.0,923.03
2025-06-17,Hyderabad,Telangana,42.7,36.5,39.6,68.1,0.0,7.9,129,Moderate,1010.5,23.7,2025,6,17,1,Tuesday,6.200000000000003,2696.7599999999998
2025-06-17,Ahmedabad,Gujarat,39.2,30.2,34.7,34.3,0.0,8.1,218,Poor,995.9,30.8,2025,6,17,1,Tuesday,9.000000000000004,1190.21
2025-06-17,Jaipur,Rajasthan,44.3,33.2,38.8,56.6,0.0,20.3,128,Moderate,1007.2,8.2,2025,6,17,1,Tuesday,11.099999999999994,2196.08
2025-06-17,Lucknow,Uttar Pradesh,32.1,19.3,25.7,58.2,0.0,24.3,290,Poor,996.4,31.2,2025,6,17,1,Tuesday,12.8,1495.74
2025-06-17,Bhopal,Madhya Pradesh,28.8,19.8,24.3,86.2,6.4,20.7,346,Very Poor,1004.1,59.3,2025,6,17,1,Tuesday,9.0,2094.6600000000003
2025-06-18,Mumbai,Maharashtra,44.3,34.2,39.2,36.2,7.0,10.1,331,Very Poor,1015.2,39.9,2025,6,18,2,Wednesday,10.099999999999994,1419.0400000000002
2025-06-18,Delhi,Delhi,27.7,22.0,24.9,80.8,42.6,15.6,247,Poor,1013.1,6.8,2025,6,18,2,Wednesday,5.699999999999999,2011.9199999999998
2025-06-18,Bengaluru,Karnataka,32.8,23.2,28.0,82.5,5.3,18.8,56,Satisfactory,1010.6,44.2,2025,6,18,2,Wednesday,9.599999999999998,2310.0
2025-06-18,Chennai,Tamil Nadu,25.4,19.9,22.6,92.3,0.0,15.1,314,Very Poor,1010.3,33.7,2025,6,18,2,Wednesday,5.5,2085.98
2025-06-18,Kolkata,West Bengal,43.4,31.9,37.7,86.2,0.0,21.5,43,Good,1001.0,57.1,2025,6,18,2,Wednesday,11.5,3249.7400000000002
2025-06-18,Hyderabad,Telangana,44.7,32.1,38.4,53.5,0.0,3.4,138,Moderate,1001.7,25.8,2025,6,18,2,Wednesday,12.600000000000001,2054.4
2025-06-18,Ahmedabad,Gujarat,43.9,34.7,39.3,51.1,57.8,14.6,93,Satisfactory,1016.3,41.3,2025,6,18,2,Wednesday,9.199999999999996,2008.23
2025-06-18,Jaipur,Rajasthan,33.6,24.4,29.0,57.3,38.4,24.6,166,Moderate,1008.3,58.1,2025,6,18,2,Wednesday,9.200000000000003,1661.6999999999998
2025-06-18,Lucknow,Uttar Pradesh,32.1,17.3,24.7,32.6,4.2,6.5,324,Very Poor,1021.0,40.6,2025,6,18,2,Wednesday,14.8,805.22
2025-06-18,Bhopal,Madhya Pradesh,44.7,32.0,38.4,70.5,1.6,8.6,244,Poor,1006.4,11.4,2025,6,18,2,Wednesday,12.700000000000003,2707.2
2025-06-19,Mumbai,Maharashtra,27.5,16.0,21.7,73.7,3.3,13.4,254,Poor,1022.1,86.3,2025,6,19,3,Thursday,11.5,1599.29
2025-06-19,Delhi,Delhi,28.1,18.1,23.1,86.2,48.2,2.4,51,Satisfactory,990.4,89.8,2025,6,19,3,Thursday,10.0,1991.2200000000003
2025-06-19,Bengaluru,Karnataka,31.7,17.4,24.5,74.9,0.0,14.2,286,Poor,1012.0,34.0,2025,6,19,3,Thursday,14.3,1835.0500000000002
2025-06-19,Chennai,Tamil Nadu,31.4,25.7,28.6,43.1,0.0,4.1,95,Satisfactory,996.9,56.7,2025,6,19,3,Thursday,5.699999999999999,1232.66
2025-06-19,Kolkata,West Bengal,26.3,14.1,20.2,81.0,0.0,18.9,164,Moderate,1010.4,7.2,2025,6,19,3,Thursday,12.200000000000001,1636.2
2025-06-19,Hyderabad,Telangana,26.1,20.2,23.1,33.6,0.0,7.7,226,Poor,992.5,46.0,2025,6,19,3,Thursday,5.900000000000002,776.1600000000001
2025-06-19,Ahmedabad,Gujarat,40.9,35.4,38.2,57.2,0.0,8.3,256,Poor,994.7,84.7,2025,6,19,3,Thursday,5.5,2185.0400000000004
2025-06-19,Jaipur,Rajasthan,33.2,24.5,28.9,83.8,20.3,20.8,130,Moderate,1017.1,64.3,2025,6,19,3,Thursday,8.700000000000003,2421.8199999999997
2025-06-19,Lucknow,Uttar Pradesh,43.7,33.8,38.7,48.2,0.0,6.3,110,Moderate,994.7,8.1,2025,6,19,3,Thursday,9.900000000000006,1865.3400000000001
2025-06-19,Bhopal,Madhya Pradesh,27.1,21.6,24.3,38.9,0.0,9.4,199,Moderate,994.9,94.3,2025,6,19,3,Thursday,5.5,945.27
2025-06-20,Mumbai,Maharashtra,39.8,27.9,33.9,48.5,0.0,17.4,44,Good,1017.7,39.6,2025,6,20,4,Friday,11.899999999999999,1644.1499999999999
2025-06-20,Delhi,Delhi,32.0,25.8,28.9,40.1,24.5,17.0,72,Satisfactory,1008.1,5.9,2025,6,20,4,Friday,6.199999999999999,1158.8899999999999
2025-06-20,Bengaluru,Karnataka,40.8,31.9,36.3,33.0,0.0,24.4,334,Very Poor,990.5,73.5,2025,6,20,4,Friday,8.899999999999999,1197.8999999999999
2025-06-20,Chennai,Tamil Nadu,26.3,12.6,19.4,57.1,31.6,16.9,175,Moderate,1011.9,81.6,2025,6,20,4,Friday,13.700000000000001,1107.74
2025-06-20,Kolkata,West Bengal,30.2,22.5,26.4,51.5,0.0,11.3,253,Poor,1017.8,32.5,2025,6,20,4,Friday,7.699999999999999,1359.6
2025-06-20,Hyderabad,Telangana,27.1,21.0,24.0,71.9,0.9,12.1,235,Poor,1009.6,97.8,2025,6,20,4,Friday,6.100000000000001,1725.6000000000001
2025-06-20,Ahmedabad,Gujarat,36.8,28.0,32.4,71.0,0.0,7.1,159,Moderate,1009.7,68.5,2025,6,20,4,Friday,8.799999999999997,2300.4
2025-06-20,Jaipur,Rajasthan,33.4,23.4,28.4,79.3,0.0,9.3,190,Moderate,1008.2,12.6,2025,6,20,4,Friday,10.0,2252.12
2025-06-20,Lucknow,Uttar Pradesh,43.5,31.6,37.6,80.8,0.0,12.3,135,Moderate,1010.9,88.0,2025,6,20,4,Friday,11.899999999999999,3038.08
2025-06-20,Bhopal,Madhya Pradesh,25.0,10.3,17.7,31.7,0.0,21.2,101,Moderate,1005.7,57.0,2025,6,20,4,Friday,14.7,561.0899999999999
2025-06-21,Mumbai,Maharashtra,36.4,27.9,32.1,36.4,9.5,22.9,172,Moderate,996.3,27.5,2025,6,21,5,Saturday,8.5,1168.44
2025-06-21,Delhi,Delhi,30.9,18.3,24.6,52.0,70.1,3.5,248,Poor,996.2,21.1,2025,6,21,5,Saturday,12.599999999999998,1279.2
2025-06-21,Bengaluru,Karnataka,25.2,12.2,18.7,65.6,0.0,6.6,250,Poor,999.9,51.3,2025,6,21,5,Saturday,13.0,1226.7199999999998
2025-06-21,Chennai,Tamil Nadu,30.4,17.4,23.9,82.7,0.0,6.4,215,Poor,1018.2,99.2,2025,6,21,5,Saturday,13.0,1976.53
2025-06-21,Kolkata,West Bengal,43.3,31.9,37.6,66.8,0.0,12.2,255,Poor,1009.6,53.4,2025,6,21,5,Saturday,11.399999999999999,2511.68
2025-06-21,Hyderabad,Telangana,28.8,20.3,24.6,57.0,1.9,4.1,202,Poor,1014.9,57.0,2025,6,21,5,Saturday,8.5,1402.2
2025-06-21,Ahmedabad,Gujarat,44.8,33.6,39.2,88.3,0.0,12.0,284,Poor,1016.9,83.3,2025,6,21,5,Saturday,11.199999999999996,3461.36
2025-06-21,Jaipur,Rajasthan,33.9,21.4,27.7,76.7,3.2,17.6,125,Moderate,1009.9,25.3,2025,6,21,5,Saturday,12.5,2124.59
2025-06-21,Lucknow,Uttar Pradesh,39.2,24.5,31.9,91.4,0.0,21.8,41,Good,1006.7,79.2,2025,6,21,5,Saturday,14.700000000000003,2915.66
2025-06-21,Bhopal,Madhya Pradesh,42.4,31.4,36.9,45.6,0.0,9.6,344,Very Poor,1008.7,82.4,2025,6,21,5,Saturday,11.0,1682.64
2025-06-22,Mumbai,Maharashtra,30.0,24.0,27.0,55.7,0.0,16.3,341,Very Poor,995.3,76.2,2025,6,22,6,Sunday,6.0,1503.9
2025-06-22,Delhi,Delhi,34.6,20.0,27.3,32.3,0.5,6.3,257,Poor,1002.7,53.2,2025,6,22,6,Sunday,14.600000000000001,881.79
2025-06-22,Bengaluru,Karnataka,41.8,36.0,38.9,72.7,0.0,12.4,98,Satisfactory,997.2,49.9,2025,6,22,6,Sunday,5.799999999999997,2828.03
2025-06-22,Chennai,Tamil Nadu,25.9,17.2,21.5,31.6,0.0,24.5,248,Poor,990.3,39.9,2025,6,22,6,Sunday,8.7,679.4
2025-06-22,Kolkata,West Bengal,28.2,17.6,22.9,46.8,0.0,10.7,130,Moderate,995.9,32.0,2025,6,22,6,Sunday,10.599999999999998,1071.7199999999998
2025-06-22,Hyderabad,Telangana,31.5,20.1,25.8,78.3,5.2,25.0,192,Moderate,1006.0,94.0,2025,6,22,6,Sunday,11.399999999999999,2020.1399999999999
2025-06-22,Ahmedabad,Gujarat,40.6,29.9,35.3,87.5,0.0,21.7,187,Moderate,1024.8,28.1,2025,6,22,6,Sunday,10.700000000000003,3088.7499999999995
2025-06-22,Jaipur,Rajasthan,26.6,20.2,23.4,90.4,5.5,14.9,222,Poor,1000.1,26.5,2025,6,22,6,Sunday,6.400000000000002,2115.36
2025-06-22,Lucknow,Uttar Pradesh,28.8,22.4,25.6,50.7,8.6,16.3,172,Moderate,991.4,62.2,2025,6,22,6,Sunday,6.400000000000002,1297.92
2025-06-22,Bhopal,Madhya Pradesh,41.8,27.8,34.8,48.6,0.0,6.4,184,Moderate,1013.7,29.9,2025,6,22,6,Sunday,13.999999999999996,1691.28
2025-06-23,Mumbai,Maharashtra,41.2,28.3,34.8,85.6,51.1,3.0,247,Poor,1017.8,28.4,2025,6,23,0,Monday,12.900000000000002,2978.8799999999997
2025-06-23,Delhi,Delhi,39.3,25.1,32.2,63.1,0.0,12.1,340,Very Poor,1008.8,50.7,2025,6,23,0,Monday,14.199999999999996,2031.8200000000002
2025-06-23,Bengaluru,Karnataka,26.6,18.9,22.7,93.0,0.0,8.5,236,Poor,991.4,18.1,2025,6,23,0,Monday,7.700000000000003,2111.1
2025-06-23,Chennai,Tamil Nadu,40.3,26.6,33.4,46.3,0.0,20.6,76,Satisfactory,1006.9,96.7,2025,6,23,0,Monday,13.699999999999996,1546.4199999999998
2025-06-23,Kolkata,West Bengal,27.7,19.2,23.4,43.4,0.0,7.6,180,Moderate,998.3,53.4,2025,6,23,0,Monday,8.5,1015.56
2025-06-23,Hyderabad,Telangana,39.5,27.2,33.4,67.2,0.0,2.3,161,Moderate,997.5,8.4,2025,6,23,0,Monday,12.3,2244.48
2025-06-23,Ahmedabad,Gujarat,32.2,26.2,29.2,79.1,5.6,17.4,95,Satisfactory,996.7,98.4,2025,6,23,0,Monday,6.0000000000000036,2309.72
2025-06-23,Jaipur,Rajasthan,40.4,25.8,33.1,77.2,0.0,8.4,231,Poor,1012.4,88.8,2025,6,23,0,Monday,14.599999999999998,2555.32
2025-06-23,Lucknow,Uttar Pradesh,44.5,37.3,40.9,83.7,39.9,6.6,60,Satisfactory,1023.3,90.8,2025,6,23,0,Monday,7.200000000000003,3423.33
2025-06-23,Bhopal,Madhya Pradesh,35.4,25.1,30.3,33.7,0.0,12.7,244,Poor,1022.9,37.5,2025,6,23,0,Monday,10.299999999999997,1021.1100000000001
2025-06-24,Mumbai,Maharashtra,25.2,13.5,19.3,89.4,3.6,9.6,146,Moderate,1004.1,30.9,2025,6,24,1,Tuesday,11.7,1725.42
2025-06-24,Delhi,Delhi,38.6,24.4,31.5,67.9,28.5,22.9,339,Very Poor,994.0,91.3,2025,6,24,1,Tuesday,14.200000000000003,2138.8500000000004
2025-06-24,Bengaluru,Karnataka,31.5,19.5,25.5,66.4,0.0,23.3,209,Poor,1018.4,36.4,2025,6,24,1,Tuesday,12.0,1693.2
2025-06-24,Chennai,Tamil Nadu,33.1,23.5,28.3,79.5,0.0,15.1,232,Poor,1014.2,53.3,2025,6,24,1,Tuesday,9.600000000000001,2249.85
2025-06-24,Kolkata,West Bengal,40.8,30.3,35.6,93.5,0.0,14.2,338,Very Poor,1006.0,40.4,2025,6,24,1,Tuesday,10.499999999999996,3328.6
2025-06-24,Hyderabad,Telangana,30.4,18.7,24.6,82.3,0.0,23.0,147,Moderate,1013.2,66.7,2025,6,24,1,Tuesday,11.7,2024.5800000000002
2025-06-24,Ahmedabad,Gujarat,40.4,35.1,37.8,66.1,0.0,23.0,303,Very Poor,1012.0,68.5,2025,6,24,1,Tuesday,5.299999999999997,2498.5799999999995
2025-06-24,Jaipur,Rajasthan,39.7,33.4,36.5,70.1,9.8,15.0,150,Moderate,1003.7,95.7,2025,6,24,1,Tuesday,6.300000000000004,2558.6499999999996
2025-06-24,Lucknow,Uttar Pradesh,26.9,12.2,19.6,77.4,29.6,8.3,348,Very Poor,1008.8,25.4,2025,6,24,1,Tuesday,14.7,1517.0400000000002
2025-06-24,Bhopal,Madhya Pradesh,40.4,29.7,35.1,78.5,9.2,21.5,290,Poor,1003.9,42.2,2025,6,24,1,Tuesday,10.7,2755.35
2025-06-25,Mumbai,Maharashtra,40.2,26.2,33.2,38.6,6.9,2.6,253,Poor,1018.9,36.0,2025,6,25,2,Wednesday,14.000000000000004,1281.5200000000002
2025-06-25,Delhi,Delhi,37.3,27.9,32.6,78.5,9.6,9.2,179,Moderate,1019.6,46.5,2025,6,25,2,Wednesday,9.399999999999999,2559.1
2025-06-25,Bengaluru,Karnataka,40.4,30.5,35.5,47.3,10.0,16.9,58,Satisfactory,1020.9,22.5,2025,6,25,2,Wednesday,9.899999999999999,1679.1499999999999
2025-06-25,Chennai,Tamil Nadu,32.7,22.1,27.4,48.6,6.9,18.5,290,Poor,997.5,33.4,2025,6,25,2,Wednesday,10.600000000000001,1331.6399999999999
2025-06-25,Kolkata,West Bengal,40.5,27.3,33.9,50.9,0.0,13.0,319,Very Poor,1013.3,21.0,2025,6,25,2,Wednesday,13.2,1725.51
2025-06-25,Hyderabad,Telangana,40.1,34.3,37.2,89.4,4.1,16.8,200,Moderate,1005.3,29.7,2025,6,25,2,Wednesday,5.800000000000004,3325.6800000000003
2025-06-25,Ahmedabad,Gujarat,36.6,25.3,30.9,69.3,0.0,8.6,54,Satisfactory,995.5,62.7,2025,6,25,2,Wednesday,11.3,2141.37
2025-06-25,Jaipur,Rajasthan,26.3,18.8,22.6,42.6,0.0,7.7,286,Poor,990.2,38.3,2025,6,25,2,Wednesday,7.5,962.7600000000001
2025-06-25,Lucknow,Uttar Pradesh,30.3,18.9,24.6,36.4,0.0,6.4,287,Poor,1000.0,7.9,2025,6,25,2,Wednesday,11.400000000000002,895.44
2025-06-25,Bhopal,Madhya Pradesh,31.0,23.8,27.4,82.3,0.0,8.0,307,Very Poor,990.4,93.8,2025,6,25,2,Wednesday,7.199999999999999,2255.02
2025-06-26,Mumbai,Maharashtra,33.3,23.8,28.6,64.1,0.0,6.3,54,Satisfactory,994.1,92.2,2025,6,26,3,Thursday,9.499999999999996,1833.26
2025-06-26,Delhi,Delhi,43.0,31.0,37.0,56.3,0.0,17.1,155,Moderate,1014.2,47.5,2025,6,26,3,Thursday,12.0,2083.1
2025-06-26,Bengaluru,Karnataka,40.4,26.1,33.2,89.4,0.0,11.3,234,Poor,1015.6,52.2,2025,6,26,3,Thursday,14.299999999999997,2968.0800000000004
2025-06-26,Chennai,Tamil Nadu,41.9,36.5,39.2,90.0,3.4,23.5,310,Very Poor,1016.9,81.4,2025,6,26,3,Thursday,5.399999999999999,3528.0000000000005
2025-06-26,Kolkata,West Bengal,35.4,23.6,29.5,48.6,2.6,11.1,200,Moderate,1004.0,95.7,2025,6,26,3,Thursday,11.799999999999997,1433.7
2025-06-26,Hyderabad,Telangana,44.7,31.1,37.9,71.6,0.0,17.0,245,Poor,1003.8,83.6,2025,6,26,3,Thursday,13.600000000000001,2713.64
2025-06-26,Ahmedabad,Gujarat,31.9,19.1,25.5,49.7,0.0,21.1,245,Poor,1011.9,59.2,2025,6,26,3,Thursday,12.799999999999997,1267.3500000000001
2025-06-26,Jaipur,Rajasthan,38.1,27.4,32.7,84.8,4.5,6.6,297,Poor,1005.9,84.3,2025,6,26,3,Thursday,10.700000000000003,2772.96
2025-06-26,Lucknow,Uttar Pradesh,25.5,18.2,21.9,57.6,0.0,6.9,115,Moderate,1003.9,82.2,2025,6,26,3,Thursday,7.300000000000001,1261.44
2025-06-26,Bhopal,Madhya Pradesh,36.6,26.1,31.4,83.2,25.6,21.2,44,Good,1011.8,13.9,2025,6,26,3,Thursday,10.5,2612.48
2025-06-27,Mumbai,Maharashtra,28.7,21.7,25.2,38.9,2.7,18.3,273,Poor,993.7,97.8,2025,6,27,4,Friday,7.0,980.28
2025-06-27,Delhi,Delhi,28.3,22.0,25.1,35.7,0.0,11.7,189,Moderate,1014.8,33.9,2025,6,27,4,Friday,6.300000000000001,896.0700000000002
2025-06-27,Bengaluru,Karnataka,28.9,19.6,24.2,53.3,0.0,4.1,118,Moderate,999.1,16.0,2025,6,27,4,Friday,9.299999999999997,1289.86
2025-06-27,Chennai,Tamil Nadu,25.5,17.0,21.2,43.9,0.0,12.9,303,Very Poor,1023.5,54.8,2025,6,27,4,Friday,8.5,930.68
2025-06-27,Kolkata,West Bengal,41.5,27.1,34.3,49.9,0.0,14.2,259,Poor,1000.4,28.6,2025,6,27,4,Friday,14.399999999999999,1711.5699999999997
2025-06-27,Hyderabad,Telangana,31.8,20.8,26.3,76.3,23.5,4.2,217,Poor,1019.0,84.5,2025,6,27,4,Friday,11.0,2006.69
2025-06-27,Ahmedabad,Gujarat,37.6,29.0,33.3,84.7,0.0,23.6,171,Moderate,1023.2,72.5,2025,6,27,4,Friday,8.600000000000001,2820.5099999999998
2025-06-27,Jaipur,Rajasthan,28.6,18.6,23.6,81.4,6.1,9.2,40,Good,1020.1,46.7,2025,6,27,4,Friday,10.0,1921.0400000000002
2025-06-27,Lucknow,Uttar Pradesh,39.6,25.9,32.7,61.5,66.4,24.4,295,Poor,1002.1,61.5,2025,6,27,4,Friday,13.700000000000003,2011.0500000000002
2025-06-27,Bhopal,Madhya Pradesh,35.6,26.0,30.8,67.2,0.0,16.0,109,Moderate,1003.3,88.9,2025,6,27,4,Friday,9.600000000000001,2069.76
2025-06-28,Mumbai,Maharashtra,31.2,16.5,23.9,66.2,3.5,15.2,162,Moderate,1021.1,13.9,2025,6,28,5,Saturday,14.7,1582.18
2025-06-28,Delhi,Delhi,41.2,32.4,36.8,90.2,0.0,17.8,342,Very Poor,996.8,5.9,2025,6,28,5,Saturday,8.800000000000004,3319.3599999999997
2025-06-28,Bengaluru,Karnataka,43.0,35.0,39.0,61.4,0.0,21.0,128,Moderate,1021.9,58.8,2025,6,28,5,Saturday,8.0,2394.6
2025-06-28,Chennai,Tamil Nadu,35.0,21.5,28.2,67.9,0.0,12.3,184,Moderate,1013.7,15.6,2025,6,28,5,Saturday,13.5,1914.7800000000002
2025-06-28,Kolkata,West Bengal,28.0,14.5,21.2,91.3,1.5,19.5,130,Moderate,1014.4,25.6,2025,6,28,5,Saturday,13.5,1935.56
2025-06-28,Hyderabad,Telangana,28.3,14.1,21.2,63.9,0.0,20.2,129,Moderate,1017.9,27.0,2025,6,28,5,Saturday,14.200000000000001,1354.6799999999998
2025-06-28,Ahmedabad,Gujarat,27.0,13.9,20.4,81.6,0.0,14.5,276,Poor,1008.3,98.4,2025,6,28,5,Saturday,13.1,1664.6399999999999
2025-06-28,Jaipur,Rajasthan,27.3,19.3,23.3,52.5,0.0,13.3,140,Moderate,1008.7,30.7,2025,6,28,5,Saturday,8.0,1223.25
2025-06-28,Lucknow,Uttar Pradesh,40.6,26.9,33.8,32.4,6.1,18.0,160,Moderate,1020.7,12.5,2025,6,28,5,Saturday,13.700000000000003,1095.12
2025-06-28,Bhopal,Madhya Pradesh,40.6,27.2,33.9,47.2,22.7,18.8,197,Moderate,997.8,64.3,2025,6,28,5,Saturday,13.400000000000002,1600.08
2025-06-29,Mumbai,Maharashtra,30.2,16.2,23.2,39.6,4.7,5.5,295,Poor,1011.3,5.6,2025,6,29,6,Sunday,14.0,918.72
2025-06-29,Delhi,Delhi,29.7,17.5,23.6,69.1,0.0,22.4,54,Satisfactory,1006.8,91.8,2025,6,29,6,Sunday,12.2,1630.76
2025-06-29,Bengaluru,Karnataka,25.1,10.6,17.9,77.1,74.1,4.2,293,Poor,995.5,22.9,2025,6,29,6,Sunday,14.500000000000002,1380.0899999999997
2025-06-29,Chennai,Tamil Nadu,32.1,21.2,26.6,85.6,0.0,3.6,40,Good,1006.8,25.8,2025,6,29,6,Sunday,10.900000000000002,2276.96
2025-06-29,Kolkata,West Bengal,41.3,26.6,33.9,92.7,3.1,20.4,87,Satisfactory,1019.6,98.1,2025,6,29,6,Sunday,14.699999999999996,3142.5299999999997
2025-06-29,Hyderabad,Telangana,40.4,28.1,34.2,48.7,22.4,22.2,112,Moderate,1011.5,53.6,2025,6,29,6,Sunday,12.299999999999997,1665.5400000000002
2025-06-29,Ahmedabad,Gujarat,40.8,35.7,38.3,60.1,8.6,3.6,55,Satisfactory,1000.0,69.0,2025,6,29,6,Sunday,5.099999999999994,2301.83
2025-06-29,Jaipur,Rajasthan,31.6,23.1,27.3,62.4,0.0,5.0,182,Moderate,996.3,84.1,2025,6,29,6,Sunday,8.5,1703.52
2025-06-29,Lucknow,Uttar Pradesh,32.1,22.8,27.4,41.4,0.0,12.9,159,Moderate,995.2,19.9,2025,6,29,6,Sunday,9.3,1134.36
2025-06-29,Bhopal,Madhya Pradesh,32.6,18.7,25.7,32.2,0.0,18.5,137,Moderate,1022.7,28.9,2025,6,29,6,Sunday,13.900000000000002,827.5400000000001
2025-06-30,Mumbai,Maharashtra,27.2,16.6,21.9,40.4,40.2,6.7,163,Moderate,1014.3,66.5,2025,6,30,0,Monday,10.599999999999998,884.7599999999999
2025-06-30,Delhi,Delhi,43.0,33.6,38.3,42.9,0.0,10.4,236,Poor,1011.5,53.6,2025,6,30,0,Monday,9.399999999999999,1643.07
2025-06-30,Bengaluru,Karnataka,38.2,32.0,35.1,50.5,0.0,9.2,247,Poor,1022.6,86.9,2025,6,30,0,Monday,6.200000000000003,1772.5500000000002
2025-06-30,Chennai,Tamil Nadu,26.5,15.4,20.9,30.8,0.0,2.1,221,Poor,1013.3,82.9,2025,6,30,0,Monday,11.1,643.72
2025-06-30,Kolkata,West Bengal,39.2,33.3,36.2,76.5,6.2,16.8,131,Moderate,1011.0,22.4,2025,6,30,0,Monday,5.900000000000006,2769.3
2025-06-30,Hyderabad,Telangana,44.8,35.5,40.2,33.9,0.0,8.4,259,Poor,1023.7,40.9,2025,6,30,0,Monday,9.299999999999997,1362.78
2025-06-30,Ahmedabad,Gujarat,37.0,31.5,34.3,55.0,4.0,21.7,199,Moderate,1001.0,36.3,2025,6,30,0,Monday,5.5,1886.4999999999998
2025-06-30,Jaipur,Rajasthan,37.6,25.3,31.5,83.4,8.7,16.0,313,Very Poor,1008.6,64.7,2025,6,30,0,Monday,12.3,2627.1000000000004
2025-06-30,Lucknow,Uttar Pradesh,35.9,29.3,32.6,58.4,0.0,18.4,185,Moderate,999.0,38.1,2025,6,30,0,Monday,6.599999999999998,1903.8400000000001
2025-06-30,Bhopal,Madhya Pradesh,33.8,28.5,31.2,80.3,0.0,7.7,311,Very Poor,994.4,21.1,2025,6,30,0,Monday,5.299999999999997,2505.3599999999997
2025-07-01,Mumbai,Maharashtra,34.6,28.5,31.5,46.6,0.0,14.1,66,Satisfactory,993.9,97.2,2025,7,1,1,Tuesday,6.100000000000001,1467.9
2025-07-01,Delhi,Delhi,39.0,33.4,36.2,58.8,0.0,14.7,259,Poor,995.8,95.8,2025,7,1,1,Tuesday,5.600000000000001,2128.56
2025-07-01,Bengaluru,Karnataka,32.5,24.3,28.4,45.5,0.0,22.8,146,Moderate,995.3,30.1,2025,7,1,1,Tuesday,8.2,1292.2
2025-07-01,Chennai,Tamil Nadu,30.2,19.3,24.8,69.1,0.0,3.6,147,Moderate,994.4,27.8,2025,7,1,1,Tuesday,10.899999999999999,1713.6799999999998
2025-07-01,Kolkata,West Bengal,40.8,33.6,37.2,73.6,0.7,15.9,289,Poor,997.0,36.4,2025,7,1,1,Tuesday,7.199999999999996,2737.92
2025-07-01,Hyderabad,Telangana,33.6,26.1,29.9,90.6,0.0,9.8,98,Satisfactory,1006.1,60.8,2025,7,1,1,Tuesday,7.5,2708.9399999999996
2025-07-01,Ahmedabad,Gujarat,35.0,23.1,29.0,52.5,0.0,5.1,296,Poor,1012.8,26.3,2025,7,1,1,Tuesday,11.899999999999999,1522.5
2025-07-01,Jaipur,Rajasthan,36.1,25.5,30.8,89.3,0.0,24.2,103,Moderate,1017.7,77.0,2025,7,1,1,Tuesday,10.600000000000001,2750.44
2025-07-01,Lucknow,Uttar Pradesh,29.7,24.5,27.1,71.5,3.8,21.1,50,Good,994.7,92.3,2025,7,1,1,Tuesday,5.199999999999999,1937.65
2025-07-01,Bhopal,Madhya Pradesh,26.9,13.5,20.2,62.0,42.3,7.5,156,Moderate,1011.6,99.5,2025,7,1,1,Tuesday,13.399999999999999,1252.3999999999999
2025-07-02,Mumbai,Maharashtra,25.0,19.4,22.2,85.8,5.0,20.7,185,Moderate,1006.7,86.5,2025,7,2,2,Wednesday,5.600000000000001,1904.7599999999998
2025-07-02,Delhi,Delhi,38.5,33.2,35.8,39.0,0.0,17.2,277,Poor,1010.7,12.8,2025,7,2,2,Wednesday,5.299999999999997,1396.1999999999998
2025-07-02,Bengaluru,Karnataka,37.3,23.8,30.6,64.8,0.0,2.9,313,Very Poor,994.6,93.3,2025,7,2,2,Wednesday,13.499999999999996,1982.88
2025-07-02,Chennai,Tamil Nadu,34.9,28.1,31.5,39.5,0.0,20.5,229,Poor,1007.7,62.9,2025,7,2,2,Wednesday,6.799999999999997,1244.25
2025-07-02,Kolkata,West Bengal,25.6,16.2,20.9,86.2,0.0,10.8,340,Very Poor,1008.0,17.9,2025,7,2,2,Wednesday,9.400000000000002,1801.58
2025-07-02,Hyderabad,Telangana,25.7,15.9,20.8,43.6,55.6,19.2,55,Satisfactory,998.9,51.9,2025,7,2,2,Wednesday,9.799999999999999,906.8800000000001
2025-07-02,Ahmedabad,Gujarat,35.6,29.6,32.6,81.6,10.7,23.7,269,Poor,993.0,31.5,2025,7,2,2,Wednesday,6.0,2660.16
2025-07-02,Jaipur,Rajasthan,35.8,21.3,28.5,55.3,0.0,19.3,111,Moderate,1017.7,91.6,2025,7,2,2,Wednesday,14.499999999999996,1576.05
2025-07-02,Lucknow,Uttar Pradesh,39.8,26.5,33.1,84.4,0.0,15.7,260,Poor,999.9,69.9,2025,7,2,2,Wednesday,13.299999999999997,2793.6400000000003
2025-07-02,Bhopal,Madhya Pradesh,28.9,19.5,24.2,57.4,0.0,17.0,114,Moderate,999.2,27.1,2025,7,2,2,Wednesday,9.399999999999999,1389.08
2025-07-03,Mumbai,Maharashtra,25.6,13.7,19.6,94.1,3.2,7.2,255,Poor,990.4,73.8,2025,7,3,3,Thursday,11.900000000000002,1844.3600000000001
2025-07-03,Delhi,Delhi,29.6,21.3,25.4,88.4,0.0,13.1,129,Moderate,1007.5,49.8,2025,7,3,3,Thursday,8.3,2245.36
2025-07-03,Bengaluru,Karnataka,30.1,17.7,23.9,47.9,6.1,5.8,127,Moderate,1012.9,62.2,2025,7,3,3,Thursday,12.400000000000002,1144.81
2025-07-03,Chennai,Tamil Nadu,32.8,25.0,28.9,64.9,8.1,13.1,188,Moderate,1023.5,58.6,2025,7,3,3,Thursday,7.799999999999997,1875.6100000000001
2025-07-03,Kolkata,West Bengal,42.1,35.3,38.7,40.3,0.0,19.6,81,Satisfactory,1004.9,71.9,2025,7,3,3,Thursday,6.800000000000004,1559.61
2025-07-03,Hyderabad,Telangana,44.5,30.6,37.6,56.4,0.0,23.8,60,Satisfactory,1024.2,25.6,2025,7,3,3,Thursday,13.899999999999999,2120.64
2025-07-03,Ahmedabad,Gujarat,31.6,21.7,26.7,36.0,1.5,22.1,253,Poor,1024.0,40.9,2025,7,3,3,Thursday,9.900000000000002,961.1999999999999
2025-07-03,Jaipur,Rajasthan,28.7,18.2,23.4,43.6,0.0,23.8,252,Poor,994.3,52.7,2025,7,3,3,Thursday,10.5,1020.24
2025-07-03,Lucknow,Uttar Pradesh,34.9,20.8,27.9,40.8,0.0,7.9,98,Satisfactory,995.9,81.5,2025,7,3,3,Thursday,14.099999999999998,1138.32
2025-07-03,Bhopal,Madhya Pradesh,33.9,19.3,26.6,69.8,0.0,18.9,284,Poor,1018.8,66.7,2025,7,3,3,Thursday,14.599999999999998,1856.68
2025-07-04,Mumbai,Maharashtra,26.8,21.6,24.2,77.7,0.0,13.0,258,Poor,1017.0,75.4,2025,7,4,4,Friday,5.199999999999999,1880.34
2025-07-04,Delhi,Delhi,38.8,28.6,33.7,90.2,8.9,22.5,248,Poor,1011.6,57.8,2025,7,4,4,Friday,10.199999999999996,3039.7400000000002
2025-07-04,Bengaluru,Karnataka,28.3,22.4,25.3,83.3,0.0,8.9,219,Poor,1020.6,53.2,2025,7,4,4,Friday,5.900000000000002,2107.49
2025-07-04,Chennai,Tamil Nadu,29.7,16.7,23.2,90.5,7.9,6.3,96,Satisfactory,994.0,46.6,2025,7,4,4,Friday,13.0,2099.6
2025-07-04,Kolkata,West Bengal,30.2,19.3,24.8,56.3,25.8,10.3,219,Poor,1008.0,17.6,2025,7,4,4,Friday,10.899999999999999,1396.24
2025-07-04,Hyderabad,Telangana,44.2,31.7,38.0,45.9,0.0,22.4,130,Moderate,1003.4,52.0,2025,7,4,4,Friday,12.500000000000004,1744.2
2025-07-04,Ahmedabad,Gujarat,28.0,14.0,21.0,32.4,0.0,12.3,275,Poor,1009.8,99.5,2025,7,4,4,Friday,14.0,680.4
2025-07-04,Jaipur,Rajasthan,44.3,32.4,38.4,47.5,0.0,10.5,202,Poor,1023.1,6.3,2025,7,4,4,Friday,11.899999999999999,1824.0
2025-07-04,Lucknow,Uttar Pradesh,40.5,28.1,34.3,53.9,0.0,15.6,295,Poor,1020.6,25.0,2025,7,4,4,Friday,12.399999999999999,1848.7699999999998
2025-07-04,Bhopal,Madhya Pradesh,39.4,27.7,33.5,55.6,59.2,11.3,309,Very Poor,1022.2,60.7,2025,7,4,4,Friday,11.7,1862.6000000000001
2025-07-05,Mumbai,Maharashtra,29.3,16.7,23.0,84.3,0.0,14.0,133,Moderate,1000.5,37.6,2025,7,5,5,Saturday,12.600000000000001,1938.8999999999999
2025-07-05,Delhi,Delhi,30.7,18.8,24.7,72.3,0.0,6.6,216,Poor,1016.2,39.5,2025,7,5,5,Saturday,11.899999999999999,1785.81
2025-07-05,Bengaluru,Karnataka,29.0,17.9,23.4,43.5,1.8,6.1,168,Moderate,994.1,8.0,2025,7,5,5,Saturday,11.100000000000001,1017.9
2025-07-05,Chennai,Tamil Nadu,30.6,22.7,26.7,93.8,42.1,2.7,320,Very Poor,1014.4,40.3,2025,7,5,5,Saturday,7.900000000000002,2504.46
2025-07-05,Kolkata,West Bengal,43.2,34.4,38.8,44.4,0.0,24.6,285,Poor,1018.7,30.4,2025,7,5,5,Saturday,8.800000000000004,1722.7199999999998
2025-07-05,Hyderabad,Telangana,26.0,15.5,20.8,53.2,0.0,17.1,276,Poor,1014.4,97.7,2025,7,5,5,Saturday,10.5,1106.5600000000002
2025-07-05,Ahmedabad,Gujarat,38.8,29.8,34.3,37.7,0.7,17.0,234,Poor,1023.4,41.3,2025,7,5,5,Saturday,8.999999999999996,1293.11
2025-07-05,Jaipur,Rajasthan,42.8,33.7,38.2,61.1,9.2,23.5,294,Poor,1010.0,15.4,2025,7,5,5,Saturday,9.099999999999994,2334.0200000000004
2025-07-05,Lucknow,Uttar Pradesh,41.4,35.2,38.3,65.6,0.0,11.8,336,Very Poor,1011.2,54.1,2025,7,5,5,Saturday,6.199999999999996,2512.4799999999996
2025-07-05,Bhopal,Madhya Pradesh,44.2,38.4,41.3,49.4,0.2,12.8,93,Satisfactory,992.4,23.6,2025,7,5,5,Saturday,5.800000000000004,2040.2199999999998
2025-07-06,Mumbai,Maharashtra,35.2,23.4,29.3,50.6,65.9,8.4,110,Moderate,1004.7,12.8,2025,7,6,6,Sunday,11.800000000000004,1482.5800000000002
2025-07-06,Delhi,Delhi,40.3,31.7,36.0,69.3,0.0,10.4,74,Satisfactory,996.7,76.8,2025,7,6,6,Sunday,8.599999999999998,2494.7999999999997
2025-07-06,Bengaluru,Karnataka,26.2,20.2,23.2,45.8,70.3,18.8,80,Satisfactory,995.1,31.4,2025,7,6,6,Sunday,6.0,1062.56
2025-07-06,Chennai,Tamil Nadu,27.3,16.6,22.0,88.9,0.0,12.9,182,Moderate,1022.8,73.6,2025,7,6,6,Sunday,10.7,1955.8000000000002
2025-07-06,Kolkata,West Bengal,31.7,25.7,28.7,83.4,1.8,19.1,258,Poor,992.9,6.0,2025,7,6,6,Sunday,6.0,2393.58
2025-07-06,Hyderabad,Telangana,34.1,27.3,30.7,93.8,7.9,5.6,241,Poor,1023.7,99.7,2025,7,6,6,Sunday,6.800000000000001,2879.66
2025-07-06,Ahmedabad,Gujarat,38.4,26.3,32.3,73.3,0.0,12.3,283,Poor,1005.3,32.4,2025,7,6,6,Sunday,12.099999999999998,2367.5899999999997
2025-07-06,Jaipur,Rajasthan,33.2,22.7,27.9,40.1,0.0,14.8,149,Moderate,1014.6,42.0,2025,7,6,6,Sunday,10.500000000000004,1118.79
2025-07-06,Lucknow,Uttar Pradesh,26.7,15.9,21.3,76.0,0.0,5.7,89,Satisfactory,991.6,45.6,2025,7,6,6,Sunday,10.799999999999999,1618.8
2025-07-06,Bhopal,Madhya Pradesh,38.8,24.2,31.5,34.8,56.0,5.6,321,Very Poor,1021.7,96.0,2025,7,6,6,Sunday,14.599999999999998,1096.1999999999998
2025-07-07,Mumbai,Maharashtra,40.7,34.8,37.8,44.3,0.0,3.2,338,Very Poor,1012.0,58.5,2025,7,7,0,Monday,5.900000000000006,1674.5399999999997
2025-07-07,Delhi,Delhi,42.8,32.8,37.8,69.6,19.3,14.6,246,Poor,1004.9,11.5,2025,7,7,0,Monday,10.0,2630.8799999999997
2025-07-07,Bengaluru,Karnataka,33.0,25.5,29.2,87.0,1.9,21.5,84,Satisfactory,1018.7,90.2,2025,7,7,0,Monday,7.5,2540.4
2025-07-07,Chennai,Tamil Nadu,43.8,38.7,41.3,46.6,0.0,9.3,230,Poor,995.8,19.8,2025,7,7,0,Monday,5.099999999999994,1924.58
2025-07-07,Kolkata,West Bengal,25.9,15.0,20.5,80.4,0.0,3.8,195,Moderate,1015.2,83.7,2025,7,7,0,Monday,10.899999999999999,1648.2
2025-07-07,Hyderabad,Telangana,41.4,31.8,36.6,42.9,0.0,5.4,75,Satisfactory,996.5,88.9,2025,7,7,0,Monday,9.599999999999998,1570.14
2025-07-07,Ahmedabad,Gujarat,29.5,14.5,22.0,67.4,0.0,7.1,310,Very Poor,1004.8,76.7,2025,7,7,0,Monday,15.0,1482.8000000000002
2025-07-07,Jaipur,Rajasthan,30.5,22.8,26.7,51.3,29.5,24.5,129,Moderate,1013.8,97.2,2025,7,7,0,Monday,7.699999999999999,1369.7099999999998
2025-07-07,Lucknow,Uttar Pradesh,41.3,29.5,35.4,47.1,3.3,22.1,121,Moderate,1012.2,73.5,2025,7,7,0,Monday,11.799999999999997,1667.34
2025-07-07,Bhopal,Madhya Pradesh,39.8,28.8,34.3,44.5,9.5,14.1,209,Poor,1022.7,18.4,2025,7,7,0,Monday,10.999999999999996,1526.35
2025-07-08,Mumbai,Maharashtra,25.5,18.5,22.0,48.3,0.0,14.9,55,Satisfactory,1022.3,76.9,2025,7,8,1,Tuesday,7.0,1062.6
2025-07-08,Delhi,Delhi,28.5,23.1,25.8,34.5,0.0,11.0,316,Very Poor,1003.8,61.1,2025,7,8,1,Tuesday,5.399999999999999,890.1
2025-07-08,Bengaluru,Karnataka,44.7,33.6,39.1,62.8,0.0,18.9,55,Satisfactory,1007.2,99.7,2025,7,8,1,Tuesday,11.100000000000001,2455.48
2025-07-08,Chennai,Tamil Nadu,33.9,24.9,29.4,80.1,2.0,15.9,273,Poor,1009.1,46.3,2025,7,8,1,Tuesday,9.0,2354.9399999999996
2025-07-08,Kolkata,West Bengal,37.9,24.2,31.1,77.6,0.0,10.9,95,Satisfactory,1004.4,86.2,2025,7,8,1,Tuesday,13.7,2413.36
2025-07-08,Hyderabad,Telangana,37.9,30.9,34.4,91.7,5.3,9.0,198,Moderate,1021.5,64.6,2025,7,8,1,Tuesday,7.0,3154.48
2025-07-08,Ahmedabad,Gujarat,35.6,21.7,28.6,33.8,0.0,16.7,229,Poor,1004.1,24.4,2025,7,8,1,Tuesday,13.900000000000002,966.68
2025-07-08,Jaipur,Rajasthan,41.6,31.9,36.8,39.5,0.0,5.7,259,Poor,1024.7,88.8,2025,7,8,1,Tuesday,9.700000000000003,1453.6
2025-07-08,Lucknow,Uttar Pradesh,28.0,20.6,24.3,41.7,0.0,8.7,239,Poor,1020.1,80.6,2025,7,8,1,Tuesday,7.399999999999999,1013.3100000000001
2025-07-08,Bhopal,Madhya Pradesh,26.7,12.9,19.8,64.7,0.0,14.8,150,Moderate,1017.7,11.1,2025,7,8,1,Tuesday,13.799999999999999,1281.0600000000002
2025-07-09,Mumbai,Maharashtra,44.5,37.4,41.0,64.5,0.0,3.5,293,Poor,996.7,88.7,2025,7,9,2,Wednesday,7.100000000000001,2644.5
2025-07-09,Delhi,Delhi,31.1,22.3,26.7,58.6,0.0,22.2,180,Moderate,1000.5,87.9,2025,7,9,2,Wednesday,8.8,1564.62
2025-07-09,Bengaluru,Karnataka,40.5,27.3,33.9,49.6,0.0,12.8,209,Poor,1000.7,34.5,2025,7,9,2,Wednesday,13.2,1681.44
2025-07-09,Chennai,Tamil Nadu,25.6,11.3,18.5,72.2,4.5,2.4,243,Poor,1013.8,11.9,2025,7,9,2,Wednesday,14.3,1335.7
2025-07-09,Kolkata,West Bengal,33.1,21.5,27.3,39.0,0.0,7.8,258,Poor,992.9,35.9,2025,7,9,2,Wednesday,11.600000000000001,1064.7
2025-07-09,Hyderabad,Telangana,36.7,22.0,29.3,58.3,0.0,16.2,194,Moderate,1023.1,52.4,2025,7,9,2,Wednesday,14.700000000000003,1708.19
2025-07-09,Ahmedabad,Gujarat,40.5,27.9,34.2,63.6,0.0,9.3,142,Moderate,1024.4,87.9,2025,7,9,2,Wednesday,12.600000000000001,2175.1200000000003
2025-07-09,Jaipur,Rajasthan,31.2,19.0,25.1,51.7,0.0,19.5,320,Very Poor,1015.0,76.8,2025,7,9,2,Wednesday,12.2,1297.67
2025-07-09,Lucknow,Uttar Pradesh,35.0,22.5,28.7,81.8,59.9,4.2,84,Satisfactory,994.4,20.0,2025,7,9,2,Wednesday,12.5,2347.66
2025-07-09,Bhopal,Madhya Pradesh,26.8,20.5,23.6,94.7,2.8,4.7,59,Satisfactory,1001.1,20.1,2025,7,9,2,Wednesday,6.300000000000001,2234.92
2025-07-10,Mumbai,Maharashtra,44.2,30.6,37.4,87.2,8.7,18.7,168,Moderate,1022.4,25.8,2025,7,10,3,Thursday,13.600000000000001,3261.28
2025-07-10,Delhi,Delhi,30.9,23.3,27.1,72.4,1.7,5.0,286,Poor,999.0,96.9,2025,7,10,3,Thursday,7.599999999999998,1962.0400000000002
2025-07-10,Bengaluru,Karnataka,38.5,25.0,31.8,30.9,0.0,15.1,296,Poor,994.0,11.9,2025,7,10,3,Thursday,13.5,982.62
2025-07-10,Chennai,Tamil Nadu,34.3,19.4,26.8,44.9,66.3,9.0,246,Poor,996.8,26.5,2025,7,10,3,Thursday,14.899999999999999,1203.32
2025-07-10,Kolkata,West Bengal,35.4,24.5,30.0,31.3,31.7,19.9,54,Satisfactory,1005.0,64.9,2025,7,10,3,Thursday,10.899999999999999,939.0
2025-07-10,Hyderabad,Telangana,37.7,31.8,34.8,76.4,0.0,4.1,190,Moderate,1001.3,96.9,2025,7,10,3,Thursday,5.900000000000002,2658.72
2025-07-10,Ahmedabad,Gujarat,34.5,23.2,28.8,61.5,3.6,19.2,60,Satisfactory,1022.3,5.3,2025,7,10,3,Thursday,11.3,1771.2
2025-07-10,Jaipur,Rajasthan,43.0,31.7,37.3,92.3,0.0,5.3,197,Moderate,1003.3,6.4,2025,7,10,3,Thursday,11.3,3442.7899999999995
2025-07-10,Lucknow,Uttar Pradesh,41.9,33.7,37.8,36.2,0.0,20.6,212,Poor,998.8,84.9,2025,7,10,3,Thursday,8.199999999999996,1368.36
2025-07-10,Bhopal,Madhya Pradesh,31.6,18.0,24.8,70.4,0.0,9.0,126,Moderate,993.1,28.2,2025,7,10,3,Thursday,13.600000000000001,1745.9200000000003
2025-07-11,Mumbai,Maharashtra,26.2,20.1,23.1,47.6,0.0,13.7,324,Very Poor,1019.2,62.9,2025,7,11,4,Friday,6.099999999999998,1099.5600000000002
2025-07-11,Delhi,Delhi,37.6,32.3,34.9,54.8,0.0,17.4,168,Moderate,1000.0,91.4,2025,7,11,4,Friday,5.300000000000004,1912.5199999999998
2025-07-11,Bengaluru,Karnataka,37.6,22.8,30.2,81.1,0.0,12.2,166,Moderate,1020.6,7.6,2025,7,11,4,Friday,14.8,2449.22
2025-07-11,Chennai,Tamil Nadu,31.9,19.7,25.8,30.8,0.0,24.5,104,Moderate,997.4,38.2,2025,7,11,4,Friday,12.2,794.64
2025-07-11,Kolkata,West Bengal,38.2,25.4,31.8,85.9,3.2,16.5,70,Satisfactory,1015.1,78.1,2025,7,11,4,Friday,12.800000000000004,2731.6200000000003
2025-07-11,Hyderabad,Telangana,28.4,16.0,22.2,61.0,0.0,15.6,102,Moderate,1001.3,65.5,2025,7,11,4,Friday,12.399999999999999,1354.2
2025-07-11,Ahmedabad,Gujarat,40.2,27.3,33.7,67.6,0.0,3.8,336,Very Poor,990.4,73.6,2025,7,11,4,Friday,12.900000000000002,2278.12
2025-07-11,Jaipur,Rajasthan,25.2,19.1,22.2,85.9,38.3,15.2,109,Moderate,1013.4,67.1,2025,7,11,4,Friday,6.099999999999998,1906.98
2025-07-11,Lucknow,Uttar Pradesh,34.8,27.6,31.2,63.1,0.0,8.7,170,Moderate,992.8,78.2,2025,7,11,4,Friday,7.199999999999996,1968.72
2025-07-11,Bhopal,Madhya Pradesh,41.3,27.9,34.6,43.9,0.0,21.7,283,Poor,1010.0,64.8,2025,7,11,4,Friday,13.399999999999999,1518.94
2025-07-12,Mumbai,Maharashtra,27.4,16.6,22.0,35.6,0.0,21.4,84,Satisfactory,994.6,78.0,2025,7,12,5,Saturday,10.799999999999997,783.2
2025-07-12,Delhi,Delhi,28.8,14.6,21.7,30.6,0.0,10.4,163,Moderate,993.6,49.5,2025,7,12,5,Saturday,14.200000000000001,664.02
2025-07-12,Bengaluru,Karnataka,37.5,23.8,30.7,49.4,0.0,20.9,117,Moderate,1012.2,5.2,2025,7,12,5,Saturday,13.7,1516.58
2025-07-12,Chennai,Tamil Nadu,31.2,18.1,24.6,79.4,0.0,20.6,51,Satisfactory,1005.8,16.0,2025,7,12,5,Saturday,13.099999999999998,1953.2400000000002
2025-07-12,Kolkata,West Bengal,31.7,25.2,28.4,78.4,2.9,11.1,83,Satisfactory,1011.4,33.0,2025,7,12,5,Saturday,6.5,2226.56
2025-07-12,Hyderabad,Telangana,44.3,33.7,39.0,30.5,0.0,3.3,294,Poor,998.6,69.9,2025,7,12,5,Saturday,10.599999999999994,1189.5
2025-07-12,Ahmedabad,Gujarat,31.9,21.7,26.8,32.7,1.0,4.0,269,Poor,1004.6,97.2,2025,7,12,5,Saturday,10.2,876.3600000000001
2025-07-12,Jaipur,Rajasthan,29.0,21.1,25.0,91.6,0.0,13.3,112,Moderate,998.3,68.5,2025,7,12,5,Saturday,7.899999999999999,2290.0
2025-07-12,Lucknow,Uttar Pradesh,37.0,28.5,32.8,46.3,77.6,4.0,214,Poor,1005.9,71.0,2025,7,12,5,Saturday,8.5,1518.6399999999999
2025-07-12,Bhopal,Madhya Pradesh,39.5,24.8,32.2,52.2,16.6,19.9,246,Poor,1008.2,83.0,2025,7,12,5,Saturday,14.7,1680.8400000000001
2025-07-13,Mumbai,Maharashtra,36.0,21.6,28.8,38.5,0.0,7.3,50,Good,999.5,65.0,2025,7,13,6,Sunday,14.399999999999999,1108.8
2025-07-13,Delhi,Delhi,43.8,36.0,39.9,47.7,8.6,5.4,348,Very Poor,1016.9,39.3,2025,7,13,6,Sunday,7.799999999999997,1903.23
2025-07-13,Bengaluru,Karnataka,38.4,25.1,31.7,77.7,0.0,3.2,261,Poor,1002.1,35.1,2025,7,13,6,Sunday,13.299999999999997,2463.09
2025-07-13,Chennai,Tamil Nadu,36.5,25.4,31.0,85.1,0.0,5.7,236,Poor,991.1,27.5,2025,7,13,6,Sunday,11.100000000000001,2638.1
2025-07-13,Kolkata,West Bengal,28.0,22.2,25.1,93.1,0.0,20.9,218,Poor,1008.9,22.3,2025,7,13,6,Sunday,5.800000000000001,2336.81
2025-07-13,Hyderabad,Telangana,25.8,11.1,18.4,83.7,0.0,21.8,106,Moderate,1002.4,9.6,2025,7,13,6,Sunday,14.700000000000001,1540.08
2025-07-13,Ahmedabad,Gujarat,29.3,14.8,22.1,90.1,0.0,20.3,93,Satisfactory,999.4,46.7,2025,7,13,6,Sunday,14.5,1991.21
2025-07-13,Jaipur,Rajasthan,31.5,19.0,25.3,57.8,4.5,6.3,181,Moderate,1004.5,85.6,2025,7,13,6,Sunday,12.5,1462.34
2025-07-13,Lucknow,Uttar Pradesh,38.2,30.2,34.2,33.9,0.0,22.6,253,Poor,1009.1,64.6,2025,7,13,6,Sunday,8.000000000000004,1159.38
2025-07-13,Bhopal,Madhya Pradesh,35.6,22.9,29.3,80.9,15.9,16.8,230,Poor,1014.8,76.9,2025,7,13,6,Sunday,12.700000000000003,2370.3700000000003
2025-07-14,Mumbai,Maharashtra,34.4,19.6,27.0,77.3,40.8,18.8,231,Poor,1016.1,13.3,2025,7,14,0,Monday,14.799999999999997,2087.1
2025-07-14,Delhi,Delhi,31.7,20.0,25.9,66.9,0.0,19.9,263,Poor,1007.6,50.7,2025,7,14,0,Monday,11.7,1732.71
2025-07-14,Bengaluru,Karnataka,38.4,23.5,30.9,52.9,6.9,20.1,346,Very Poor,1015.4,16.3,2025,7,14,0,Monday,14.899999999999999,1634.61
2025-07-14,Chennai,Tamil Nadu,43.9,35.2,39.5,67.5,0.0,15.9,165,Moderate,1012.7,59.7,2025,7,14,0,Monday,8.699999999999996,2666.25
2025-07-14,Kolkata,West Bengal,35.8,22.1,28.9,86.2,7.7,10.9,133,Moderate,1013.2,58.9,2025,7,14,0,Monday,13.699999999999996,2491.18
2025-07-14,Hyderabad,Telangana,34.1,20.8,27.4,89.3,0.0,13.2,297,Poor,1024.2,54.3,2025,7,14,0,Monday,13.3,2446.8199999999997
2025-07-14,Ahmedabad,Gujarat,38.3,32.2,35.2,75.2,0.0,7.6,322,Very Poor,1016.9,40.2,2025,7,14,0,Monday,6.099999999999994,2647.0400000000004
2025-07-14,Jaipur,Rajasthan,35.4,30.3,32.8,75.4,0.0,6.6,278,Poor,995.7,60.4,2025,7,14,0,Monday,5.099999999999998,2473.12
2025-07-14,Lucknow,Uttar Pradesh,29.7,17.7,23.7,88.5,0.0,3.7,252,Poor,1002.8,72.4,2025,7,14,0,Monday,12.0,2097.45
2025-07-14,Bhopal,Madhya Pradesh,44.1,32.8,38.5,56.7,8.0,10.4,344,Very Poor,995.4,20.4,2025,7,14,0,Monday,11.300000000000004,2182.9500000000003
2025-07-15,Mumbai,Maharashtra,37.5,30.7,34.1,47.5,0.0,19.5,60,Satisfactory,1017.5,98.9,2025,7,15,1,Tuesday,6.800000000000001,1619.75
2025-07-15,Delhi,Delhi,42.8,34.6,38.7,51.3,79.0,21.9,236,Poor,993.2,85.0,2025,7,15,1,Tuesday,8.199999999999996,1985.31
2025-07-15,Bengaluru,Karnataka,27.6,20.0,23.8,74.8,0.0,14.3,92,Satisfactory,1013.9,78.9,2025,7,15,1,Tuesday,7.600000000000001,1780.24
2025-07-15,Chennai,Tamil Nadu,39.8,31.4,35.6,54.9,0.0,23.0,116,Moderate,1011.7,99.1,2025,7,15,1,Tuesday,8.399999999999999,1954.44
2025-07-15,Kolkata,West Bengal,38.6,23.9,31.3,49.4,0.0,8.3,190,Moderate,1024.8,76.6,2025,7,15,1,Tuesday,14.700000000000003,1546.22
2025-07-15,Hyderabad,Telangana,26.0,19.1,22.5,49.4,0.0,23.7,257,Poor,1009.0,6.9,2025,7,15,1,Tuesday,6.899999999999999,1111.5
2025-07-15,Ahmedabad,Gujarat,26.4,14.2,20.3,75.6,0.0,4.1,262,Poor,992.5,82.0,2025,7,15,1,Tuesday,12.2,1534.6799999999998
2025-07-15,Jaipur,Rajasthan,44.5,36.4,40.5,82.2,0.0,20.1,258,Poor,1000.8,22.2,2025,7,15,1,Tuesday,8.100000000000001,3329.1
2025-07-15,Lucknow,Uttar Pradesh,42.9,30.3,36.6,50.4,3.6,4.5,222,Poor,1021.6,62.1,2025,7,15,1,Tuesday,12.599999999999998,1844.64
2025-07-15,Bhopal,Madhya Pradesh,41.8,30.1,35.9,49.8,0.0,4.5,307,Very Poor,1012.9,21.1,2025,7,15,1,Tuesday,11.699999999999996,1787.82
2025-07-16,Mumbai,Maharashtra,39.0,25.1,32.1,35.7,0.0,25.0,168,Moderate,1000.5,25.1,2025,7,16,2,Wednesday,13.899999999999999,1145.9700000000003
2025-07-16,Delhi,Delhi,25.2,11.3,18.2,47.5,5.3,7.8,258,Poor,1015.1,16.2,2025,7,16,2,Wednesday,13.899999999999999,864.5
2025-07-16,Bengaluru,Karnataka,43.4,37.5,40.5,37.6,0.0,6.4,187,Moderate,1006.8,28.6,2025,7,16,2,Wednesday,5.899999999999999,1522.8
2025-07-16,Chennai,Tamil Nadu,35.4,23.1,29.3,91.5,0.0,16.6,103,Moderate,1023.0,77.6,2025,7,16,2,Wednesday,12.299999999999997,2680.9500000000003
2025-07-16,Kolkata,West Bengal,42.9,30.5,36.7,38.3,0.0,8.9,296,Poor,992.9,78.0,2025,7,16,2,Wednesday,12.399999999999999,1405.61
2025-07-16,Hyderabad,Telangana,29.6,22.2,25.9,57.9,8.1,23.2,123,Moderate,1009.7,10.7,2025,7,16,2,Wednesday,7.400000000000002,1499.61
2025-07-16,Ahmedabad,Gujarat,27.2,19.6,23.4,82.8,0.0,22.1,220,Poor,998.7,78.9,2025,7,16,2,Wednesday,7.599999999999998,1937.5199999999998
2025-07-16,Jaipur,Rajasthan,38.5,24.9,31.7,31.7,62.3,5.1,298,Poor,1002.0,12.5,2025,7,16,2,Wednesday,13.600000000000001,1004.89
2025-07-16,Lucknow,Uttar Pradesh,42.1,32.3,37.2,31.4,53.7,21.3,345,Very Poor,1017.9,44.7,2025,7,16,2,Wednesday,9.800000000000004,1168.08
2025-07-16,Bhopal,Madhya Pradesh,41.5,33.1,37.3,78.7,56.2,7.7,334,Very Poor,1017.8,61.1,2025,7,16,2,Wednesday,8.399999999999999,2935.5099999999998
2025-07-17,Mumbai,Maharashtra,27.7,15.5,21.6,32.4,0.0,24.2,102,Moderate,992.4,21.1,2025,7,17,3,Thursday,12.2,699.84
2025-07-17,Delhi,Delhi,33.5,27.9,30.7,92.8,5.6,17.2,79,Satisfactory,1021.7,90.7,2025,7,17,3,Thursday,5.600000000000001,2848.96
2025-07-17,Bengaluru,Karnataka,43.0,32.8,37.9,47.4,0.0,20.8,336,Very Poor,991.1,22.4,2025,7,17,3,Thursday,10.200000000000003,1796.4599999999998
2025-07-17,Chennai,Tamil Nadu,33.9,25.9,29.9,90.0,0.0,23.0,139,Moderate,996.3,59.9,2025,7,17,3,Thursday,8.0,2691.0
2025-07-17,Kolkata,West Bengal,39.7,33.1,36.4,68.7,0.0,6.8,274,Poor,1020.1,91.9,2025,7,17,3,Thursday,6.600000000000001,2500.68
2025-07-17,Hyderabad,Telangana,36.8,29.5,33.1,47.9,0.0,24.4,182,Moderate,1017.9,100.0,2025,7,17,3,Thursday,7.299999999999997,1585.49
2025-07-17,Ahmedabad,Gujarat,36.8,29.0,32.9,69.2,0.0,8.5,291,Poor,1024.4,17.6,2025,7,17,3,Thursday,7.799999999999997,2276.68
2025-07-17,Jaipur,Rajasthan,30.5,16.9,23.7,61.7,2.5,12.8,330,Very Poor,1015.0,22.3,2025,7,17,3,Thursday,13.600000000000001,1462.29
2025-07-17,Lucknow,Uttar Pradesh,26.9,19.7,23.3,48.7,0.0,13.9,290,Poor,991.4,25.8,2025,7,17,3,Thursday,7.199999999999999,1134.71
2025-07-17,Bhopal,Madhya Pradesh,41.2,32.9,37.1,60.0,67.5,8.7,40,Good,1017.4,38.5,2025,7,17,3,Thursday,8.300000000000004,2226.0
2025-07-18,Mumbai,Maharashtra,37.0,27.9,32.4,79.3,0.0,13.1,237,Poor,1004.0,33.2,2025,7,18,4,Friday,9.100000000000001,2569.3199999999997
2025-07-18,Delhi,Delhi,41.6,35.0,38.3,93.8,64.6,13.6,309,Very Poor,992.5,80.1,2025,7,18,4,Friday,6.600000000000001,3592.5399999999995
2025-07-18,Bengaluru,Karnataka,28.2,23.0,25.6,38.8,0.0,20.5,65,Satisfactory,1019.9,82.0,2025,7,18,4,Friday,5.199999999999999,993.28
2025-07-18,Chennai,Tamil Nadu,38.6,24.0,31.3,37.8,0.4,16.9,163,Moderate,1023.8,78.1,2025,7,18,4,Friday,14.600000000000001,1183.1399999999999
2025-07-18,Kolkata,West Bengal,33.7,27.3,30.5,49.8,28.3,2.3,266,Poor,1010.5,78.3,2025,7,18,4,Friday,6.400000000000002,1518.8999999999999
2025-07-18,Hyderabad,Telangana,37.9,28.8,33.3,89.7,62.5,5.0,231,Poor,1023.1,78.7,2025,7,18,4,Friday,9.099999999999998,2987.0099999999998
2025-07-18,Ahmedabad,Gujarat,32.5,18.4,25.4,32.9,4.4,6.7,170,Moderate,991.7,81.3,2025,7,18,4,Friday,14.100000000000001,835.66
2025-07-18,Jaipur,Rajasthan,27.9,22.0,24.9,71.6,0.0,22.0,63,Satisfactory,1021.1,47.4,2025,7,18,4,Friday,5.899999999999999,1782.8399999999997
2025-07-18,Lucknow,Uttar Pradesh,43.9,38.2,41.1,68.4,0.0,12.8,210,Poor,1020.8,96.6,2025,7,18,4,Friday,5.699999999999996,2811.2400000000002
2025-07-18,Bhopal,Madhya Pradesh,34.1,20.8,27.4,84.0,0.0,16.6,140,Moderate,1019.2,22.8,2025,7,18,4,Friday,13.3,2301.6
2025-07-19,Mumbai,Maharashtra,34.0,20.5,27.3,77.5,3.2,13.0,213,Poor,1010.8,66.6,2025,7,19,5,Saturday,13.5,2115.75
2025-07-19,Delhi,Delhi,37.3,23.4,30.3,86.4,0.0,8.6,280,Poor,1012.1,53.5,2025,7,19,5,Saturday,13.899999999999999,2617.92
2025-07-19,Bengaluru,Karnataka,26.9,18.8,22.9,31.7,0.0,16.2,203,Poor,991.6,52.9,2025,7,19,5,Saturday,8.099999999999998,725.93
2025-07-19,Chennai,Tamil Nadu,25.8,13.0,19.4,48.1,38.2,6.9,115,Moderate,992.0,98.1,2025,7,19,5,Saturday,12.8,933.14
2025-07-19,Kolkata,West Bengal,37.7,29.0,33.3,71.6,0.0,21.2,167,Moderate,1006.8,54.3,2025,7,19,5,Saturday,8.700000000000003,2384.2799999999997
2025-07-19,Hyderabad,Telangana,44.8,31.8,38.3,50.2,40.6,2.7,270,Poor,1002.4,45.8,2025,7,19,5,Saturday,12.999999999999996,1922.6599999999999
2025-07-19,Ahmedabad,Gujarat,28.6,20.8,24.7,77.1,0.9,22.1,70,Satisfactory,1015.5,55.1,2025,7,19,5,Saturday,7.800000000000001,1904.37
2025-07-19,Jaipur,Rajasthan,41.5,35.3,38.4,55.0,0.0,22.9,198,Moderate,994.9,82.8,2025,7,19,5,Saturday,6.200000000000003,2112.0
2025-07-19,Lucknow,Uttar Pradesh,32.3,20.9,26.6,81.4,26.3,9.2,253,Poor,1024.9,77.9,2025,7,19,5,Saturday,11.399999999999999,2165.2400000000002
2025-07-19,Bhopal,Madhya Pradesh,25.2,15.8,20.5,62.7,0.0,3.7,273,Poor,1000.2,12.9,2025,7,19,5,Saturday,9.399999999999999,1285.3500000000001
2025-07-20,Mumbai,Maharashtra,38.4,24.0,31.2,54.7,7.9,14.6,64,Satisfactory,1017.3,9.0,2025,7,20,6,Sunday,14.399999999999999,1706.64
2025-07-20,Delhi,Delhi,26.9,19.0,23.0,68.4,0.0,17.0,255,Poor,994.1,5.9,2025,7,20,6,Sunday,7.899999999999999,1573.2
2025-07-20,Bengaluru,Karnataka,39.3,28.1,33.7,46.8,0.0,24.8,327,Very Poor,1000.5,51.7,2025,7,20,6,Sunday,11.199999999999996,1577.16
2025-07-20,Chennai,Tamil Nadu,34.2,24.5,29.4,35.2,0.0,9.3,247,Poor,992.7,53.4,2025,7,20,6,Sunday,9.700000000000003,1034.88
2025-07-20,Kolkata,West Bengal,39.7,26.4,33.0,61.3,0.0,16.6,131,Moderate,1004.2,48.0,2025,7,20,6,Sunday,13.300000000000004,2022.8999999999999
2025-07-20,Hyderabad,Telangana,27.5,18.5,23.0,50.0,9.6,22.8,227,Poor,1016.3,37.9,2025,7,20,6,Sunday,9.0,1150.0
2025-07-20,Ahmedabad,Gujarat,29.4,17.5,23.5,32.9,0.0,22.1,280,Poor,1020.7,86.0,2025,7,20,6,Sunday,11.899999999999999,773.15
2025-07-20,Jaipur,Rajasthan,38.6,29.6,34.1,38.9,0.0,15.0,262,Poor,997.3,23.0,2025,7,20,6,Sunday,9.0,1326.49
2025-07-20,Lucknow,Uttar Pradesh,25.2,18.7,21.9,58.3,1.6,12.0,241,Poor,993.9,41.6,2025,7,20,6,Sunday,6.5,1276.7699999999998
2025-07-20,Bhopal,Madhya Pradesh,44.4,34.6,39.5,75.0,0.0,6.6,263,Poor,1007.8,25.1,2025,7,20,6,Sunday,9.799999999999997,2962.5
2025-07-21,Mumbai,Maharashtra,43.7,34.8,39.3,51.0,0.0,10.6,70,Satisfactory,1011.8,67.9,2025,7,21,0,Monday,8.900000000000006,2004.3
2025-07-21,Delhi,Delhi,39.0,25.0,32.0,31.7,5.6,10.9,166,Moderate,1018.7,56.3,2025,7,21,0,Monday,14.0,1014.4
2025-07-21,Bengaluru,Karnataka,39.4,25.1,32.2,82.8,0.0,14.3,114,Moderate,991.6,69.1,2025,7,21,0,Monday,14.299999999999997,2666.1600000000003
2025-07-21,Chennai,Tamil Nadu,34.1,22.5,28.3,61.4,2.4,15.8,156,Moderate,1014.4,44.5,2025,7,21,0,Monday,11.600000000000001,1737.62
2025-07-21,Kolkata,West Bengal,28.2,15.2,21.7,54.8,7.0,4.4,244,Poor,1011.9,81.7,2025,7,21,0,Monday,13.0,1189.1599999999999
2025-07-21,Hyderabad,Telangana,38.9,28.7,33.8,66.3,0.8,23.7,251,Poor,1009.0,73.9,2025,7,21,0,Monday,10.2,2240.9399999999996
2025-07-21,Ahmedabad,Gujarat,45.0,32.0,38.5,70.8,0.0,21.6,339,Very Poor,1005.6,55.9,2025,7,21,0,Monday,13.0,2725.7999999999997
2025-07-21,Jaipur,Rajasthan,41.7,28.8,35.3,39.2,0.3,11.4,100,Satisfactory,994.1,75.2,2025,7,21,0,Monday,12.900000000000002,1383.76
2025-07-21,Lucknow,Uttar Pradesh,36.8,24.4,30.6,69.5,0.0,6.6,333,Very Poor,1007.6,86.0,2025,7,21,0,Monday,12.399999999999999,2126.7000000000003
2025-07-21,Bhopal,Madhya Pradesh,44.4,34.1,39.3,69.3,0.0,3.5,314,Very Poor,1005.3,22.7,2025,7,21,0,Monday,10.299999999999997,2723.49
2025-07-22,Mumbai,Maharashtra,40.2,29.0,34.6,33.1,0.0,17.1,186,Moderate,1020.0,77.0,2025,7,22,1,Tuesday,11.200000000000003,1145.26
2025-07-22,Delhi,Delhi,30.2,20.5,25.4,91.5,8.2,5.9,213,Poor,1010.0,81.6,2025,7,22,1,Tuesday,9.7,2324.1
2025-07-22,Bengaluru,Karnataka,33.1,24.9,29.0,49.8,8.4,8.5,104,Moderate,1018.0,8.5,2025,7,22,1,Tuesday,8.200000000000003,1444.1999999999998
2025-07-22,Chennai,Tamil Nadu,35.3,26.2,30.8,37.3,0.0,2.4,218,Poor,1005.1,34.1,2025,7,22,1,Tuesday,9.099999999999998,1148.84
2025-07-22,Kolkata,West Bengal,43.6,35.5,39.6,94.8,1.0,19.2,286,Poor,1004.8,32.2,2025,7,22,1,Tuesday,8.100000000000001,3754.08
2025-07-22,Hyderabad,Telangana,44.1,29.2,36.7,71.2,7.4,24.8,156,Moderate,1018.4,67.9,2025,7,22,1,Tuesday,14.900000000000002,2613.0400000000004
2025-07-22,Ahmedabad,Gujarat,37.0,23.2,30.1,49.9,32.9,20.3,247,Poor,996.5,6.1,2025,7,22,1,Tuesday,13.8,1501.99
2025-07-22,Jaipur,Rajasthan,36.6,30.8,33.7,92.8,55.6,9.8,339,Very Poor,1009.5,59.7,2025,7,22,1,Tuesday,5.800000000000001,3127.36
2025-07-22,Lucknow,Uttar Pradesh,27.6,15.0,21.3,67.4,0.0,7.9,320,Very Poor,996.3,48.9,2025,7,22,1,Tuesday,12.600000000000001,1435.6200000000001
2025-07-22,Bhopal,Madhya Pradesh,25.1,15.2,20.2,87.5,9.3,9.5,195,Moderate,1000.0,9.7,2025,7,22,1,Tuesday,9.900000000000002,1767.5
2025-07-23,Mumbai,Maharashtra,34.1,25.4,29.8,37.4,24.3,24.2,315,Very Poor,990.1,21.2,2025,7,23,2,Wednesday,8.700000000000003,1114.52
2025-07-23,Delhi,Delhi,25.8,11.3,18.5,54.7,0.0,4.3,244,Poor,1018.3,98.5,2025,7,23,2,Wednesday,14.5,1011.95
2025-07-23,Bengaluru,Karnataka,41.5,27.1,34.3,44.9,0.0,18.8,150,Moderate,995.1,13.8,2025,7,23,2,Wednesday,14.399999999999999,1540.07
2025-07-23,Chennai,Tamil Nadu,26.2,19.4,22.8,34.5,64.6,22.0,319,Very Poor,1023.1,22.7,2025,7,23,2,Wednesday,6.800000000000001,786.6
2025-07-23,Kolkata,West Bengal,35.5,28.8,32.2,72.6,0.0,11.7,277,Poor,1018.9,34.5,2025,7,23,2,Wednesday,6.699999999999999,2337.72
2025-07-23,Hyderabad,Telangana,26.1,17.2,21.6,38.3,0.0,24.7,190,Moderate,1016.3,5.1,2025,7,23,2,Wednesday,8.900000000000002,827.28
2025-07-23,Ahmedabad,Gujarat,41.7,31.3,36.5,65.7,0.0,16.3,233,Poor,1016.8,80.1,2025,7,23,2,Wednesday,10.400000000000002,2398.05
2025-07-23,Jaipur,Rajasthan,31.8,26.6,29.2,88.2,0.0,5.3,240,Poor,993.0,80.9,2025,7,23,2,Wednesday,5.199999999999999,2575.44
2025-07-23,Lucknow,Uttar Pradesh,37.4,23.2,30.3,40.3,0.0,22.1,244,Poor,1020.9,61.1,2025,7,23,2,Wednesday,14.2,1221.09
2025-07-23,Bhopal,Madhya Pradesh,43.0,31.7,37.3,44.9,7.1,8.3,85,Satisfactory,1004.0,49.7,2025,7,23,2,Wednesday,11.3,1674.7699999999998
2025-07-24,Mumbai,Maharashtra,34.0,27.4,30.7,62.5,0.0,12.7,254,Poor,991.1,23.3,2025,7,24,3,Thursday,6.600000000000001,1918.75
2025-07-24,Delhi,Delhi,27.2,16.0,21.6,30.1,60.5,13.3,131,Moderate,1019.4,81.2,2025,7,24,3,Thursday,11.2,650.1600000000001
2025-07-24,Bengaluru,Karnataka,42.5,31.1,36.8,36.8,0.0,12.7,112,Moderate,1011.9,68.2,2025,7,24,3,Thursday,11.399999999999999,1354.2399999999998
2025-07-24,Chennai,Tamil Nadu,32.0,25.6,28.8,38.2,0.0,4.2,281,Poor,1005.7,33.0,2025,7,24,3,Thursday,6.399999999999999,1100.16
2025-07-24,Kolkata,West Bengal,26.9,17.4,22.2,68.4,0.0,24.7,282,Poor,1004.2,75.7,2025,7,24,3,Thursday,9.5,1518.48
2025-07-24,Hyderabad,Telangana,31.3,24.1,27.7,47.9,7.7,12.1,323,Very Poor,999.2,45.4,2025,7,24,3,Thursday,7.199999999999999,1326.83
2025-07-24,Ahmedabad,Gujarat,42.3,34.0,38.1,51.3,0.0,11.7,83,Satisfactory,998.5,22.9,2025,7,24,3,Thursday,8.299999999999997,1954.53
2025-07-24,Jaipur,Rajasthan,25.2,17.4,21.3,41.1,0.0,14.0,49,Good,1023.1,38.0,2025,7,24,3,Thursday,7.800000000000001,875.4300000000001
2025-07-24,Lucknow,Uttar Pradesh,32.2,19.1,25.7,52.1,0.0,24.3,225,Poor,1019.1,70.0,2025,7,24,3,Thursday,13.100000000000001,1338.97
2025-07-24,Bhopal,Madhya Pradesh,29.5,17.2,23.3,52.6,0.0,14.2,186,Moderate,1006.4,37.6,2025,7,24,3,Thursday,12.3,1225.5800000000002
2025-07-25,Mumbai,Maharashtra,39.9,30.3,35.1,62.9,0.0,23.8,254,Poor,1002.4,29.0,2025,7,25,4,Friday,9.599999999999998,2207.79
2025-07-25,Delhi,Delhi,28.5,14.5,21.5,55.1,0.0,18.3,168,Moderate,1017.7,98.3,2025,7,25,4,Friday,14.0,1184.65
2025-07-25,Bengaluru,Karnataka,35.1,21.3,28.2,47.5,19.3,8.2,114,Moderate,1016.5,47.7,2025,7,25,4,Friday,13.8,1339.5
2025-07-25,Chennai,Tamil Nadu,43.3,33.6,38.4,66.8,2.3,9.9,303,Very Poor,1007.7,15.9,2025,7,25,4,Friday,9.699999999999996,2565.12
2025-07-25,Kolkata,West Bengal,39.8,27.1,33.4,41.6,0.0,10.0,231,Poor,1022.0,99.3,2025,7,25,4,Friday,12.699999999999996,1389.44
2025-07-25,Hyderabad,Telangana,35.3,25.9,30.6,31.2,8.0,20.6,172,Moderate,1022.5,42.0,2025,7,25,4,Friday,9.399999999999999,954.72
2025-07-25,Ahmedabad,Gujarat,44.5,32.9,38.7,85.3,0.0,9.3,335,Very Poor,1020.9,53.6,2025,7,25,4,Friday,11.600000000000001,3301.11
2025-07-25,Jaipur,Rajasthan,31.4,26.1,28.7,39.0,0.0,10.8,64,Satisfactory,1017.8,16.9,2025,7,25,4,Friday,5.299999999999997,1119.3
2025-07-25,Lucknow,Uttar Pradesh,35.8,23.8,29.8,89.2,0.0,9.9,246,Poor,1019.4,82.1,2025,7,25,4,Friday,11.999999999999996,2658.1600000000003
2025-07-25,Bhopal,Madhya Pradesh,35.1,29.9,32.5,48.2,1.7,5.0,166,Moderate,1002.5,97.9,2025,7,25,4,Friday,5.200000000000003,1566.5
2025-07-26,Mumbai,Maharashtra,27.8,15.9,21.9,82.6,0.0,17.9,201,Poor,994.4,45.6,2025,7,26,5,Saturday,11.9,1808.9399999999998
2025-07-26,Delhi,Delhi,39.5,28.0,33.8,85.5,0.0,13.0,61,Satisfactory,1008.4,7.6,2025,7,26,5,Saturday,11.5,2889.8999999999996
2025-07-26,Bengaluru,Karnataka,41.8,33.9,37.9,52.5,0.0,11.7,331,Very Poor,992.1,92.1,2025,7,26,5,Saturday,7.899999999999999,1989.75
2025-07-26,Chennai,Tamil Nadu,34.0,26.9,30.4,60.6,0.0,18.2,44,Good,999.6,54.5,2025,7,26,5,Saturday,7.100000000000001,1842.24
2025-07-26,Kolkata,West Bengal,35.5,30.5,33.0,90.1,0.0,3.1,186,Moderate,1008.6,16.6,2025,7,26,5,Saturday,5.0,2973.2999999999997
2025-07-26,Hyderabad,Telangana,31.1,18.5,24.8,61.3,75.9,8.0,172,Moderate,1016.9,46.6,2025,7,26,5,Saturday,12.600000000000001,1520.24
2025-07-26,Ahmedabad,Gujarat,42.4,35.9,39.1,61.1,14.6,9.2,263,Poor,1013.0,93.2,2025,7,26,5,Saturday,6.5,2389.01
2025-07-26,Jaipur,Rajasthan,42.7,37.0,39.9,62.0,0.0,17.1,185,Moderate,995.1,11.4,2025,7,26,5,Saturday,5.700000000000003,2473.7999999999997
2025-07-26,Lucknow,Uttar Pradesh,37.0,22.4,29.7,75.4,0.0,16.0,75,Satisfactory,997.8,72.1,2025,7,26,5,Saturday,14.600000000000001,2239.38
2025-07-26,Bhopal,Madhya Pradesh,31.8,19.1,25.4,84.0,24.5,19.5,171,Moderate,1018.2,26.2,2025,7,26,5,Saturday,12.7,2133.6
2025-07-27,Mumbai,Maharashtra,26.4,20.3,23.3,44.4,0.0,18.1,84,Satisfactory,1021.7,28.4,2025,7,27,6,Sunday,6.099999999999998,1034.52
2025-07-27,Delhi,Delhi,29.9,16.0,23.0,73.3,0.0,7.5,120,Moderate,1009.9,80.1,2025,7,27,6,Sunday,13.899999999999999,1685.8999999999999
2025-07-27,Bengaluru,Karnataka,29.2,19.5,24.3,38.7,0.0,22.1,170,Moderate,1015.6,19.2,2025,7,27,6,Sunday,9.7,940.4100000000001
2025-07-27,Chennai,Tamil Nadu,31.4,18.4,24.9,76.7,0.0,20.5,274,Poor,991.1,17.8,2025,7,27,6,Sunday,13.0,1909.83
2025-07-27,Kolkata,West Bengal,27.3,15.5,21.4,77.0,0.0,22.6,197,Moderate,1009.9,53.2,2025,7,27,6,Sunday,11.8,1647.8
2025-07-27,Hyderabad,Telangana,43.2,35.8,39.5,75.2,16.5,5.0,299,Poor,1014.0,45.3,2025,7,27,6,Sunday,7.400000000000006,2970.4
2025-07-27,Ahmedabad,Gujarat,40.5,34.0,37.2,60.4,0.4,7.3,50,Good,1018.4,10.1,2025,7,27,6,Sunday,6.5,2246.88
2025-07-27,Jaipur,Rajasthan,25.5,17.7,21.6,60.4,79.8,14.0,278,Poor,1009.9,93.0,2025,7,27,6,Sunday,7.800000000000001,1304.64
2025-07-27,Lucknow,Uttar Pradesh,28.4,15.4,21.9,45.0,4.4,5.5,296,Poor,992.7,87.3,2025,7,27,6,Sunday,12.999999999999998,985.4999999999999
2025-07-27,Bhopal,Madhya Pradesh,35.5,23.8,29.7,76.8,0.0,23.9,109,Moderate,1019.3,49.2,2025,7,27,6,Sunday,11.7,2280.96
2025-07-28,Mumbai,Maharashtra,42.8,31.4,37.1,56.3,0.0,15.9,206,Poor,1009.9,71.5,2025,7,28,0,Monday,11.399999999999999,2088.73
2025-07-28,Delhi,Delhi,37.6,31.8,34.7,73.2,0.0,17.8,69,Satisfactory,1016.0,72.0,2025,7,28,0,Monday,5.800000000000001,2540.0400000000004
2025-07-28,Bengaluru,Karnataka,32.7,24.9,28.8,55.9,0.0,22.4,303,Very Poor,1015.6,73.9,2025,7,28,0,Monday,7.800000000000004,1609.92
2025-07-28,Chennai,Tamil Nadu,33.0,20.4,26.7,33.8,0.0,13.9,303,Very Poor,996.4,97.7,2025,7,28,0,Monday,12.600000000000001,902.4599999999999
2025-07-28,Kolkata,West Bengal,44.7,31.6,38.1,91.8,0.0,16.6,131,Moderate,1017.6,52.4,2025,7,28,0,Monday,13.100000000000001,3497.58
2025-07-28,Hyderabad,Telangana,35.2,29.5,32.3,76.9,72.9,4.9,234,Poor,1024.9,97.1,2025,7,28,0,Monday,5.700000000000003,2483.87
2025-07-28,Ahmedabad,Gujarat,41.5,36.3,38.9,93.1,0.0,20.1,333,Very Poor,1004.6,39.5,2025,7,28,0,Monday,5.200000000000003,3621.5899999999997
2025-07-28,Jaipur,Rajasthan,39.0,25.6,32.3,65.3,0.0,19.6,142,Moderate,990.7,83.8,2025,7,28,0,Monday,13.399999999999999,2109.1899999999996
2025-07-28,Lucknow,Uttar Pradesh,37.0,24.5,30.7,71.4,0.0,14.6,86,Satisfactory,996.1,49.4,2025,7,28,0,Monday,12.5,2191.98
2025-07-28,Bhopal,Madhya Pradesh,37.7,29.4,33.6,85.8,0.0,6.0,194,Moderate,997.1,79.4,2025,7,28,0,Monday,8.300000000000004,2882.88
2025-07-29,Mumbai,Maharashtra,29.1,23.8,26.5,60.3,0.0,11.1,120,Moderate,1023.6,45.2,2025,7,29,1,Tuesday,5.300000000000001,1597.9499999999998
2025-07-29,Delhi,Delhi,36.4,23.3,29.8,31.5,0.0,23.2,338,Very Poor,1010.2,54.1,2025,7,29,1,Tuesday,13.099999999999998,938.7
2025-07-29,Bengaluru,Karnataka,27.6,15.2,21.4,83.2,0.0,5.5,204,Poor,1009.7,75.2,2025,7,29,1,Tuesday,12.400000000000002,1780.48
2025-07-29,Chennai,Tamil Nadu,37.6,31.6,34.6,36.3,0.0,23.6,108,Moderate,1006.1,69.1,2025,7,29,1,Tuesday,6.0,1255.98
2025-07-29,Kolkata,West Bengal,30.4,20.3,25.4,71.5,0.0,10.4,196,Moderate,998.5,29.2,2025,7,29,1,Tuesday,10.099999999999998,1816.1
2025-07-29,Hyderabad,Telangana,31.3,23.4,27.4,92.9,0.0,20.7,173,Moderate,1021.0,69.5,2025,7,29,1,Tuesday,7.900000000000002,2545.46
2025-07-29,Ahmedabad,Gujarat,40.3,25.9,33.1,40.8,0.0,8.7,85,Satisfactory,1009.8,30.9,2025,7,29,1,Tuesday,14.399999999999999,1350.48
2025-07-29,Jaipur,Rajasthan,44.1,34.1,39.1,60.7,1.3,7.7,150,Moderate,1002.9,22.0,2025,7,29,1,Tuesday,10.0,2373.3700000000003
2025-07-29,Lucknow,Uttar Pradesh,42.2,34.9,38.5,31.9,0.0,16.8,84,Satisfactory,991.3,37.4,2025,7,29,1,Tuesday,7.300000000000004,1228.1499999999999
2025-07-29,Bhopal,Madhya Pradesh,29.6,20.8,25.2,62.1,1.0,11.3,263,Poor,996.2,27.3,2025,7,29,1,Tuesday,8.8,1564.92
2025-07-30,Mumbai,Maharashtra,26.0,15.9,21.0,53.4,8.1,10.9,142,Moderate,1012.1,65.8,2025,7,30,2,Wednesday,10.1,1121.3999999999999
2025-07-30,Delhi,Delhi,42.6,27.8,35.2,50.4,0.0,10.9,269,Poor,1000.2,92.4,2025,7,30,2,Wednesday,14.8,1774.0800000000002
2025-07-30,Bengaluru,Karnataka,33.8,21.3,27.6,76.7,2.7,20.7,207,Poor,1024.9,6.8,2025,7,30,2,Wednesday,12.499999999999996,2116.92
2025-07-30,Chennai,Tamil Nadu,39.0,28.2,33.6,76.2,0.0,10.7,65,Satisfactory,1001.5,88.0,2025,7,30,2,Wednesday,10.8,2560.32
2025-07-30,Kolkata,West Bengal,33.9,19.3,26.6,62.7,1.4,2.3,258,Poor,1023.9,58.9,2025,7,30,2,Wednesday,14.599999999999998,1667.8200000000002
2025-07-30,Hyderabad,Telangana,35.0,20.4,27.7,68.3,70.3,2.6,42,Good,999.9,28.4,2025,7,30,2,Wednesday,14.600000000000001,1891.9099999999999
2025-07-30,Ahmedabad,Gujarat,42.5,34.4,38.4,52.6,1.1,15.2,243,Poor,1017.0,78.8,2025,7,30,2,Wednesday,8.100000000000001,2019.84
2025-07-30,Jaipur,Rajasthan,28.5,16.3,22.4,67.0,48.0,16.4,157,Moderate,1010.1,85.1,2025,7,30,2,Wednesday,12.2,1500.8
2025-07-30,Lucknow,Uttar Pradesh,31.3,21.3,26.3,68.0,2.3,15.3,321,Very Poor,1008.3,33.0,2025,7,30,2,Wednesday,10.0,1788.4
2025-07-30,Bhopal,Madhya Pradesh,40.1,30.3,35.2,72.8,0.0,3.8,157,Moderate,1007.8,64.1,2025,7,30,2,Wednesday,9.8,2562.56
2025-07-31,Mumbai,Maharashtra,35.6,29.7,32.7,80.0,0.0,6.2,168,Moderate,1008.3,79.2,2025,7,31,3,Thursday,5.900000000000002,2616.0
2025-07-31,Delhi,Delhi,32.4,25.9,29.1,68.6,0.0,17.2,325,Very Poor,991.1,84.6,2025,7,31,3,Thursday,6.5,1996.26
2025-07-31,Bengaluru,Karnataka,36.9,23.1,30.0,35.5,2.4,13.1,291,Poor,1002.2,20.0,2025,7,31,3,Thursday,13.799999999999997,1065.0
2025-07-31,Chennai,Tamil Nadu,25.4,17.0,21.2,45.8,0.0,11.8,316,Very Poor,1008.1,74.1,2025,7,31,3,Thursday,8.399999999999999,970.9599999999999
2025-07-31,Kolkata,West Bengal,27.4,21.5,24.5,50.8,5.5,14.8,164,Moderate,1016.2,39.0,2025,7,31,3,Thursday,5.899999999999999,1244.6
2025-07-31,Hyderabad,Telangana,41.2,33.5,37.3,54.8,48.9,2.6,193,Moderate,1011.5,85.3,2025,7,31,3,Thursday,7.700000000000003,2044.0399999999997
2025-07-31,Ahmedabad,Gujarat,31.3,16.3,23.8,34.2,0.0,20.9,252,Poor,1001.7,82.1,2025,7,31,3,Thursday,15.0,813.96
2025-07-31,Jaipur,Rajasthan,34.4,24.1,29.3,41.5,1.2,18.6,281,Poor,1022.0,89.6,2025,7,31,3,Thursday,10.299999999999997,1215.95
2025-07-31,Lucknow,Uttar Pradesh,43.0,36.3,39.6,77.5,20.8,2.2,202,Poor,1005.2,7.0,2025,7,31,3,Thursday,6.700000000000003,3069.0
2025-07-31,Bhopal,Madhya Pradesh,33.2,22.0,27.6,79.8,0.0,11.6,251,Poor,1018.6,67.2,2025,7,31,3,Thursday,11.200000000000003,2202.48
2025-08-01,Mumbai,Maharashtra,29.5,21.3,25.4,92.1,0.0,13.3,239,Poor,1005.5,49.7,2025,8,1,4,Friday,8.2,2339.3399999999997
2025-08-01,Delhi,Delhi,44.3,30.6,37.5,86.9,0.0,13.8,179,Moderate,1019.5,92.7,2025,8,1,4,Friday,13.699999999999996,3258.75
2025-08-01,Bengaluru,Karnataka,31.0,22.6,26.8,67.6,0.0,24.8,198,Moderate,993.8,22.8,2025,8,1,4,Friday,8.399999999999999,1811.6799999999998
2025-08-01,Chennai,Tamil Nadu,42.4,33.8,38.1,84.4,0.0,12.9,170,Moderate,999.8,25.4,2025,8,1,4,Friday,8.600000000000001,3215.6400000000003
2025-08-01,Kolkata,West Bengal,31.7,18.8,25.3,78.6,79.5,23.1,137,Moderate,1010.5,44.2,2025,8,1,4,Friday,12.899999999999999,1988.58
2025-08-01,Hyderabad,Telangana,25.3,14.0,19.6,66.0,0.0,18.0,153,Moderate,1002.6,54.0,2025,8,1,4,Friday,11.3,1293.6000000000001
2025-08-01,Ahmedabad,Gujarat,25.4,11.7,18.6,39.7,0.0,11.5,171,Moderate,1003.2,13.5,2025,8,1,4,Friday,13.7,738.4200000000001
2025-08-01,Jaipur,Rajasthan,34.6,29.3,32.0,61.7,1.0,3.3,109,Moderate,1018.9,39.4,2025,8,1,4,Friday,5.300000000000001,1974.4
2025-08-01,Lucknow,Uttar Pradesh,30.1,19.1,24.6,35.3,53.9,13.1,114,Moderate,1004.5,95.0,2025,8,1,4,Friday,11.0,868.38
2025-08-01,Bhopal,Madhya Pradesh,29.8,15.8,22.8,72.1,0.6,8.3,236,Poor,1003.4,23.8,2025,8,1,4,Friday,14.0,1643.8799999999999
2025-08-02,Mumbai,Maharashtra,38.3,32.6,35.4,74.1,0.0,16.1,141,Moderate,1005.1,90.6,2025,8,2,5,Saturday,5.699999999999996,2623.14
2025-08-02,Delhi,Delhi,26.3,14.6,20.5,69.3,0.0,12.6,279,Poor,1020.2,44.4,2025,8,2,5,Saturday,11.700000000000001,1420.6499999999999
2025-08-02,Bengaluru,Karnataka,28.1,19.0,23.6,40.1,0.0,3.9,338,Very Poor,1022.2,64.3,2025,8,2,5,Saturday,9.100000000000001,946.3600000000001
2025-08-02,Chennai,Tamil Nadu,25.8,19.1,22.5,54.7,6.3,5.8,197,Moderate,1011.0,42.8,2025,8,2,5,Saturday,6.699999999999999,1230.75
2025-08-02,Kolkata,West Bengal,36.4,30.8,33.6,90.1,0.0,2.7,156,Moderate,1007.4,45.5,2025,8,2,5,Saturday,5.599999999999998,3027.36
2025-08-02,Hyderabad,Telangana,41.3,34.5,37.9,41.5,0.0,14.6,185,Moderate,1000.5,76.9,2025,8,2,5,Saturday,6.799999999999997,1572.85
2025-08-02,Ahmedabad,Gujarat,41.7,32.7,37.2,83.8,7.2,13.2,152,Moderate,1002.9,77.7,2025,8,2,5,Saturday,9.0,3117.36
2025-08-02,Jaipur,Rajasthan,26.8,13.2,20.0,55.8,55.3,21.8,255,Poor,1009.4,13.4,2025,8,2,5,Saturday,13.600000000000001,1116.0
2025-08-02,Lucknow,Uttar Pradesh,37.2,30.1,33.6,88.5,0.0,23.0,307,Very Poor,991.2,45.4,2025,8,2,5,Saturday,7.100000000000001,2973.6
2025-08-02,Bhopal,Madhya Pradesh,30.0,24.0,27.0,38.3,4.1,7.5,307,Very Poor,1014.6,99.9,2025,8,2,5,Saturday,6.0,1034.1
2025-08-03,Mumbai,Maharashtra,37.7,23.3,30.5,94.4,29.2,21.4,153,Moderate,993.0,94.0,2025,8,3,6,Sunday,14.400000000000002,2879.2000000000003
2025-08-03,Delhi,Delhi,31.4,23.0,27.2,50.8,0.0,11.5,333,Very Poor,1015.8,5.3,2025,8,3,6,Sunday,8.399999999999999,1381.76
2025-08-03,Bengaluru,Karnataka,39.3,27.2,33.3,57.4,0.0,20.5,224,Poor,1015.9,30.8,2025,8,3,6,Sunday,12.099999999999998,1911.4199999999998
2025-08-03,Chennai,Tamil Nadu,35.6,25.4,30.5,68.7,79.1,14.6,233,Poor,1001.1,58.2,2025,8,3,6,Sunday,10.200000000000003,2095.35
2025-08-03,Kolkata,West Bengal,31.2,19.9,25.6,70.4,9.0,12.4,57,Satisfactory,994.5,35.0,2025,8,3,6,Sunday,11.3,1802.2400000000002
2025-08-03,Hyderabad,Telangana,31.4,25.7,28.5,90.2,67.2,12.8,112,Moderate,991.9,61.6,2025,8,3,6,Sunday,5.699999999999999,2570.7000000000003
2025-08-03,Ahmedabad,Gujarat,28.5,17.9,23.2,53.2,7.3,3.3,312,Very Poor,998.2,58.9,2025,8,3,6,Sunday,10.600000000000001,1234.24
2025-08-03,Jaipur,Rajasthan,41.3,29.5,35.4,67.3,0.0,13.4,297,Poor,1003.5,89.3,2025,8,3,6,Sunday,11.799999999999997,2382.4199999999996
2025-08-03,Lucknow,Uttar Pradesh,26.5,11.7,19.1,44.9,0.0,20.5,298,Poor,1000.1,88.0,2025,8,3,6,Sunday,14.8,857.59
2025-08-03,Bhopal,Madhya Pradesh,35.4,23.3,29.4,92.7,4.6,10.9,165,Moderate,1023.6,8.8,2025,8,3,6,Sunday,12.099999999999998,2725.38
2025-08-04,Mumbai,Maharashtra,39.3,30.0,34.6,46.9,0.0,9.7,213,Poor,1013.5,63.1,2025,8,4,0,Monday,9.299999999999997,1622.74
2025-08-04,Delhi,Delhi,32.8,27.1,30.0,70.3,0.0,7.7,73,Satisfactory,1017.6,50.5,2025,8,4,0,Monday,5.699999999999996,2109.0
2025-08-04,Bengaluru,Karnataka,25.9,18.7,22.3,61.7,0.0,3.7,244,Poor,991.3,87.0,2025,8,4,0,Monday,7.199999999999999,1375.91
2025-08-04,Chennai,Tamil Nadu,40.6,33.8,37.2,50.9,0.0,14.7,295,Poor,995.5,50.1,2025,8,4,0,Monday,6.800000000000004,1893.48
2025-08-04,Kolkata,West Bengal,35.2,28.2,31.7,56.9,0.0,24.2,236,Poor,1003.3,9.1,2025,8,4,0,Monday,7.0000000000000036,1803.73
2025-08-04,Hyderabad,Telangana,25.9,19.0,22.5,33.1,1.8,9.9,178,Moderate,1021.4,68.2,2025,8,4,0,Monday,6.899999999999999,744.75
2025-08-04,Ahmedabad,Gujarat,26.4,14.1,20.2,54.4,0.0,19.1,44,Good,995.1,54.5,2025,8,4,0,Monday,12.299999999999999,1098.8799999999999
2025-08-04,Jaipur,Rajasthan,37.6,28.9,33.2,71.0,0.0,16.9,81,Satisfactory,993.8,63.6,2025,8,4,0,Monday,8.700000000000003,2357.2000000000003
2025-08-04,Lucknow,Uttar Pradesh,43.9,34.7,39.3,38.2,33.1,5.3,288,Poor,1017.7,44.7,2025,8,4,0,Monday,9.199999999999996,1501.26
2025-08-04,Bhopal,Madhya Pradesh,42.5,27.5,35.0,34.4,0.0,16.9,339,Very Poor,1005.7,58.7,2025,8,4,0,Monday,15.0,1204.0
2025-08-05,Mumbai,Maharashtra,41.4,32.7,37.1,69.0,0.6,18.4,319,Very Poor,1021.6,31.9,2025,8,5,1,Tuesday,8.699999999999996,2559.9
2025-08-05,Delhi,Delhi,38.2,32.5,35.3,54.7,0.0,14.7,308,Very Poor,994.6,91.9,2025,8,5,1,Tuesday,5.700000000000003,1930.9099999999999
2025-08-05,Bengaluru,Karnataka,34.5,28.8,31.7,65.9,0.0,17.9,77,Satisfactory,1009.7,21.6,2025,8,5,1,Tuesday,5.699999999999999,2089.03
2025-08-05,Chennai,Tamil Nadu,38.9,30.5,34.7,95.0,9.0,5.7,201,Poor,1021.3,48.6,2025,8,5,1,Tuesday,8.399999999999999,3296.5000000000005
2025-08-05,Kolkata,West Bengal,42.5,37.4,39.9,62.1,0.0,14.3,313,Very Poor,1009.2,36.4,2025,8,5,1,Tuesday,5.100000000000001,2477.79
2025-08-05,Hyderabad,Telangana,31.0,20.9,25.9,42.1,0.0,19.6,227,Poor,1005.7,31.5,2025,8,5,1,Tuesday,10.100000000000001,1090.3899999999999
2025-08-05,Ahmedabad,Gujarat,32.6,25.3,29.0,89.2,5.4,20.5,201,Poor,1016.5,62.0,2025,8,5,1,Tuesday,7.300000000000001,2586.8
2025-08-05,Jaipur,Rajasthan,40.5,28.5,34.5,67.1,0.0,23.4,155,Moderate,1022.7,79.9,2025,8,5,1,Tuesday,12.0,2314.95
2025-08-05,Lucknow,Uttar Pradesh,28.0,19.4,23.7,77.2,3.4,16.5,260,Poor,1022.6,89.9,2025,8,5,1,Tuesday,8.600000000000001,1829.64
2025-08-05,Bhopal,Madhya Pradesh,29.0,14.6,21.8,44.8,0.0,16.7,336,Very Poor,1006.0,64.3,2025,8,5,1,Tuesday,14.4,976.64
2025-08-06,Mumbai,Maharashtra,41.2,33.2,37.2,33.7,0.0,16.4,236,Poor,991.5,22.8,2025,8,6,2,Wednesday,8.0,1253.64
2025-08-06,Delhi,Delhi,33.0,24.8,28.9,72.6,0.0,17.2,135,Moderate,1014.3,78.6,2025,8,6,2,Wednesday,8.2,2098.14
2025-08-06,Bengaluru,Karnataka,27.3,15.5,21.4,37.9,0.0,12.8,93,Satisfactory,1021.4,69.6,2025,8,6,2,Wednesday,11.8,811.06
2025-08-06,Chennai,Tamil Nadu,42.6,32.6,37.6,43.3,0.0,20.5,110,Moderate,1013.1,50.4,2025,8,6,2,Wednesday,10.0,1628.08
2025-08-06,Kolkata,West Bengal,30.6,15.9,23.3,52.3,0.0,23.7,291,Poor,993.1,67.6,2025,8,6,2,Wednesday,14.700000000000001,1218.59
2025-08-06,Hyderabad,Telangana,40.0,26.9,33.4,78.1,72.7,12.0,126,Moderate,1007.0,51.1,2025,8,6,2,Wednesday,13.100000000000001,2608.5399999999995
2025-08-06,Ahmedabad,Gujarat,27.3,19.7,23.5,84.9,5.5,10.0,330,Very Poor,996.5,58.9,2025,8,6,2,Wednesday,7.600000000000001,1995.15
2025-08-06,Jaipur,Rajasthan,41.8,29.1,35.5,79.7,0.0,15.3,155,Moderate,1001.1,79.2,2025,8,6,2,Wednesday,12.699999999999996,2829.35
2025-08-06,Lucknow,Uttar Pradesh,27.3,14.5,20.9,75.4,0.0,17.7,312,Very Poor,1021.9,19.8,2025,8,6,2,Wednesday,12.8,1575.86
2025-08-06,Bhopal,Madhya Pradesh,39.1,32.4,35.7,73.2,8.8,5.7,219,Poor,996.7,57.0,2025,8,6,2,Wednesday,6.700000000000003,2613.2400000000002
2025-08-07,Mumbai,Maharashtra,43.9,34.2,39.0,49.7,0.0,15.2,224,Poor,996.2,85.9,2025,8,7,3,Thursday,9.699999999999996,1938.3000000000002
2025-08-07,Delhi,Delhi,42.3,33.0,37.7,68.7,5.3,15.7,267,Poor,1011.2,28.6,2025,8,7,3,Thursday,9.299999999999997,2589.9900000000002
2025-08-07,Bengaluru,Karnataka,44.7,38.4,41.5,71.4,0.0,5.1,259,Poor,991.3,20.5,2025,8,7,3,Thursday,6.300000000000004,2963.1000000000004
2025-08-07,Chennai,Tamil Nadu,27.8,16.6,22.2,86.4,11.9,17.5,345,Very Poor,994.9,34.1,2025,8,7,3,Thursday,11.2,1918.0800000000002
2025-08-07,Kolkata,West Bengal,29.5,17.0,23.3,45.7,0.0,9.1,48,Good,1007.1,64.4,2025,8,7,3,Thursday,12.5,1064.8100000000002
2025-08-07,Hyderabad,Telangana,33.2,24.8,29.0,31.7,0.0,15.5,129,Moderate,1000.4,15.1,2025,8,7,3,Thursday,8.400000000000002,919.3
2025-08-07,Ahmedabad,Gujarat,34.4,26.5,30.4,70.6,9.5,2.0,188,Moderate,990.0,17.6,2025,8,7,3,Thursday,7.899999999999999,2146.24
2025-08-07,Jaipur,Rajasthan,26.0,13.7,19.8,31.9,0.0,15.3,293,Poor,999.2,25.3,2025,8,7,3,Thursday,12.3,631.62
2025-08-07,Lucknow,Uttar Pradesh,31.7,18.5,25.1,44.1,0.0,10.8,63,Satisfactory,990.2,49.2,2025,8,7,3,Thursday,13.2,1106.91
2025-08-07,Bhopal,Madhya Pradesh,41.7,31.8,36.8,74.9,0.0,2.6,188,Moderate,991.7,8.6,2025,8,7,3,Thursday,9.900000000000002,2756.32
2025-08-08,Mumbai,Maharashtra,34.0,28.4,31.2,47.1,2.5,18.0,169,Moderate,1001.9,79.9,2025,8,8,4,Friday,5.600000000000001,1469.52
2025-08-08,Delhi,Delhi,35.4,29.0,32.2,45.1,7.3,3.2,267,Poor,995.0,47.3,2025,8,8,4,Friday,6.399999999999999,1452.2200000000003
2025-08-08,Bengaluru,Karnataka,28.3,15.8,22.1,66.1,7.8,7.7,310,Very Poor,1015.2,85.2,2025,8,8,4,Friday,12.5,1460.81
2025-08-08,Chennai,Tamil Nadu,25.6,14.3,20.0,94.3,22.0,8.1,71,Satisfactory,991.6,45.9,2025,8,8,4,Friday,11.3,1886.0
2025-08-08,Kolkata,West Bengal,27.3,17.7,22.5,69.8,9.1,11.5,255,Poor,1001.2,61.3,2025,8,8,4,Friday,9.600000000000001,1570.5
2025-08-08,Hyderabad,Telangana,36.4,28.7,32.5,54.0,11.0,13.8,212,Poor,1016.3,21.3,2025,8,8,4,Friday,7.699999999999999,1755.0
2025-08-08,Ahmedabad,Gujarat,43.5,36.4,40.0,52.5,3.9,11.1,88,Satisfactory,1013.6,51.0,2025,8,8,4,Friday,7.100000000000001,2100.0
2025-08-08,Jaipur,Rajasthan,44.0,36.6,40.3,66.6,74.3,10.4,121,Moderate,994.2,78.1,2025,8,8,4,Friday,7.399999999999999,2683.9799999999996
2025-08-08,Lucknow,Uttar Pradesh,39.0,24.9,31.9,68.4,25.7,7.2,212,Poor,997.9,88.6,2025,8,8,4,Friday,14.100000000000001,2181.96
2025-08-08,Bhopal,Madhya Pradesh,41.0,28.0,34.5,72.1,0.0,6.6,279,Poor,1012.5,91.2,2025,8,8,4,Friday,13.0,2487.45
2025-08-09,Mumbai,Maharashtra,31.6,18.4,25.0,92.8,0.0,11.2,267,Poor,991.8,51.3,2025,8,9,5,Saturday,13.200000000000003,2320.0
2025-08-09,Delhi,Delhi,35.6,20.9,28.3,60.0,42.9,4.2,131,Moderate,997.8,73.0,2025,8,9,5,Saturday,14.700000000000003,1698.0
2025-08-09,Bengaluru,Karnataka,40.3,31.1,35.7,81.7,0.0,9.7,280,Poor,1018.4,64.4,2025,8,9,5,Saturday,9.199999999999996,2916.6900000000005
2025-08-09,Chennai,Tamil Nadu,32.4,20.5,26.5,34.2,0.5,14.3,194,Moderate,1004.3,90.2,2025,8,9,5,Saturday,11.899999999999999,906.3000000000001
2025-08-09,Kolkata,West Bengal,37.3,22.4,29.8,64.0,0.0,21.2,196,Moderate,1023.1,46.3,2025,8,9,5,Saturday,14.899999999999999,1907.2
2025-08-09,Hyderabad,Telangana,33.5,18.5,26.0,88.7,0.5,2.6,310,Very Poor,1005.6,19.2,2025,8,9,5,Saturday,15.0,2306.2000000000003
2025-08-09,Ahmedabad,Gujarat,25.3,11.5,18.4,91.2,0.0,23.9,326,Very Poor,1017.9,71.0,2025,8,9,5,Saturday,13.8,1678.08
2025-08-09,Jaipur,Rajasthan,28.2,19.4,23.8,84.8,1.1,12.1,69,Satisfactory,1001.9,19.0,2025,8,9,5,Saturday,8.8,2018.24
2025-08-09,Lucknow,Uttar Pradesh,33.5,20.0,26.8,64.6,0.0,24.8,278,Poor,990.9,34.6,2025,8,9,5,Saturday,13.5,1731.28
2025-08-09,Bhopal,Madhya Pradesh,35.4,27.3,31.3,94.5,6.2,5.5,344,Very Poor,1006.2,84.8,2025,8,9,5,Saturday,8.099999999999998,2957.85
2025-08-10,Mumbai,Maharashtra,32.7,26.3,29.5,66.9,9.4,9.1,156,Moderate,1011.2,89.0,2025,8,10,6,Sunday,6.400000000000002,1973.5500000000002
2025-08-10,Delhi,Delhi,29.8,20.0,24.9,54.5,0.0,21.0,259,Poor,1004.0,97.0,2025,8,10,6,Sunday,9.8,1357.05
2025-08-10,Bengaluru,Karnataka,32.3,24.8,28.6,74.5,0.0,2.7,298,Poor,997.7,62.6,2025,8,10,6,Sunday,7.4999999999999964,2130.7000000000003
2025-08-10,Chennai,Tamil Nadu,28.4,17.6,23.0,39.4,0.0,14.0,217,Poor,991.5,70.5,2025,8,10,6,Sunday,10.799999999999997,906.1999999999999
2025-08-10,Kolkata,West Bengal,37.5,27.2,32.3,76.9,74.6,18.7,121,Moderate,1021.9,92.7,2025,8,10,6,Sunday,10.3,2483.87
2025-08-10,Hyderabad,Telangana,44.9,37.2,41.0,31.2,0.0,24.3,228,Poor,991.7,30.6,2025,8,10,6,Sunday,7.699999999999996,1279.2
2025-08-10,Ahmedabad,Gujarat,40.3,27.2,33.7,87.4,1.8,18.5,139,Moderate,1000.8,33.9,2025,8,10,6,Sunday,13.099999999999998,2945.3800000000006
2025-08-10,Jaipur,Rajasthan,42.8,28.7,35.8,31.0,37.4,23.7,99,Satisfactory,1012.0,9.4,2025,8,10,6,Sunday,14.099999999999998,1109.8
2025-08-10,Lucknow,Uttar Pradesh,33.7,19.1,26.4,36.2,0.0,19.6,292,Poor,1014.2,78.7,2025,8,10,6,Sunday,14.600000000000001,955.6800000000001
2025-08-10,Bhopal,Madhya Pradesh,31.1,22.5,26.8,83.0,46.0,22.4,315,Very Poor,1018.2,7.0,2025,8,10,6,Sunday,8.600000000000001,2224.4
2025-08-11,Mumbai,Maharashtra,43.2,31.6,37.4,49.4,5.0,9.9,252,Poor,1001.4,74.9,2025,8,11,0,Monday,11.600000000000001,1847.56
2025-08-11,Delhi,Delhi,35.3,26.1,30.7,72.7,0.0,6.8,260,Poor,1017.1,78.4,2025,8,11,0,Monday,9.199999999999996,2231.89
2025-08-11,Bengaluru,Karnataka,43.1,36.7,39.9,46.9,0.0,7.8,254,Poor,994.8,89.8,2025,8,11,0,Monday,6.399999999999999,1871.31
2025-08-11,Chennai,Tamil Nadu,35.6,20.9,28.2,85.2,0.0,21.4,237,Poor,995.2,47.9,2025,8,11,0,Monday,14.700000000000003,2402.64
2025-08-11,Kolkata,West Bengal,43.9,29.9,36.9,64.7,6.1,22.2,42,Good,1021.4,84.1,2025,8,11,0,Monday,14.0,2387.43
2025-08-11,Hyderabad,Telangana,31.2,22.2,26.7,74.1,0.0,24.0,41,Good,1005.3,18.4,2025,8,11,0,Monday,9.0,1978.4699999999998
2025-08-11,Ahmedabad,Gujarat,29.7,15.3,22.5,92.1,5.3,3.3,318,Very Poor,1003.1,66.0,2025,8,11,0,Monday,14.399999999999999,2072.25
2025-08-11,Jaipur,Rajasthan,39.5,31.0,35.3,89.1,0.0,2.0,50,Good,995.8,93.1,2025,8,11,0,Monday,8.5,3145.2299999999996
2025-08-11,Lucknow,Uttar Pradesh,36.9,27.8,32.4,57.9,0.0,3.4,255,Poor,991.9,13.1,2025,8,11,0,Monday,9.099999999999998,1875.9599999999998
2025-08-11,Bhopal,Madhya Pradesh,27.3,19.7,23.5,72.7,0.0,24.2,222,Poor,996.7,7.9,2025,8,11,0,Monday,7.600000000000001,1708.45
2025-08-12,Mumbai,Maharashtra,31.6,20.9,26.2,60.8,0.0,13.5,55,Satisfactory,1004.6,69.0,2025,8,12,1,Tuesday,10.700000000000003,1592.9599999999998
2025-08-12,Delhi,Delhi,35.6,25.8,30.7,93.3,0.0,20.0,156,Moderate,1008.4,38.9,2025,8,12,1,Tuesday,9.8,2864.31
2025-08-12,Bengaluru,Karnataka,32.3,27.1,29.7,77.5,6.1,9.1,290,Poor,998.5,75.4,2025,8,12,1,Tuesday,5.199999999999996,2301.75
2025-08-12,Chennai,Tamil Nadu,37.5,24.7,31.1,53.8,0.0,19.9,211,Poor,1002.5,68.7,2025,8,12,1,Tuesday,12.8,1673.18
2025-08-12,Kolkata,West Bengal,41.3,28.0,34.7,34.4,0.0,13.8,122,Moderate,996.4,57.5,2025,8,12,1,Tuesday,13.299999999999997,1193.68
2025-08-12,Hyderabad,Telangana,41.6,34.6,38.1,53.4,51.2,6.0,272,Poor,990.7,45.1,2025,8,12,1,Tuesday,7.0,2034.54
2025-08-12,Ahmedabad,Gujarat,44.5,39.0,41.7,81.1,0.0,23.2,331,Very Poor,1018.3,34.6,2025,8,12,1,Tuesday,5.5,3381.87
2025-08-12,Jaipur,Rajasthan,27.1,18.9,23.0,72.4,10.0,23.1,71,Satisfactory,990.3,32.4,2025,8,12,1,Tuesday,8.200000000000003,1665.2
2025-08-12,Lucknow,Uttar Pradesh,40.5,29.9,35.2,36.2,4.3,19.9,89,Satisfactory,993.1,51.3,2025,8,12,1,Tuesday,10.600000000000001,1274.2400000000002
2025-08-12,Bhopal,Madhya Pradesh,40.1,28.5,34.3,77.0,0.8,18.4,128,Moderate,1020.2,24.6,2025,8,12,1,Tuesday,11.600000000000001,2641.1
2025-08-13,Mumbai,Maharashtra,33.8,23.6,28.7,46.4,3.9,4.5,189,Moderate,1024.5,58.5,2025,8,13,2,Wednesday,10.199999999999996,1331.6799999999998
2025-08-13,Delhi,Delhi,44.3,37.9,41.1,65.3,8.1,22.7,151,Moderate,999.2,27.9,2025,8,13,2,Wednesday,6.399999999999999,2683.83
2025-08-13,Bengaluru,Karnataka,33.4,27.3,30.3,45.0,0.0,23.7,277,Poor,1017.1,39.4,2025,8,13,2,Wednesday,6.099999999999998,1363.5
2025-08-13,Chennai,Tamil Nadu,36.9,25.1,31.0,50.9,0.0,12.8,305,Very Poor,1004.2,5.2,2025,8,13,2,Wednesday,11.799999999999997,1577.8999999999999
2025-08-13,Kolkata,West Bengal,38.6,29.2,33.9,92.9,9.4,20.8,120,Moderate,996.1,17.2,2025,8,13,2,Wednesday,9.400000000000002,3149.31
2025-08-13,Hyderabad,Telangana,30.6,15.9,23.3,80.7,0.0,10.2,135,Moderate,1001.1,30.9,2025,8,13,2,Wednesday,14.700000000000001,1880.3100000000002
2025-08-13,Ahmedabad,Gujarat,40.1,32.4,36.3,82.0,51.7,3.8,142,Moderate,1012.2,53.6,2025,8,13,2,Wednesday,7.700000000000003,2976.6
2025-08-13,Jaipur,Rajasthan,27.0,15.2,21.1,50.1,60.2,9.7,70,Satisfactory,1016.1,95.9,2025,8,13,2,Wednesday,11.8,1057.1100000000001
2025-08-13,Lucknow,Uttar Pradesh,35.6,30.5,33.0,83.6,2.9,20.2,336,Very Poor,1004.0,68.2,2025,8,13,2,Wednesday,5.100000000000001,2758.7999999999997
2025-08-13,Bhopal,Madhya Pradesh,42.7,30.7,36.7,91.3,61.0,20.8,42,Good,1007.6,52.7,2025,8,13,2,Wednesday,12.000000000000004,3350.71
2025-08-14,Mumbai,Maharashtra,25.6,13.1,19.4,66.1,0.0,4.0,232,Poor,1011.9,14.5,2025,8,14,3,Thursday,12.500000000000002,1282.3399999999997
2025-08-14,Delhi,Delhi,35.6,23.4,29.5,52.8,1.5,13.0,299,Poor,1008.9,35.7,2025,8,14,3,Thursday,12.200000000000003,1557.6
2025-08-14,Bengaluru,Karnataka,45.0,36.9,40.9,76.7,0.0,15.9,93,Satisfactory,998.3,85.9,2025,8,14,3,Thursday,8.100000000000001,3137.03
2025-08-14,Chennai,Tamil Nadu,43.6,38.0,40.8,48.7,0.0,7.0,112,Moderate,1020.1,61.6,2025,8,14,3,Thursday,5.600000000000001,1986.96
2025-08-14,Kolkata,West Bengal,36.2,24.5,30.4,74.2,7.3,16.0,342,Very Poor,991.1,76.2,2025,8,14,3,Thursday,11.700000000000003,2255.68
2025-08-14,Hyderabad,Telangana,31.1,20.0,25.6,80.0,0.0,14.2,121,Moderate,991.3,90.5,2025,8,14,3,Thursday,11.100000000000001,2048.0
2025-08-14,Ahmedabad,Gujarat,44.6,37.5,41.1,46.5,0.0,10.1,338,Very Poor,1008.9,96.0,2025,8,14,3,Thursday,7.100000000000001,1911.15
2025-08-14,Jaipur,Rajasthan,31.6,19.8,25.7,76.9,0.0,19.6,103,Moderate,997.0,38.1,2025,8,14,3,Thursday,11.8,1976.3300000000002
2025-08-14,Lucknow,Uttar Pradesh,42.7,29.2,35.9,41.0,7.6,13.3,237,Poor,1006.5,88.7,2025,8,14,3,Thursday,13.500000000000004,1471.8999999999999
2025-08-14,Bhopal,Madhya Pradesh,29.7,23.6,26.7,90.7,0.0,5.2,77,Satisfactory,1017.2,90.9,2025,8,14,3,Thursday,6.099999999999998,2421.69
2025-08-15,Mumbai,Maharashtra,26.3,12.8,19.6,62.6,0.0,8.9,262,Poor,1009.7,20.2,2025,8,15,4,Friday,13.5,1226.96
2025-08-15,Delhi,Delhi,36.0,22.5,29.3,89.9,0.0,10.2,89,Satisfactory,1012.8,72.6,2025,8,15,4,Friday,13.5,2634.07
2025-08-15,Bengaluru,Karnataka,45.0,38.9,41.9,69.5,0.0,3.3,202,Poor,1024.9,98.2,2025,8,15,4,Friday,6.100000000000001,2912.0499999999997
2025-08-15,Chennai,Tamil Nadu,29.2,22.3,25.8,33.7,0.0,14.1,208,Poor,1020.5,11.7,2025,8,15,4,Friday,6.899999999999999,869.4600000000002
2025-08-15,Kolkata,West Bengal,39.0,24.3,31.7,78.1,63.7,22.4,283,Poor,993.1,59.6,2025,8,15,4,Friday,14.7,2475.77
2025-08-15,Hyderabad,Telangana,38.4,29.3,33.9,51.0,0.0,21.2,310,Very Poor,1001.0,66.3,2025,8,15,4,Friday,9.099999999999998,1728.8999999999999
2025-08-15,Ahmedabad,Gujarat,37.4,27.5,32.5,32.3,6.8,16.6,254,Poor,1006.4,26.3,2025,8,15,4,Friday,9.899999999999999,1049.75
2025-08-15,Jaipur,Rajasthan,28.5,14.7,21.6,53.0,0.0,17.7,232,Poor,1000.6,71.7,2025,8,15,4,Friday,13.8,1144.8000000000002
2025-08-15,Lucknow,Uttar Pradesh,32.4,24.3,28.4,86.0,0.0,18.5,344,Very Poor,1007.8,13.0,2025,8,15,4,Friday,8.099999999999998,2442.4
2025-08-15,Bhopal,Madhya Pradesh,26.7,20.1,23.4,57.3,0.0,14.0,195,Moderate,1001.6,71.2,2025,8,15,4,Friday,6.599999999999998,1340.82
2025-08-16,Mumbai,Maharashtra,36.6,29.5,33.0,90.2,58.3,3.9,284,Poor,991.0,36.6,2025,8,16,5,Saturday,7.100000000000001,2976.6
2025-08-16,Delhi,Delhi,39.3,26.1,32.7,55.8,9.9,10.1,99,Satisfactory,997.6,37.0,2025,8,16,5,Saturday,13.199999999999996,1824.66
2025-08-16,Bengaluru,Karnataka,27.6,18.9,23.3,39.5,0.0,24.0,134,Moderate,1002.6,18.1,2025,8,16,5,Saturday,8.700000000000003,920.35
2025-08-16,Chennai,Tamil Nadu,40.8,32.7,36.8,54.9,0.0,3.5,183,Moderate,996.1,24.9,2025,8,16,5,Saturday,8.099999999999994,2020.3199999999997
2025-08-16,Kolkata,West Bengal,41.4,32.9,37.1,54.7,0.0,22.7,315,Very Poor,990.9,64.3,2025,8,16,5,Saturday,8.5,2029.3700000000001
2025-08-16,Hyderabad,Telangana,33.3,21.8,27.6,68.1,0.0,3.3,283,Poor,1016.8,55.6,2025,8,16,5,Saturday,11.499999999999996,1879.56
2025-08-16,Ahmedabad,Gujarat,30.8,17.8,24.3,50.1,47.4,11.5,181,Moderate,1008.0,47.9,2025,8,16,5,Saturday,13.0,1217.43
2025-08-16,Jaipur,Rajasthan,29.3,20.1,24.7,62.3,0.0,17.2,260,Poor,1003.4,57.2,2025,8,16,5,Saturday,9.2,1538.81
2025-08-16,Lucknow,Uttar Pradesh,34.3,26.0,30.1,83.6,25.2,14.5,322,Very Poor,1005.7,89.9,2025,8,16,5,Saturday,8.299999999999997,2516.36
2025-08-16,Bhopal,Madhya Pradesh,30.5,21.9,26.2,85.4,30.2,7.0,179,Moderate,1011.4,45.7,2025,8,16,5,Saturday,8.600000000000001,2237.48
2025-08-17,Mumbai,Maharashtra,27.1,19.5,23.3,40.9,7.5,18.1,98,Satisfactory,994.5,98.0,2025,8,17,6,Sunday,7.600000000000001,952.97
2025-08-17,Delhi,Delhi,32.0,19.9,26.0,39.1,0.0,17.3,105,Moderate,1020.1,97.5,2025,8,17,6,Sunday,12.100000000000001,1016.6
2025-08-17,Bengaluru,Karnataka,27.5,15.1,21.3,42.2,0.0,16.9,212,Poor,1019.8,30.8,2025,8,17,6,Sunday,12.4,898.8600000000001
2025-08-17,Chennai,Tamil Nadu,31.7,23.5,27.6,31.3,6.0,7.6,273,Poor,1015.1,33.2,2025,8,17,6,Sunday,8.2,863.8800000000001
2025-08-17,Kolkata,West Bengal,42.1,33.8,37.9,30.1,3.1,8.7,311,Very Poor,991.3,55.5,2025,8,17,6,Sunday,8.300000000000004,1140.79
2025-08-17,Hyderabad,Telangana,34.0,25.3,29.6,41.6,33.2,2.7,305,Very Poor,998.4,11.5,2025,8,17,6,Sunday,8.7,1231.3600000000001
2025-08-17,Ahmedabad,Gujarat,33.3,20.4,26.9,75.0,0.0,18.1,218,Poor,1010.5,71.0,2025,8,17,6,Sunday,12.899999999999999,2017.5
2025-08-17,Jaipur,Rajasthan,36.6,22.3,29.5,89.9,0.0,10.2,342,Very Poor,991.7,49.9,2025,8,17,6,Sunday,14.3,2652.05
2025-08-17,Lucknow,Uttar Pradesh,26.4,13.3,19.9,42.7,0.0,22.0,238,Poor,1024.1,41.7,2025,8,17,6,Sunday,13.099999999999998,849.73
2025-08-17,Bhopal,Madhya Pradesh,36.1,30.4,33.2,32.7,0.0,24.7,305,Very Poor,993.0,30.6,2025,8,17,6,Sunday,5.700000000000003,1085.64
2025-08-18,Mumbai,Maharashtra,33.3,22.5,27.9,33.1,0.0,5.6,122,Moderate,1007.4,82.6,2025,8,18,0,Monday,10.799999999999997,923.49
2025-08-18,Delhi,Delhi,27.8,18.7,23.3,93.8,0.2,20.6,183,Moderate,1016.1,12.1,2025,8,18,0,Monday,9.100000000000001,2185.54
2025-08-18,Bengaluru,Karnataka,26.6,15.4,21.0,35.0,31.4,18.3,45,Good,990.1,32.0,2025,8,18,0,Monday,11.200000000000001,735.0
2025-08-18,Chennai,Tamil Nadu,30.9,19.0,25.0,79.4,0.0,21.8,335,Very Poor,1015.5,56.1,2025,8,18,0,Monday,11.899999999999999,1985.0000000000002
2025-08-18,Kolkata,West Bengal,44.0,30.0,37.0,43.1,0.0,20.3,48,Good,1014.0,77.4,2025,8,18,0,Monday,14.0,1594.7
2025-08-18,Hyderabad,Telangana,33.6,20.0,26.8,61.8,0.0,5.6,145,Moderate,1015.4,10.2,2025,8,18,0,Monday,13.600000000000001,1656.24
2025-08-18,Ahmedabad,Gujarat,43.4,32.6,38.0,89.2,0.0,4.6,98,Satisfactory,1024.7,21.7,2025,8,18,0,Monday,10.799999999999997,3389.6
2025-08-18,Jaipur,Rajasthan,41.8,28.8,35.3,93.6,0.0,15.6,258,Poor,991.3,20.0,2025,8,18,0,Monday,12.999999999999996,3304.0799999999995
2025-08-18,Lucknow,Uttar Pradesh,38.4,32.5,35.4,90.6,72.1,13.3,290,Poor,1004.4,31.4,2025,8,18,0,Monday,5.899999999999999,3207.24
2025-08-18,Bhopal,Madhya Pradesh,28.9,17.7,23.3,66.9,2.6,2.5,313,Very Poor,1004.8,39.1,2025,8,18,0,Monday,11.2,1558.7700000000002
2025-08-19,Mumbai,Maharashtra,30.3,15.3,22.8,43.0,0.0,22.4,311,Very Poor,993.8,98.4,2025,8,19,1,Tuesday,15.0,980.4
2025-08-19,Delhi,Delhi,41.8,32.7,37.3,63.4,0.0,10.8,163,Moderate,1023.9,40.1,2025,8,19,1,Tuesday,9.099999999999994,2364.8199999999997
2025-08-19,Bengaluru,Karnataka,37.6,23.6,30.6,49.1,9.5,8.3,179,Moderate,992.6,82.2,2025,8,19,1,Tuesday,14.0,1502.46
2025-08-19,Chennai,Tamil Nadu,32.8,23.5,28.2,69.8,0.0,2.8,265,Poor,1012.5,83.2,2025,8,19,1,Tuesday,9.299999999999997,1968.36
2025-08-19,Kolkata,West Bengal,34.4,23.7,29.1,31.7,0.0,8.8,98,Satisfactory,1013.1,60.5,2025,8,19,1,Tuesday,10.7,922.47
2025-08-19,Hyderabad,Telangana,33.2,21.4,27.3,49.3,0.0,10.9,273,Poor,1015.6,25.3,2025,8,19,1,Tuesday,11.800000000000004,1345.8899999999999
2025-08-19,Ahmedabad,Gujarat,38.4,28.3,33.4,93.1,0.0,8.4,270,Poor,1022.2,90.1,2025,8,19,1,Tuesday,10.099999999999998,3109.5399999999995
2025-08-19,Jaipur,Rajasthan,27.6,15.5,21.5,46.5,63.1,4.5,338,Very Poor,995.7,25.8,2025,8,19,1,Tuesday,12.100000000000001,999.75
2025-08-19,Lucknow,Uttar Pradesh,38.9,27.1,33.0,62.8,0.0,19.9,236,Poor,1006.5,29.3,2025,8,19,1,Tuesday,11.799999999999997,2072.4
2025-08-19,Bhopal,Madhya Pradesh,29.2,19.3,24.2,42.4,0.0,19.4,62,Satisfactory,1013.1,43.0,2025,8,19,1,Tuesday,9.899999999999999,1026.08
2025-08-20,Mumbai,Maharashtra,43.4,38.4,40.9,77.7,0.0,7.7,202,Poor,1001.0,47.9,2025,8,20,2,Wednesday,5.0,3177.93
2025-08-20,Delhi,Delhi,39.5,25.5,32.5,60.2,0.0,4.7,315,Very Poor,1014.2,91.2,2025,8,20,2,Wednesday,14.0,1956.5
2025-08-20,Bengaluru,Karnataka,31.5,24.2,27.9,47.8,0.0,6.9,256,Poor,990.3,9.5,2025,8,20,2,Wednesday,7.300000000000001,1333.62
2025-08-20,Chennai,Tamil Nadu,37.4,22.9,30.2,56.1,0.0,17.9,258,Poor,998.2,78.5,2025,8,20,2,Wednesday,14.5,1694.22
2025-08-20,Kolkata,West Bengal,39.9,28.0,34.0,76.0,0.0,6.7,44,Good,997.6,43.5,2025,8,20,2,Wednesday,11.899999999999999,2584.0
2025-08-20,Hyderabad,Telangana,42.8,35.1,38.9,33.3,0.0,8.0,275,Poor,1009.1,59.6,2025,8,20,2,Wednesday,7.699999999999996,1295.37
2025-08-20,Ahmedabad,Gujarat,41.0,28.9,35.0,30.3,0.0,8.5,183,Moderate,1015.6,60.3,2025,8,20,2,Wednesday,12.100000000000001,1060.5
2025-08-20,Jaipur,Rajasthan,27.3,21.5,24.4,75.7,1.3,23.2,151,Moderate,1020.6,87.1,2025,8,20,2,Wednesday,5.800000000000001,1847.08
2025-08-20,Lucknow,Uttar Pradesh,43.5,31.7,37.6,87.6,0.0,21.0,112,Moderate,1004.3,89.0,2025,8,20,2,Wednesday,11.8,3293.7599999999998
2025-08-20,Bhopal,Madhya Pradesh,25.8,13.2,19.5,70.7,4.5,9.5,232,Poor,1019.3,37.8,2025,8,20,2,Wednesday,12.600000000000001,1378.65
2025-08-21,Mumbai,Maharashtra,28.8,21.2,25.0,59.1,0.0,13.8,49,Good,995.6,21.6,2025,8,21,3,Thursday,7.600000000000001,1477.5
2025-08-21,Delhi,Delhi,25.6,17.0,21.3,39.5,0.0,11.3,273,Poor,996.7,10.9,2025,8,21,3,Thursday,8.600000000000001,841.35
2025-08-21,Bengaluru,Karnataka,36.1,30.6,33.4,60.4,0.0,20.9,83,Satisfactory,1015.7,90.2,2025,8,21,3,Thursday,5.5,2017.36
2025-08-21,Chennai,Tamil Nadu,35.7,30.5,33.1,83.7,0.0,8.6,212,Poor,1016.8,17.0,2025,8,21,3,Thursday,5.200000000000003,2770.4700000000003
2025-08-21,Kolkata,West Bengal,40.9,28.5,34.7,90.8,0.0,2.8,203,Poor,1018.6,70.4,2025,8,21,3,Thursday,12.399999999999999,3150.76
2025-08-21,Hyderabad,Telangana,33.1,19.1,26.1,47.2,0.0,20.0,68,Satisfactory,1015.1,90.7,2025,8,21,3,Thursday,14.0,1231.92
2025-08-21,Ahmedabad,Gujarat,44.4,39.1,41.8,52.0,13.6,18.6,203,Poor,1007.7,15.3,2025,8,21,3,Thursday,5.299999999999997,2173.6
2025-08-21,Jaipur,Rajasthan,31.4,23.7,27.5,70.2,0.0,17.0,299,Poor,994.4,83.7,2025,8,21,3,Thursday,7.699999999999999,1930.5
2025-08-21,Lucknow,Uttar Pradesh,35.8,28.9,32.4,62.5,0.0,9.2,284,Poor,1023.1,45.1,2025,8,21,3,Thursday,6.899999999999999,2025.0
2025-08-21,Bhopal,Madhya Pradesh,37.7,29.6,33.7,38.0,0.0,7.7,301,Very Poor,1016.8,98.4,2025,8,21,3,Thursday,8.100000000000001,1280.6000000000001
2025-08-22,Mumbai,Maharashtra,38.7,24.5,31.6,48.5,32.5,22.3,64,Satisfactory,991.8,52.7,2025,8,22,4,Friday,14.200000000000003,1532.6000000000001
2025-08-22,Delhi,Delhi,40.8,32.1,36.4,89.3,0.0,8.2,148,Moderate,1008.1,51.1,2025,8,22,4,Friday,8.699999999999996,3250.52
2025-08-22,Bengaluru,Karnataka,38.0,26.4,32.2,35.0,0.0,17.2,52,Satisfactory,1018.1,84.0,2025,8,22,4,Friday,11.600000000000001,1127.0
2025-08-22,Chennai,Tamil Nadu,38.9,26.0,32.5,55.8,0.0,13.5,133,Moderate,995.3,40.2,2025,8,22,4,Friday,12.899999999999999,1813.5
2025-08-22,Kolkata,West Bengal,29.8,19.9,24.8,84.5,0.0,5.3,72,Satisfactory,1023.0,65.2,2025,8,22,4,Friday,9.900000000000002,2095.6
2025-08-22,Hyderabad,Telangana,37.7,30.9,34.3,87.7,0.0,14.8,65,Satisfactory,1021.9,33.1,2025,8,22,4,Friday,6.800000000000004,3008.1099999999997
2025-08-22,Ahmedabad,Gujarat,36.1,29.3,32.7,77.3,5.9,7.5,276,Poor,1022.1,38.0,2025,8,22,4,Friday,6.800000000000001,2527.71
2025-08-22,Jaipur,Rajasthan,30.2,18.0,24.1,32.0,0.0,12.0,115,Moderate,1002.6,98.2,2025,8,22,4,Friday,12.2,771.2
2025-08-22,Lucknow,Uttar Pradesh,40.8,31.3,36.1,51.8,0.0,20.7,79,Satisfactory,1023.9,26.6,2025,8,22,4,Friday,9.499999999999996,1869.98
2025-08-22,Bhopal,Madhya Pradesh,31.3,21.6,26.5,49.6,64.5,10.6,202,Poor,1000.7,43.7,2025,8,22,4,Friday,9.7,1314.4
2025-08-23,Mumbai,Maharashtra,39.8,26.0,32.9,60.1,3.0,15.1,311,Very Poor,1007.0,24.3,2025,8,23,5,Saturday,13.799999999999997,1977.29
2025-08-23,Delhi,Delhi,40.6,34.2,37.4,53.9,0.0,18.5,121,Moderate,991.9,49.8,2025,8,23,5,Saturday,6.399999999999999,2015.86
2025-08-23,Bengaluru,Karnataka,26.7,17.0,21.9,41.1,45.5,17.7,165,Moderate,999.8,41.3,2025,8,23,5,Saturday,9.7,900.0899999999999
2025-08-23,Chennai,Tamil Nadu,28.1,21.5,24.8,39.6,0.0,24.5,184,Moderate,994.4,98.7,2025,8,23,5,Saturday,6.600000000000001,982.08
2025-08-23,Kolkata,West Bengal,29.4,14.9,22.2,60.5,0.0,24.5,142,Moderate,1000.6,97.9,2025,8,23,5,Saturday,14.499999999999998,1343.1
2025-08-23,Hyderabad,Telangana,29.6,22.8,26.2,56.8,0.0,21.2,273,Poor,1019.2,32.1,2025,8,23,5,Saturday,6.800000000000001,1488.1599999999999
2025-08-23,Ahmedabad,Gujarat,42.2,31.2,36.7,53.8,0.0,9.7,66,Satisfactory,995.6,42.9,2025,8,23,5,Saturday,11.000000000000004,1974.46
2025-08-23,Jaipur,Rajasthan,31.4,22.7,27.1,46.6,46.5,9.7,307,Very Poor,998.3,32.1,2025,8,23,5,Saturday,8.7,1262.8600000000001
2025-08-23,Lucknow,Uttar Pradesh,35.6,29.2,32.4,76.1,0.0,5.9,264,Poor,1011.2,51.0,2025,8,23,5,Saturday,6.400000000000002,2465.64
2025-08-23,Bhopal,Madhya Pradesh,35.2,26.0,30.6,64.2,4.4,24.1,54,Satisfactory,1004.8,45.3,2025,8,23,5,Saturday,9.200000000000003,1964.5200000000002
2025-08-24,Mumbai,Maharashtra,42.8,28.5,35.7,82.9,0.0,12.2,272,Poor,1007.5,84.2,2025,8,24,6,Sunday,14.299999999999997,2959.5300000000007
2025-08-24,Delhi,Delhi,40.9,27.3,34.1,60.9,0.0,2.7,66,Satisfactory,1022.0,96.0,2025,8,24,6,Sunday,13.599999999999998,2076.69
2025-08-24,Bengaluru,Karnataka,35.7,27.4,31.5,52.3,0.0,15.3,138,Moderate,990.7,62.0,2025,8,24,6,Sunday,8.300000000000004,1647.4499999999998
2025-08-24,Chennai,Tamil Nadu,41.6,30.6,36.1,76.0,28.6,12.0,50,Good,1002.6,88.0,2025,8,24,6,Sunday,11.0,2743.6
2025-08-24,Kolkata,West Bengal,35.7,28.6,32.1,53.9,0.0,20.2,160,Moderate,1023.3,64.3,2025,8,24,6,Sunday,7.100000000000001,1730.19
2025-08-24,Hyderabad,Telangana,40.4,30.3,35.4,53.9,0.0,24.2,269,Poor,1018.1,44.9,2025,8,24,6,Sunday,10.099999999999998,1908.06
2025-08-24,Ahmedabad,Gujarat,34.1,28.3,31.2,63.6,0.0,10.7,346,Very Poor,990.4,34.6,2025,8,24,6,Sunday,5.800000000000001,1984.32
2025-08-24,Jaipur,Rajasthan,39.5,27.4,33.4,79.5,0.0,12.2,300,Poor,1020.5,42.4,2025,8,24,6,Sunday,12.100000000000001,2655.2999999999997
2025-08-24,Lucknow,Uttar Pradesh,41.8,29.0,35.4,32.4,1.6,22.1,303,Very Poor,991.5,35.8,2025,8,24,6,Sunday,12.799999999999997,1146.9599999999998
2025-08-24,Bhopal,Madhya Pradesh,30.0,15.2,22.6,61.8,0.0,10.3,247,Poor,1021.0,36.4,2025,8,24,6,Sunday,14.8,1396.68
2025-08-25,Mumbai,Maharashtra,34.4,20.0,27.2,40.4,0.0,11.3,156,Moderate,992.1,85.7,2025,8,25,0,Monday,14.399999999999999,1098.8799999999999
2025-08-25,Delhi,Delhi,34.9,25.8,30.3,61.8,0.0,18.7,321,Very Poor,992.3,54.8,2025,8,25,0,Monday,9.099999999999998,1872.54
2025-08-25,Bengaluru,Karnataka,33.0,26.0,29.5,36.4,26.7,7.7,59,Satisfactory,1006.8,48.5,2025,8,25,0,Monday,7.0,1073.8
2025-08-25,Chennai,Tamil Nadu,35.6,23.9,29.8,78.2,5.3,6.5,81,Satisfactory,1004.1,18.5,2025,8,25,0,Monday,11.700000000000003,2330.36
2025-08-25,Kolkata,West Bengal,39.2,28.9,34.1,69.1,0.0,16.0,146,Moderate,993.4,84.1,2025,8,25,0,Monday,10.300000000000004,2356.31
2025-08-25,Hyderabad,Telangana,38.2,23.2,30.7,60.9,0.0,19.6,261,Poor,1000.3,21.4,2025,8,25,0,Monday,15.000000000000004,1869.6299999999999
2025-08-25,Ahmedabad,Gujarat,31.2,20.2,25.7,57.2,0.0,22.0,165,Moderate,992.6,7.9,2025,8,25,0,Monday,11.0,1470.04
2025-08-25,Jaipur,Rajasthan,28.5,16.0,22.2,53.0,0.0,8.9,154,Moderate,1009.9,87.1,2025,8,25,0,Monday,12.5,1176.6
2025-08-25,Lucknow,Uttar Pradesh,31.4,18.6,25.0,31.5,3.1,5.6,198,Moderate,1005.1,58.8,2025,8,25,0,Monday,12.799999999999997,787.5
2025-08-25,Bhopal,Madhya Pradesh,36.5,24.9,30.7,54.7,13.9,17.6,272,Poor,1016.7,93.2,2025,8,25,0,Monday,11.600000000000001,1679.29
2025-08-26,Mumbai,Maharashtra,38.8,27.3,33.1,46.8,0.0,6.8,52,Satisfactory,1018.5,28.8,2025,8,26,1,Tuesday,11.499999999999996,1549.08
2025-08-26,Delhi,Delhi,33.6,20.4,27.0,56.9,67.9,15.5,70,Satisfactory,1014.5,29.9,2025,8,26,1,Tuesday,13.200000000000003,1536.3
2025-08-26,Bengaluru,Karnataka,35.7,30.5,33.1,60.3,17.6,16.7,168,Moderate,1012.6,43.4,2025,8,26,1,Tuesday,5.200000000000003,1995.93
2025-08-26,Chennai,Tamil Nadu,31.1,21.7,26.4,68.2,0.0,10.8,144,Moderate,1018.7,83.1,2025,8,26,1,Tuesday,9.400000000000002,1800.48
2025-08-26,Kolkata,West Bengal,34.0,19.3,26.6,83.8,0.0,17.6,278,Poor,1001.1,56.0,2025,8,26,1,Tuesday,14.7,2229.08
2025-08-26,Hyderabad,Telangana,41.7,33.5,37.6,45.4,8.5,5.4,92,Satisfactory,1021.9,50.9,2025,8,26,1,Tuesday,8.200000000000003,1707.04
2025-08-26,Ahmedabad,Gujarat,35.7,22.0,28.9,55.3,1.9,4.8,111,Moderate,991.4,10.3,2025,8,26,1,Tuesday,13.700000000000003,1598.1699999999998
2025-08-26,Jaipur,Rajasthan,25.1,15.9,20.5,75.4,0.0,18.9,188,Moderate,1010.2,86.8,2025,8,26,1,Tuesday,9.200000000000001,1545.7
2025-08-26,Lucknow,Uttar Pradesh,28.6,17.3,22.9,39.8,9.6,17.6,241,Poor,993.4,49.2,2025,8,26,1,Tuesday,11.3,911.4199999999998
2025-08-26,Bhopal,Madhya Pradesh,29.6,17.8,23.7,83.3,24.0,2.1,248,Poor,999.0,43.6,2025,8,26,1,Tuesday,11.8,1974.2099999999998
2025-08-27,Mumbai,Maharashtra,44.9,36.2,40.6,91.7,0.0,12.6,72,Satisfactory,1020.5,35.4,2025,8,27,2,Wednesday,8.699999999999996,3723.0200000000004
2025-08-27,Delhi,Delhi,35.5,26.1,30.8,44.9,0.0,24.9,111,Moderate,994.8,85.6,2025,8,27,2,Wednesday,9.399999999999999,1382.92
2025-08-27,Bengaluru,Karnataka,29.8,19.8,24.8,73.0,0.0,17.2,122,Moderate,1021.1,68.6,2025,8,27,2,Wednesday,10.0,1810.4
2025-08-27,Chennai,Tamil Nadu,35.2,23.7,29.4,38.8,0.0,16.3,172,Moderate,1012.3,97.3,2025,8,27,2,Wednesday,11.500000000000004,1140.7199999999998
2025-08-27,Kolkata,West Bengal,35.6,29.1,32.3,65.6,0.0,16.6,183,Moderate,1009.9,80.8,2025,8,27,2,Wednesday,6.5,2118.8799999999997
2025-08-27,Hyderabad,Telangana,34.5,27.9,31.2,78.3,0.0,19.7,86,Satisfactory,1013.6,72.1,2025,8,27,2,Wednesday,6.600000000000001,2442.96
2025-08-27,Ahmedabad,Gujarat,38.4,26.5,32.4,30.2,3.2,6.9,189,Moderate,999.3,12.4,2025,8,27,2,Wednesday,11.899999999999999,978.4799999999999
2025-08-27,Jaipur,Rajasthan,25.7,12.2,18.9,31.7,54.8,22.5,201,Poor,992.9,32.4,2025,8,27,2,Wednesday,13.5,599.13
2025-08-27,Lucknow,Uttar Pradesh,25.5,15.2,20.4,59.1,0.0,16.7,240,Poor,1005.0,46.3,2025,8,27,2,Wednesday,10.3,1205.6399999999999
2025-08-27,Bhopal,Madhya Pradesh,44.0,30.4,37.2,71.6,4.7,7.0,241,Poor,1010.6,53.0,2025,8,27,2,Wednesday,13.600000000000001,2663.52
2025-08-28,Mumbai,Maharashtra,28.7,16.8,22.8,70.8,1.9,22.7,91,Satisfactory,994.3,5.8,2025,8,28,3,Thursday,11.899999999999999,1614.24
2025-08-28,Delhi,Delhi,44.8,32.1,38.4,69.9,1.4,22.6,83,Satisfactory,1003.4,100.0,2025,8,28,3,Thursday,12.699999999999996,2684.1600000000003
2025-08-28,Bengaluru,Karnataka,32.7,19.0,25.9,72.2,0.0,7.4,279,Poor,1014.3,58.5,2025,8,28,3,Thursday,13.700000000000003,1869.98
2025-08-28,Chennai,Tamil Nadu,35.2,22.1,28.7,88.6,0.0,12.8,300,Poor,1024.0,66.3,2025,8,28,3,Thursday,13.100000000000001,2542.8199999999997
2025-08-28,Kolkata,West Bengal,35.1,24.6,29.8,73.1,0.0,7.5,169,Moderate,1004.8,25.1,2025,8,28,3,Thursday,10.5,2178.38
2025-08-28,Hyderabad,Telangana,42.5,27.7,35.1,67.5,1.5,10.5,186,Moderate,997.2,26.5,2025,8,28,3,Thursday,14.8,2369.25
2025-08-28,Ahmedabad,Gujarat,29.3,21.8,25.6,86.8,0.0,14.2,159,Moderate,992.1,69.9,2025,8,28,3,Thursday,7.5,2222.08
2025-08-28,Jaipur,Rajasthan,32.9,25.3,29.1,51.7,65.2,18.1,246,Poor,1010.2,29.6,2025,8,28,3,Thursday,7.599999999999998,1504.4700000000003
2025-08-28,Lucknow,Uttar Pradesh,43.1,37.4,40.3,58.8,1.6,22.2,60,Satisfactory,992.2,91.0,2025,8,28,3,Thursday,5.700000000000003,2369.64
2025-08-28,Bhopal,Madhya Pradesh,30.8,24.2,27.5,39.5,1.8,22.7,64,Satisfactory,1009.8,20.0,2025,8,28,3,Thursday,6.600000000000001,1086.25
2025-08-29,Mumbai,Maharashtra,34.9,22.2,28.6,70.3,0.0,14.7,101,Moderate,1010.9,5.5,2025,8,29,4,Friday,12.7,2010.58
2025-08-29,Delhi,Delhi,44.0,33.9,39.0,75.7,0.0,8.8,142,Moderate,1004.4,48.7,2025,8,29,4,Friday,10.100000000000001,2952.3
2025-08-29,Bengaluru,Karnataka,30.2,18.9,24.5,54.7,2.1,22.4,307,Very Poor,1009.4,31.5,2025,8,29,4,Friday,11.3,1340.15
2025-08-29,Chennai,Tamil Nadu,30.6,19.1,24.8,42.4,0.0,12.8,142,Moderate,1024.8,7.1,2025,8,29,4,Friday,11.5,1051.52
2025-08-29,Kolkata,West Bengal,43.4,31.9,37.7,65.2,0.0,8.3,162,Moderate,1001.8,50.6,2025,8,29,4,Friday,11.5,2458.0400000000004
2025-08-29,Hyderabad,Telangana,35.4,28.5,31.9,42.0,0.0,15.3,307,Very Poor,1000.9,21.8,2025,8,29,4,Friday,6.899999999999999,1339.8
2025-08-29,Ahmedabad,Gujarat,29.0,14.3,21.7,94.2,7.0,22.1,40,Good,1014.8,14.7,2025,8,29,4,Friday,14.7,2044.14
2025-08-29,Jaipur,Rajasthan,28.8,22.0,25.4,41.9,5.1,6.6,190,Moderate,993.2,68.3,2025,8,29,4,Friday,6.800000000000001,1064.26
2025-08-29,Lucknow,Uttar Pradesh,38.3,29.5,33.9,78.8,0.0,21.7,274,Poor,1003.2,17.9,2025,8,29,4,Friday,8.799999999999997,2671.3199999999997
2025-08-29,Bhopal,Madhya Pradesh,34.7,29.4,32.1,80.8,4.4,4.3,209,Poor,1011.5,39.2,2025,8,29,4,Friday,5.300000000000004,2593.68
2025-08-30,Mumbai,Maharashtra,26.8,15.9,21.3,80.5,0.0,10.4,323,Very Poor,990.7,43.8,2025,8,30,5,Saturday,10.9,1714.65
2025-08-30,Delhi,Delhi,28.9,19.1,24.0,67.2,33.1,8.8,247,Poor,1012.2,18.0,2025,8,30,5,Saturday,9.799999999999997,1612.8000000000002
2025-08-30,Bengaluru,Karnataka,30.6,23.3,26.9,38.1,0.0,19.9,309,Very Poor,1022.2,24.4,2025,8,30,5,Saturday,7.300000000000001,1024.8899999999999
2025-08-30,Chennai,Tamil Nadu,39.2,28.4,33.8,82.6,0.0,22.6,74,Satisfactory,993.5,98.1,2025,8,30,5,Saturday,10.800000000000004,2791.8799999999997
2025-08-30,Kolkata,West Bengal,38.2,26.6,32.4,90.5,3.3,24.5,115,Moderate,991.1,65.4,2025,8,30,5,Saturday,11.600000000000001,2932.2
2025-08-30,Hyderabad,Telangana,39.6,26.8,33.2,79.6,0.0,20.1,116,Moderate,1021.9,48.0,2025,8,30,5,Saturday,12.8,2642.7200000000003
2025-08-30,Ahmedabad,Gujarat,27.4,14.4,20.9,64.8,0.0,24.3,181,Moderate,1018.4,43.0,2025,8,30,5,Saturday,12.999999999999998,1354.32
2025-08-30,Jaipur,Rajasthan,43.6,36.5,40.0,82.2,0.0,13.0,100,Satisfactory,1014.7,11.4,2025,8,30,5,Saturday,7.100000000000001,3288.0
2025-08-30,Lucknow,Uttar Pradesh,33.1,22.0,27.6,39.4,3.9,23.1,226,Poor,995.8,23.0,2025,8,30,5,Saturday,11.100000000000001,1087.44
2025-08-30,Bhopal,Madhya Pradesh,34.1,21.9,28.0,48.7,0.0,18.8,233,Poor,1017.9,36.3,2025,8,30,5,Saturday,12.200000000000003,1363.6000000000001
2025-08-31,Mumbai,Maharashtra,28.6,15.7,22.1,48.3,0.0,16.8,215,Poor,1018.3,70.2,2025,8,31,6,Sunday,12.900000000000002,1067.43
2025-08-31,Delhi,Delhi,32.4,18.2,25.3,38.7,0.0,9.5,282,Poor,995.1,47.1,2025,8,31,6,Sunday,14.2,979.1100000000001
2025-08-31,Bengaluru,Karnataka,39.9,28.5,34.2,94.5,0.0,12.7,144,Moderate,1019.6,48.6,2025,8,31,6,Sunday,11.399999999999999,3231.9
2025-08-31,Chennai,Tamil Nadu,39.8,28.3,34.1,93.0,0.0,21.9,327,Very Poor,1002.3,81.9,2025,8,31,6,Sunday,11.499999999999996,3171.3
2025-08-31,Kolkata,West Bengal,37.5,25.2,31.3,92.3,45.8,17.5,269,Poor,1020.6,63.7,2025,8,31,6,Sunday,12.3,2888.99
2025-08-31,Hyderabad,Telangana,25.3,16.9,21.1,80.1,35.4,14.7,200,Moderate,996.7,49.9,2025,8,31,6,Sunday,8.400000000000002,1690.11
2025-08-31,Ahmedabad,Gujarat,44.8,32.6,38.7,63.8,4.4,10.2,337,Very Poor,1006.3,31.4,2025,8,31,6,Sunday,12.199999999999996,2469.06
2025-08-31,Jaipur,Rajasthan,39.0,30.1,34.6,41.9,0.0,11.6,149,Moderate,1019.8,98.0,2025,8,31,6,Sunday,8.899999999999999,1449.74
2025-08-31,Lucknow,Uttar Pradesh,30.9,18.2,24.5,59.2,0.0,2.0,65,Satisfactory,1023.0,45.9,2025,8,31,6,Sunday,12.7,1450.4
2025-08-31,Bhopal,Madhya Pradesh,28.3,20.1,24.2,65.9,31.5,19.5,158,Moderate,1018.9,35.7,2025,8,31,6,Sunday,8.2,1594.7800000000002
2025-09-01,Mumbai,Maharashtra,35.8,26.2,31.0,46.9,0.0,22.5,147,Moderate,1010.5,6.2,2025,9,1,0,Monday,9.599999999999998,1453.8999999999999
2025-09-01,Delhi,Delhi,25.5,19.6,22.6,41.6,0.0,11.1,93,Satisfactory,1000.7,44.0,2025,9,1,0,Monday,5.899999999999999,940.1600000000001
2025-09-01,Bengaluru,Karnataka,37.2,31.7,34.5,55.2,0.0,3.6,130,Moderate,1011.2,94.0,2025,9,1,0,Monday,5.5000000000000036,1904.4
2025-09-01,Chennai,Tamil Nadu,32.9,22.0,27.4,36.1,0.0,9.7,254,Poor,1003.1,37.8,2025,9,1,0,Monday,10.899999999999999,989.14
2025-09-01,Kolkata,West Bengal,31.9,23.7,27.8,50.9,0.0,10.4,188,Moderate,999.7,91.4,2025,9,1,0,Monday,8.2,1415.02
2025-09-01,Hyderabad,Telangana,29.7,14.9,22.3,46.0,0.0,11.3,156,Moderate,1020.5,50.1,2025,9,1,0,Monday,14.799999999999999,1025.8
2025-09-01,Ahmedabad,Gujarat,32.1,24.3,28.2,56.6,0.0,12.4,84,Satisfactory,996.1,15.1,2025,9,1,0,Monday,7.800000000000001,1596.12
2025-09-01,Jaipur,Rajasthan,31.3,21.8,26.5,42.6,0.0,24.9,317,Very Poor,1005.7,21.2,2025,9,1,0,Monday,9.5,1128.9
2025-09-01,Lucknow,Uttar Pradesh,29.6,15.4,22.5,37.7,22.9,15.2,161,Moderate,996.6,85.3,2025,9,1,0,Monday,14.200000000000001,848.2500000000001
2025-09-01,Bhopal,Madhya Pradesh,39.7,28.2,33.9,76.4,0.0,3.8,303,Very Poor,992.3,75.1,2025,9,1,0,Monday,11.500000000000004,2589.96
2025-09-02,Mumbai,Maharashtra,38.9,31.1,35.0,44.7,0.0,16.5,151,Moderate,1000.0,40.7,2025,9,2,1,Tuesday,7.799999999999997,1564.5
2025-09-02,Delhi,Delhi,34.2,22.5,28.3,80.9,11.8,15.4,185,Moderate,1022.2,96.6,2025,9,2,1,Tuesday,11.700000000000003,2289.4700000000003
2025-09-02,Bengaluru,Karnataka,43.3,34.7,39.0,46.9,0.8,24.5,317,Very Poor,1008.2,74.8,2025,9,2,1,Tuesday,8.599999999999994,1829.1
2025-09-02,Chennai,Tamil Nadu,35.9,29.2,32.5,85.1,5.8,3.4,128,Moderate,995.9,32.2,2025,9,2,1,Tuesday,6.699999999999999,2765.75
2025-09-02,Kolkata,West Bengal,41.8,30.8,36.3,35.4,0.0,2.9,320,Very Poor,1003.3,48.8,2025,9,2,1,Tuesday,10.999999999999996,1285.0199999999998
2025-09-02,Hyderabad,Telangana,43.2,33.2,38.2,60.6,0.0,2.1,238,Poor,992.7,22.0,2025,9,2,1,Tuesday,10.0,2314.92
2025-09-02,Ahmedabad,Gujarat,29.3,23.0,26.1,70.1,6.6,15.9,43,Good,1003.9,98.4,2025,9,2,1,Tuesday,6.300000000000001,1829.61
2025-09-02,Jaipur,Rajasthan,35.9,29.3,32.6,51.4,0.0,24.7,114,Moderate,1012.9,92.1,2025,9,2,1,Tuesday,6.599999999999998,1675.64
2025-09-02,Lucknow,Uttar Pradesh,31.4,22.7,27.1,84.5,0.0,22.5,349,Very Poor,1005.8,55.0,2025,9,2,1,Tuesday,8.7,2289.9500000000003
2025-09-02,Bhopal,Madhya Pradesh,42.4,28.4,35.4,68.1,9.6,18.6,265,Poor,1017.3,65.6,2025,9,2,1,Tuesday,14.0,2410.74
2025-09-03,Mumbai,Maharashtra,33.7,21.7,27.7,48.0,46.7,17.5,307,Very Poor,1010.9,34.7,2025,9,3,2,Wednesday,12.000000000000004,1329.6
2025-09-03,Delhi,Delhi,26.1,12.1,19.1,72.4,0.0,5.9,273,Poor,1001.2,96.3,2025,9,3,2,Wednesday,14.000000000000002,1382.8400000000001
2025-09-03,Bengaluru,Karnataka,43.3,35.3,39.3,35.4,5.7,14.5,185,Moderate,1003.9,5.4,2025,9,3,2,Wednesday,8.0,1391.2199999999998
2025-09-03,Chennai,Tamil Nadu,27.4,13.2,20.3,89.9,0.0,15.0,317,Very Poor,1015.5,90.9,2025,9,3,2,Wednesday,14.2,1824.9700000000003
2025-09-03,Kolkata,West Bengal,28.1,13.2,20.6,40.2,8.4,15.9,303,Very Poor,1020.4,65.5,2025,9,3,2,Wednesday,14.900000000000002,828.1200000000001
2025-09-03,Hyderabad,Telangana,28.1,14.4,21.3,94.5,0.0,21.1,245,Poor,995.9,54.0,2025,9,3,2,Wednesday,13.700000000000001,2012.8500000000001
2025-09-03,Ahmedabad,Gujarat,38.2,26.5,32.4,50.9,9.7,21.9,218,Poor,1021.2,73.4,2025,9,3,2,Wednesday,11.700000000000003,1649.1599999999999
2025-09-03,Jaipur,Rajasthan,34.1,24.7,29.4,57.6,0.0,19.0,304,Very Poor,1008.5,14.2,2025,9,3,2,Wednesday,9.400000000000002,1693.44
2025-09-03,Lucknow,Uttar Pradesh,42.4,34.7,38.6,81.1,0.0,3.8,90,Satisfactory,1017.5,23.6,2025,9,3,2,Wednesday,7.699999999999996,3130.46
2025-09-03,Bhopal,Madhya Pradesh,29.2,21.9,25.5,73.8,6.4,10.0,259,Poor,1006.0,16.9,2025,9,3,2,Wednesday,7.300000000000001,1881.8999999999999
2025-09-04,Mumbai,Maharashtra,32.5,21.2,26.9,57.8,0.0,12.0,125,Moderate,997.1,64.3,2025,9,4,3,Thursday,11.3,1554.82
2025-09-04,Delhi,Delhi,33.6,28.0,30.8,80.5,72.4,24.3,315,Very Poor,1021.8,97.3,2025,9,4,3,Thursday,5.600000000000001,2479.4
2025-09-04,Bengaluru,Karnataka,27.3,17.9,22.6,35.0,47.1,24.3,183,Moderate,999.1,60.3,2025,9,4,3,Thursday,9.400000000000002,791.0
2025-09-04,Chennai,Tamil Nadu,35.9,25.6,30.8,89.4,0.0,19.3,348,Very Poor,1013.9,65.0,2025,9,4,3,Thursday,10.299999999999997,2753.5200000000004
2025-09-04,Kolkata,West Bengal,31.7,21.6,26.7,93.6,0.0,7.7,194,Moderate,1003.2,49.2,2025,9,4,3,Thursday,10.099999999999998,2499.12
2025-09-04,Hyderabad,Telangana,43.0,37.0,40.0,46.1,61.5,22.6,147,Moderate,1015.3,7.0,2025,9,4,3,Thursday,6.0,1844.0
2025-09-04,Ahmedabad,Gujarat,42.3,30.7,36.5,43.6,0.0,22.7,112,Moderate,991.4,63.3,2025,9,4,3,Thursday,11.599999999999998,1591.4
2025-09-04,Jaipur,Rajasthan,44.8,39.2,42.0,70.1,0.0,11.9,148,Moderate,996.5,80.9,2025,9,4,3,Thursday,5.599999999999994,2944.2
2025-09-04,Lucknow,Uttar Pradesh,28.7,16.5,22.6,83.1,4.7,17.0,331,Very Poor,1013.1,31.2,2025,9,4,3,Thursday,12.2,1878.06
2025-09-04,Bhopal,Madhya Pradesh,29.3,20.5,24.9,48.4,9.3,2.1,340,Very Poor,1014.0,26.9,2025,9,4,3,Thursday,8.8,1205.1599999999999
2025-09-05,Mumbai,Maharashtra,35.6,25.0,30.3,53.2,0.0,16.7,318,Very Poor,1006.5,73.1,2025,9,5,4,Friday,10.600000000000001,1611.96
2025-09-05,Delhi,Delhi,26.0,19.9,23.0,74.6,0.0,15.2,337,Very Poor,1002.2,53.3,2025,9,5,4,Friday,6.100000000000001,1715.8
2025-09-05,Bengaluru,Karnataka,40.2,27.2,33.7,38.1,17.4,17.7,121,Moderate,990.7,50.2,2025,9,5,4,Friday,13.000000000000004,1283.9700000000003
2025-09-05,Chennai,Tamil Nadu,35.8,29.0,32.4,33.7,3.3,12.9,62,Satisfactory,1000.2,59.2,2025,9,5,4,Friday,6.799999999999997,1091.88
2025-09-05,Kolkata,West Bengal,38.2,31.8,35.0,48.2,42.6,9.5,161,Moderate,999.8,21.0,2025,9,5,4,Friday,6.400000000000002,1687.0
2025-09-05,Hyderabad,Telangana,28.6,22.3,25.5,85.7,0.0,2.3,143,Moderate,1017.8,71.7,2025,9,5,4,Friday,6.300000000000001,2185.35
2025-09-05,Ahmedabad,Gujarat,26.6,18.0,22.3,41.8,47.1,10.1,290,Poor,1009.5,23.1,2025,9,5,4,Friday,8.600000000000001,932.14
2025-09-05,Jaipur,Rajasthan,25.8,13.9,19.8,55.5,5.8,6.7,127,Moderate,1008.6,45.6,2025,9,5,4,Friday,11.9,1098.9
2025-09-05,Lucknow,Uttar Pradesh,34.9,20.4,27.7,91.7,71.9,7.7,199,Moderate,1011.0,87.6,2025,9,5,4,Friday,14.5,2540.09
2025-09-05,Bhopal,Madhya Pradesh,32.4,20.9,26.6,41.2,0.0,20.5,208,Poor,1000.2,50.9,2025,9,5,4,Friday,11.5,1095.92
2025-09-06,Mumbai,Maharashtra,40.3,26.5,33.4,82.3,0.0,2.7,139,Moderate,998.6,39.8,2025,9,6,5,Saturday,13.799999999999997,2748.8199999999997
2025-09-06,Delhi,Delhi,26.9,21.4,24.1,57.3,0.0,6.8,179,Moderate,992.8,46.1,2025,9,6,5,Saturday,5.5,1380.93
2025-09-06,Bengaluru,Karnataka,43.3,37.0,40.2,70.0,0.0,11.8,300,Poor,1002.7,77.7,2025,9,6,5,Saturday,6.299999999999997,2814.0
2025-09-06,Chennai,Tamil Nadu,28.0,21.3,24.6,57.4,67.4,6.2,239,Poor,1016.7,62.7,2025,9,6,5,Saturday,6.699999999999999,1412.04
2025-09-06,Kolkata,West Bengal,30.3,24.3,27.3,65.3,6.2,12.2,90,Satisfactory,1024.8,40.5,2025,9,6,5,Saturday,6.0,1782.69
2025-09-06,Hyderabad,Telangana,37.4,29.7,33.5,89.9,0.0,16.9,229,Poor,1002.8,39.6,2025,9,6,5,Saturday,7.699999999999999,3011.65
2025-09-06,Ahmedabad,Gujarat,29.4,23.0,26.2,72.7,0.0,12.3,298,Poor,997.4,25.7,2025,9,6,5,Saturday,6.399999999999999,1904.74
2025-09-06,Jaipur,Rajasthan,36.7,28.6,32.6,46.3,2.2,7.8,268,Poor,1001.6,73.4,2025,9,6,5,Saturday,8.100000000000001,1509.3799999999999
2025-09-06,Lucknow,Uttar Pradesh,29.1,20.3,24.7,86.5,0.0,24.4,68,Satisfactory,1008.4,73.3,2025,9,6,5,Saturday,8.8,2136.5499999999997
2025-09-06,Bhopal,Madhya Pradesh,41.7,30.6,36.1,41.4,3.9,19.1,183,Moderate,1007.2,47.9,2025,9,6,5,Saturday,11.100000000000001,1494.54
2025-09-07,Mumbai,Maharashtra,25.7,17.1,21.4,38.4,0.0,13.1,203,Poor,1021.1,44.3,2025,9,7,6,Sunday,8.599999999999998,821.7599999999999
2025-09-07,Delhi,Delhi,28.4,20.5,24.5,62.9,0.0,20.7,76,Satisfactory,994.1,6.8,2025,9,7,6,Sunday,7.899999999999999,1541.05
2025-09-07,Bengaluru,Karnataka,38.7,25.8,32.3,33.2,0.0,7.8,322,Very Poor,1003.0,95.0,2025,9,7,6,Sunday,12.900000000000002,1072.36
2025-09-07,Chennai,Tamil Nadu,37.5,26.7,32.1,43.7,0.0,20.8,285,Poor,997.4,25.3,2025,9,7,6,Sunday,10.8,1402.7700000000002
2025-09-07,Kolkata,West Bengal,36.2,25.6,30.9,67.3,0.0,7.7,332,Very Poor,1007.6,57.9,2025,9,7,6,Sunday,10.600000000000001,2079.5699999999997
2025-09-07,Hyderabad,Telangana,29.9,20.5,25.2,93.8,0.0,21.6,92,Satisfactory,1007.1,97.4,2025,9,7,6,Sunday,9.399999999999999,2363.7599999999998
2025-09-07,Ahmedabad,Gujarat,38.8,26.8,32.8,76.7,0.0,9.5,266,Poor,1013.6,10.2,2025,9,7,6,Sunday,11.999999999999996,2515.7599999999998
2025-09-07,Jaipur,Rajasthan,35.5,28.8,32.2,44.7,0.0,15.4,276,Poor,1023.7,33.1,2025,9,7,6,Sunday,6.699999999999999,1439.3400000000001
2025-09-07,Lucknow,Uttar Pradesh,39.5,33.8,36.7,90.5,0.0,20.9,51,Satisfactory,1007.3,80.9,2025,9,7,6,Sunday,5.700000000000003,3321.3500000000004
2025-09-07,Bhopal,Madhya Pradesh,30.0,24.1,27.1,59.5,0.0,10.4,216,Poor,992.2,77.8,2025,9,7,6,Sunday,5.899999999999999,1612.45
2025-09-08,Mumbai,Maharashtra,43.6,34.3,39.0,56.1,0.0,13.2,105,Moderate,1008.3,57.1,2025,9,8,0,Monday,9.300000000000004,2187.9
2025-09-08,Delhi,Delhi,43.5,31.5,37.5,46.8,0.0,14.8,169,Moderate,994.2,28.9,2025,9,8,0,Monday,12.0,1755.0
2025-09-08,Bengaluru,Karnataka,38.1,30.3,34.2,91.8,0.0,21.2,192,Moderate,1022.3,22.8,2025,9,8,0,Monday,7.800000000000001,3139.56
2025-09-08,Chennai,Tamil Nadu,28.1,16.0,22.1,84.1,0.0,9.1,136,Moderate,1001.3,19.8,2025,9,8,0,Monday,12.100000000000001,1858.61
2025-09-08,Kolkata,West Bengal,43.1,34.9,39.0,47.8,3.9,6.6,334,Very Poor,1016.3,77.8,2025,9,8,0,Monday,8.200000000000003,1864.1999999999998
2025-09-08,Hyderabad,Telangana,42.8,36.9,39.8,59.5,0.0,10.5,181,Moderate,1007.2,44.3,2025,9,8,0,Monday,5.899999999999999,2368.1
2025-09-08,Ahmedabad,Gujarat,32.4,17.7,25.0,82.2,38.7,4.1,215,Poor,995.0,95.6,2025,9,8,0,Monday,14.7,2055.0
2025-09-08,Jaipur,Rajasthan,28.2,13.7,20.9,93.4,0.0,11.4,336,Very Poor,1010.3,99.3,2025,9,8,0,Monday,14.5,1952.06
2025-09-08,Lucknow,Uttar Pradesh,43.4,37.5,40.5,79.2,0.0,19.2,88,Satisfactory,993.2,94.4,2025,9,8,0,Monday,5.899999999999999,3207.6
2025-09-08,Bhopal,Madhya Pradesh,34.2,19.3,26.7,94.2,68.7,23.3,224,Poor,1011.8,74.8,2025,9,8,0,Monday,14.900000000000002,2515.14
2025-09-09,Mumbai,Maharashtra,35.1,21.3,28.2,78.0,0.0,9.6,302,Very Poor,1008.0,63.2,2025,9,9,1,Tuesday,13.8,2199.6
2025-09-09,Delhi,Delhi,25.6,19.0,22.3,89.9,0.0,2.2,215,Poor,1016.5,69.8,2025,9,9,1,Tuesday,6.600000000000001,2004.7700000000002
2025-09-09,Bengaluru,Karnataka,38.8,28.5,33.6,45.5,64.8,23.9,46,Good,1016.2,10.2,2025,9,9,1,Tuesday,10.299999999999997,1528.8
2025-09-09,Chennai,Tamil Nadu,39.8,34.2,37.0,50.5,0.0,3.3,51,Satisfactory,1023.2,62.8,2025,9,9,1,Tuesday,5.599999999999994,1868.5
2025-09-09,Kolkata,West Bengal,41.7,35.1,38.4,82.2,6.1,12.5,120,Moderate,1012.3,87.6,2025,9,9,1,Tuesday,6.600000000000001,3156.48
2025-09-09,Hyderabad,Telangana,32.3,17.3,24.8,63.0,0.0,13.5,226,Poor,999.0,27.6,2025,9,9,1,Tuesday,14.999999999999996,1562.4
2025-09-09,Ahmedabad,Gujarat,28.7,18.1,23.4,75.9,0.0,24.8,146,Moderate,1024.3,80.9,2025,9,9,1,Tuesday,10.599999999999998,1776.06
2025-09-09,Jaipur,Rajasthan,43.7,28.8,36.3,60.0,0.0,13.5,70,Satisfactory,1011.3,34.7,2025,9,9,1,Tuesday,14.900000000000002,2178.0
2025-09-09,Lucknow,Uttar Pradesh,40.6,31.5,36.1,72.2,0.0,16.2,99,Satisfactory,1001.3,82.8,2025,9,9,1,Tuesday,9.100000000000001,2606.42
2025-09-09,Bhopal,Madhya Pradesh,30.8,21.4,26.1,78.1,0.0,7.4,293,Poor,1017.0,23.7,2025,9,9,1,Tuesday,9.400000000000002,2038.4099999999999
2025-09-10,Mumbai,Maharashtra,43.7,28.8,36.3,85.7,0.0,5.8,205,Poor,991.7,65.9,2025,9,10,2,Wednesday,14.900000000000002,3110.91
2025-09-10,Delhi,Delhi,43.3,33.7,38.5,71.7,68.1,11.9,263,Poor,992.9,20.5,2025,9,10,2,Wednesday,9.599999999999994,2760.4500000000003
2025-09-10,Bengaluru,Karnataka,31.5,18.7,25.1,78.7,7.0,16.5,224,Poor,990.1,54.0,2025,9,10,2,Wednesday,12.8,1975.3700000000001
2025-09-10,Chennai,Tamil Nadu,44.2,32.7,38.5,67.4,0.0,5.1,240,Poor,991.8,36.3,2025,9,10,2,Wednesday,11.5,2594.9
2025-09-10,Kolkata,West Bengal,42.3,29.2,35.8,49.2,0.0,10.5,154,Moderate,1009.6,7.9,2025,9,10,2,Wednesday,13.099999999999998,1761.36
2025-09-10,Hyderabad,Telangana,36.2,26.9,31.5,73.4,0.0,4.3,164,Moderate,998.3,13.3,2025,9,10,2,Wednesday,9.300000000000004,2312.1000000000004
2025-09-10,Ahmedabad,Gujarat,39.2,31.4,35.3,30.2,0.0,8.8,239,Poor,1007.2,14.6,2025,9,10,2,Wednesday,7.800000000000004,1066.06
2025-09-10,Jaipur,Rajasthan,39.7,27.6,33.6,51.4,0.0,8.0,198,Moderate,1014.6,72.3,2025,9,10,2,Wednesday,12.100000000000001,1727.04
2025-09-10,Lucknow,Uttar Pradesh,43.5,37.0,40.2,61.0,0.0,13.3,236,Poor,1010.6,5.3,2025,9,10,2,Wednesday,6.5,2452.2000000000003
2025-09-10,Bhopal,Madhya Pradesh,34.8,27.6,31.2,31.0,1.6,16.9,167,Moderate,995.4,91.6,2025,9,10,2,Wednesday,7.199999999999996,967.1999999999999
2025-09-11,Mumbai,Maharashtra,40.4,33.7,37.0,60.6,5.3,11.2,128,Moderate,999.9,97.4,2025,9,11,3,Thursday,6.699999999999996,2242.2000000000003
2025-09-11,Delhi,Delhi,27.6,19.6,23.6,51.3,1.4,9.3,257,Poor,1024.8,67.2,2025,9,11,3,Thursday,8.0,1210.68
2025-09-11,Bengaluru,Karnataka,36.1,25.6,30.9,31.3,0.0,20.3,325,Very Poor,1008.7,32.1,2025,9,11,3,Thursday,10.5,967.17
2025-09-11,Chennai,Tamil Nadu,25.3,17.6,21.5,87.6,4.9,5.4,113,Moderate,997.5,99.9,2025,9,11,3,Thursday,7.699999999999999,1883.3999999999999
2025-09-11,Kolkata,West Bengal,35.8,27.8,31.8,85.3,9.6,20.7,109,Moderate,1018.8,46.8,2025,9,11,3,Thursday,7.9999999999999964,2712.54
2025-09-11,Hyderabad,Telangana,32.7,20.2,26.5,94.6,0.0,23.7,244,Poor,1006.9,73.1,2025,9,11,3,Thursday,12.500000000000004,2506.8999999999996
2025-09-11,Ahmedabad,Gujarat,42.8,35.2,39.0,58.7,0.0,6.5,109,Moderate,998.3,99.4,2025,9,11,3,Thursday,7.599999999999994,2289.3
2025-09-11,Jaipur,Rajasthan,42.4,36.6,39.5,41.8,0.0,7.3,333,Very Poor,1008.6,10.0,2025,9,11,3,Thursday,5.799999999999997,1651.1
2025-09-11,Lucknow,Uttar Pradesh,32.2,22.3,27.3,36.8,0.0,16.5,229,Poor,1017.8,8.0,2025,9,11,3,Thursday,9.900000000000002,1004.64
2025-09-11,Bhopal,Madhya Pradesh,41.3,31.9,36.6,92.4,0.0,24.9,302,Very Poor,1000.3,41.9,2025,9,11,3,Thursday,9.399999999999999,3381.84
2025-09-12,Mumbai,Maharashtra,43.6,29.2,36.4,66.3,6.7,9.0,312,Very Poor,1016.1,34.2,2025,9,12,4,Friday,14.400000000000002,2413.3199999999997
2025-09-12,Delhi,Delhi,27.9,17.2,22.5,63.8,0.0,24.3,156,Moderate,1022.9,16.3,2025,9,12,4,Friday,10.7,1435.5
2025-09-12,Bengaluru,Karnataka,34.3,24.5,29.4,49.4,0.0,17.0,308,Very Poor,992.6,61.8,2025,9,12,4,Friday,9.799999999999997,1452.36
2025-09-12,Chennai,Tamil Nadu,38.0,28.3,33.1,92.3,0.0,19.5,306,Very Poor,990.7,11.1,2025,9,12,4,Friday,9.7,3055.13
2025-09-12,Kolkata,West Bengal,25.9,14.1,20.0,50.7,69.3,4.2,323,Very Poor,1004.8,59.5,2025,9,12,4,Friday,11.799999999999999,1014.0
2025-09-12,Hyderabad,Telangana,30.3,24.6,27.5,43.1,5.0,3.7,166,Moderate,1016.6,67.7,2025,9,12,4,Friday,5.699999999999999,1185.25
2025-09-12,Ahmedabad,Gujarat,36.4,23.7,30.1,47.0,19.6,19.0,324,Very Poor,1013.1,12.9,2025,9,12,4,Friday,12.7,1414.7
2025-09-12,Jaipur,Rajasthan,30.9,18.5,24.7,87.5,2.5,17.2,176,Moderate,1022.0,55.0,2025,9,12,4,Friday,12.399999999999999,2161.25
2025-09-12,Lucknow,Uttar Pradesh,37.7,27.1,32.4,34.0,0.0,18.8,179,Moderate,990.2,33.9,2025,9,12,4,Friday,10.600000000000001,1101.6
2025-09-12,Bhopal,Madhya Pradesh,43.8,35.5,39.6,80.9,0.0,11.9,193,Moderate,992.0,59.3,2025,9,12,4,Friday,8.299999999999997,3203.6400000000003
2025-09-13,Mumbai,Maharashtra,39.1,32.2,35.6,68.5,0.0,16.1,99,Satisfactory,1020.9,51.4,2025,9,13,5,Saturday,6.899999999999999,2438.6
2025-09-13,Delhi,Delhi,42.7,34.1,38.4,77.5,3.3,5.6,45,Good,1020.3,41.8,2025,9,13,5,Saturday,8.600000000000001,2976.0
2025-09-13,Bengaluru,Karnataka,31.1,18.3,24.7,85.9,0.0,21.2,207,Poor,1001.1,41.6,2025,9,13,5,Saturday,12.8,2121.73
2025-09-13,Chennai,Tamil Nadu,42.7,31.9,37.3,43.5,16.7,20.9,248,Poor,1016.8,52.2,2025,9,13,5,Saturday,10.800000000000004,1622.55
2025-09-13,Kolkata,West Bengal,27.5,16.3,21.9,82.7,0.0,8.0,253,Poor,1017.0,36.5,2025,9,13,5,Saturday,11.2,1811.1299999999999
2025-09-13,Hyderabad,Telangana,40.5,27.3,33.9,86.8,0.0,13.6,177,Moderate,993.6,91.5,2025,9,13,5,Saturday,13.2,2942.52
2025-09-13,Ahmedabad,Gujarat,42.5,30.4,36.4,85.7,8.9,7.2,41,Good,1024.6,78.9,2025,9,13,5,Saturday,12.100000000000001,3119.48
2025-09-13,Jaipur,Rajasthan,43.5,35.6,39.6,57.1,74.1,15.0,152,Moderate,1001.1,31.5,2025,9,13,5,Saturday,7.899999999999999,2261.1600000000003
2025-09-13,Lucknow,Uttar Pradesh,28.6,16.9,22.8,64.3,0.0,7.5,179,Moderate,1008.7,49.5,2025,9,13,5,Saturday,11.700000000000003,1466.04
2025-09-13,Bhopal,Madhya Pradesh,31.3,19.0,25.2,61.3,0.0,2.5,116,Moderate,997.1,28.0,2025,9,13,5,Saturday,12.3,1544.76
2025-09-14,Mumbai,Maharashtra,29.8,22.1,25.9,47.1,0.0,8.1,229,Poor,1023.9,55.9,2025,9,14,6,Sunday,7.699999999999999,1219.8899999999999
2025-09-14,Delhi,Delhi,39.7,31.4,35.5,93.0,0.0,20.2,72,Satisfactory,993.8,57.6,2025,9,14,6,Sunday,8.300000000000004,3301.5
2025-09-14,Bengaluru,Karnataka,34.1,26.3,30.2,88.7,0.6,22.4,118,Moderate,1020.7,97.8,2025,9,14,6,Sunday,7.800000000000001,2678.7400000000002
2025-09-14,Chennai,Tamil Nadu,30.5,21.5,26.0,64.9,0.0,2.4,280,Poor,1015.1,88.9,2025,9,14,6,Sunday,9.0,1687.4
2025-09-14,Kolkata,West Bengal,27.3,13.0,20.2,63.9,0.0,9.6,274,Poor,1024.1,50.0,2025,9,14,6,Sunday,14.3,1290.78
2025-09-14,Hyderabad,Telangana,37.1,31.1,34.1,65.3,0.0,21.8,259,Poor,1011.8,8.7,2025,9,14,6,Sunday,6.0,2226.73
2025-09-14,Ahmedabad,Gujarat,43.1,31.3,37.2,54.7,5.9,13.5,99,Satisfactory,990.9,35.6,2025,9,14,6,Sunday,11.8,2034.8400000000004
2025-09-14,Jaipur,Rajasthan,32.8,25.4,29.1,84.2,0.0,2.1,226,Poor,997.7,76.8,2025,9,14,6,Sunday,7.399999999999999,2450.2200000000003
2025-09-14,Lucknow,Uttar Pradesh,35.8,28.0,31.9,34.9,0.0,8.8,68,Satisfactory,1010.1,99.3,2025,9,14,6,Sunday,7.799999999999997,1113.31
2025-09-14,Bhopal,Madhya Pradesh,34.5,23.4,29.0,83.5,0.0,12.0,210,Poor,1011.7,90.6,2025,9,14,6,Sunday,11.100000000000001,2421.5
2025-09-15,Mumbai,Maharashtra,37.1,28.7,32.9,68.7,0.0,6.5,67,Satisfactory,1010.4,33.3,2025,9,15,0,Monday,8.400000000000002,2260.23
2025-09-15,Delhi,Delhi,41.5,35.8,38.7,71.1,0.0,19.5,40,Good,993.4,84.1,2025,9,15,0,Monday,5.700000000000003,2751.57
2025-09-15,Bengaluru,Karnataka,42.8,37.1,40.0,89.9,8.7,3.7,206,Poor,994.7,40.1,2025,9,15,0,Monday,5.699999999999996,3596.0
2025-09-15,Chennai,Tamil Nadu,42.4,31.9,37.2,73.2,6.8,24.5,328,Very Poor,990.7,24.7,2025,9,15,0,Monday,10.5,2723.0400000000004
2025-09-15,Kolkata,West Bengal,40.8,33.2,37.0,93.3,8.7,20.0,340,Very Poor,997.7,68.6,2025,9,15,0,Monday,7.599999999999994,3452.1
2025-09-15,Hyderabad,Telangana,38.5,25.4,31.9,36.5,0.0,14.7,328,Very Poor,1016.3,56.9,2025,9,15,0,Monday,13.100000000000001,1164.35
2025-09-15,Ahmedabad,Gujarat,38.9,32.7,35.8,90.7,0.0,25.0,184,Moderate,1001.6,52.1,2025,9,15,0,Monday,6.199999999999996,3247.06
2025-09-15,Jaipur,Rajasthan,27.0,17.1,22.1,39.7,8.0,11.9,193,Moderate,990.1,8.5,2025,9,15,0,Monday,9.899999999999999,877.3700000000001
2025-09-15,Lucknow,Uttar Pradesh,38.6,25.4,32.0,69.0,9.8,7.3,226,Poor,1001.9,69.9,2025,9,15,0,Monday,13.200000000000003,2208.0
2025-09-15,Bhopal,Madhya Pradesh,32.4,26.3,29.3,52.3,0.0,10.7,222,Poor,1010.1,60.2,2025,9,15,0,Monday,6.099999999999998,1532.3899999999999
2025-09-16,Mumbai,Maharashtra,34.8,25.0,29.9,83.4,47.5,6.2,297,Poor,1015.4,50.0,2025,9,16,1,Tuesday,9.799999999999997,2493.66
2025-09-16,Delhi,Delhi,33.1,25.1,29.1,43.5,0.0,18.4,223,Poor,991.2,22.3,2025,9,16,1,Tuesday,8.0,1265.8500000000001
2025-09-16,Bengaluru,Karnataka,34.3,20.9,27.6,69.5,0.0,21.2,43,Good,1020.4,97.1,2025,9,16,1,Tuesday,13.399999999999999,1918.2
2025-09-16,Chennai,Tamil Nadu,42.5,36.8,39.6,64.3,0.0,15.7,223,Poor,1014.2,6.8,2025,9,16,1,Tuesday,5.700000000000003,2546.28
2025-09-16,Kolkata,West Bengal,35.4,24.4,29.9,34.9,22.4,10.2,261,Poor,1005.2,42.1,2025,9,16,1,Tuesday,11.0,1043.51
2025-09-16,Hyderabad,Telangana,30.2,24.5,27.3,54.6,0.0,20.6,46,Good,992.3,36.4,2025,9,16,1,Tuesday,5.699999999999999,1490.5800000000002
2025-09-16,Ahmedabad,Gujarat,43.2,31.2,37.2,54.0,0.0,5.3,265,Poor,1019.7,24.2,2025,9,16,1,Tuesday,12.000000000000004,2008.8000000000002
2025-09-16,Jaipur,Rajasthan,29.5,23.6,26.6,88.5,0.0,14.7,273,Poor,1004.3,76.9,2025,9,16,1,Tuesday,5.899999999999999,2354.1
2025-09-16,Lucknow,Uttar Pradesh,41.4,31.2,36.3,82.1,1.6,4.4,166,Moderate,1009.3,73.5,2025,9,16,1,Tuesday,10.2,2980.2299999999996
2025-09-16,Bhopal,Madhya Pradesh,25.9,12.0,18.9,32.8,9.1,23.3,313,Very Poor,1021.7,89.9,2025,9,16,1,Tuesday,13.899999999999999,619.9199999999998
2025-09-17,Mumbai,Maharashtra,35.2,24.6,29.9,70.3,9.0,17.5,99,Satisfactory,1011.6,92.6,2025,9,17,2,Wednesday,10.600000000000001,2101.97
2025-09-17,Delhi,Delhi,28.9,14.0,21.4,66.0,4.9,6.1,283,Poor,996.1,80.6,2025,9,17,2,Wednesday,14.899999999999999,1412.3999999999999
2025-09-17,Bengaluru,Karnataka,29.5,16.1,22.8,61.2,0.0,5.2,337,Very Poor,999.8,36.7,2025,9,17,2,Wednesday,13.399999999999999,1395.3600000000001
2025-09-17,Chennai,Tamil Nadu,30.3,21.0,25.6,78.7,0.0,7.6,266,Poor,1024.5,40.0,2025,9,17,2,Wednesday,9.3,2014.7200000000003
2025-09-17,Kolkata,West Bengal,41.8,33.3,37.6,53.2,0.0,19.2,47,Good,1020.2,27.3,2025,9,17,2,Wednesday,8.5,2000.3200000000002
2025-09-17,Hyderabad,Telangana,30.5,18.7,24.6,89.5,25.6,20.6,290,Poor,1015.7,70.4,2025,9,17,2,Wednesday,11.8,2201.7000000000003
2025-09-17,Ahmedabad,Gujarat,42.2,29.0,35.6,37.9,0.0,6.9,163,Moderate,1017.5,37.7,2025,9,17,2,Wednesday,13.200000000000003,1349.24
2025-09-17,Jaipur,Rajasthan,32.5,25.4,29.0,91.0,0.0,10.6,315,Very Poor,1004.5,5.7,2025,9,17,2,Wednesday,7.100000000000001,2639.0
2025-09-17,Lucknow,Uttar Pradesh,42.0,28.5,35.3,82.4,54.4,18.4,116,Moderate,1012.1,79.9,2025,9,17,2,Wednesday,13.5,2908.72
2025-09-17,Bhopal,Madhya Pradesh,44.3,39.2,41.7,72.1,69.7,11.4,89,Satisfactory,1020.0,36.9,2025,9,17,2,Wednesday,5.099999999999994,3006.57
2025-09-18,Mumbai,Maharashtra,30.5,22.5,26.5,71.0,0.0,7.1,108,Moderate,1000.4,31.6,2025,9,18,3,Thursday,8.0,1881.5
2025-09-18,Delhi,Delhi,34.3,20.8,27.5,36.5,8.6,20.8,65,Satisfactory,1000.7,95.7,2025,9,18,3,Thursday,13.499999999999996,1003.75
2025-09-18,Bengaluru,Karnataka,35.6,28.0,31.8,56.5,0.0,18.1,166,Moderate,1023.3,52.0,2025,9,18,3,Thursday,7.600000000000001,1796.7
2025-09-18,Chennai,Tamil Nadu,44.5,31.2,37.8,91.1,0.0,21.9,72,Satisfactory,1022.7,30.4,2025,9,18,3,Thursday,13.3,3443.5799999999995
2025-09-18,Kolkata,West Bengal,29.0,17.7,23.4,47.7,34.5,12.4,62,Satisfactory,1007.4,38.1,2025,9,18,3,Thursday,11.3,1116.18
2025-09-18,Hyderabad,Telangana,34.9,22.1,28.5,91.9,0.0,20.9,229,Poor,1002.0,15.9,2025,9,18,3,Thursday,12.799999999999997,2619.15
2025-09-18,Ahmedabad,Gujarat,42.9,36.1,39.5,31.4,8.9,3.4,318,Very Poor,1021.2,44.8,2025,9,18,3,Thursday,6.799999999999997,1240.3
2025-09-18,Jaipur,Rajasthan,26.3,12.5,19.4,73.8,5.6,15.7,177,Moderate,1015.4,73.1,2025,9,18,3,Thursday,13.8,1431.7199999999998
2025-09-18,Lucknow,Uttar Pradesh,29.1,14.9,22.0,90.2,0.0,21.8,229,Poor,993.4,99.1,2025,9,18,3,Thursday,14.200000000000001,1984.4
2025-09-18,Bhopal,Madhya Pradesh,25.5,11.6,18.5,74.5,0.0,23.0,141,Moderate,1012.2,6.6,2025,9,18,3,Thursday,13.9,1378.25
2025-09-19,Mumbai,Maharashtra,37.0,30.5,33.7,36.4,0.0,10.6,277,Poor,992.1,75.1,2025,9,19,4,Friday,6.5,1226.68
2025-09-19,Delhi,Delhi,41.6,30.1,35.8,80.3,0.0,3.2,327,Very Poor,1000.2,69.9,2025,9,19,4,Friday,11.5,2874.74
2025-09-19,Bengaluru,Karnataka,30.1,18.4,24.3,61.1,0.0,7.0,216,Poor,1021.3,8.9,2025,9,19,4,Friday,11.700000000000003,1484.73
2025-09-19,Chennai,Tamil Nadu,43.6,32.1,37.8,61.5,0.0,18.2,336,Very Poor,1011.6,58.9,2025,9,19,4,Friday,11.5,2324.7
2025-09-19,Kolkata,West Bengal,41.7,30.6,36.2,65.0,0.0,17.3,330,Very Poor,994.7,45.9,2025,9,19,4,Friday,11.100000000000001,2353.0
2025-09-19,Hyderabad,Telangana,31.5,25.0,28.3,39.5,0.0,18.5,278,Poor,1021.1,15.5,2025,9,19,4,Friday,6.5,1117.8500000000001
2025-09-19,Ahmedabad,Gujarat,27.1,18.3,22.7,94.8,0.0,23.9,226,Poor,990.7,26.2,2025,9,19,4,Friday,8.8,2151.96
2025-09-19,Jaipur,Rajasthan,29.7,24.1,26.9,33.4,5.6,5.0,108,Moderate,1007.5,62.1,2025,9,19,4,Friday,5.599999999999998,898.4599999999999
2025-09-19,Lucknow,Uttar Pradesh,35.9,23.9,29.9,94.4,6.0,23.6,132,Moderate,1015.3,25.2,2025,9,19,4,Friday,12.0,2822.56
2025-09-19,Bhopal,Madhya Pradesh,40.7,30.5,35.6,46.3,0.0,15.7,67,Satisfactory,1010.4,17.1,2025,9,19,4,Friday,10.200000000000003,1648.28
2025-09-20,Mumbai,Maharashtra,42.8,28.5,35.6,88.8,30.1,22.3,238,Poor,1018.7,36.7,2025,9,20,5,Saturday,14.299999999999997,3161.28
2025-09-20,Delhi,Delhi,40.0,29.2,34.6,69.1,0.0,11.0,323,Very Poor,1017.3,29.8,2025,9,20,5,Saturday,10.8,2390.86
2025-09-20,Bengaluru,Karnataka,41.8,27.8,34.8,49.3,0.0,9.0,214,Poor,999.2,26.1,2025,9,20,5,Saturday,13.999999999999996,1715.6399999999999
2025-09-20,Chennai,Tamil Nadu,36.0,26.7,31.4,39.0,0.0,2.9,235,Poor,995.3,33.2,2025,9,20,5,Saturday,9.3,1224.6
2025-09-20,Kolkata,West Bengal,44.4,36.7,40.6,81.3,0.0,13.3,190,Moderate,1021.4,6.0,2025,9,20,5,Saturday,7.699999999999996,3300.78
2025-09-20,Hyderabad,Telangana,40.2,29.1,34.6,62.3,5.6,10.2,345,Very Poor,1008.1,31.0,2025,9,20,5,Saturday,11.100000000000001,2155.58
2025-09-20,Ahmedabad,Gujarat,28.7,22.2,25.5,47.5,0.0,23.3,214,Poor,1021.5,43.2,2025,9,20,5,Saturday,6.5,1211.25
2025-09-20,Jaipur,Rajasthan,43.1,34.9,39.0,56.5,0.0,4.7,325,Very Poor,1019.6,7.8,2025,9,20,5,Saturday,8.200000000000003,2203.5
2025-09-20,Lucknow,Uttar Pradesh,30.4,19.5,24.9,66.7,0.0,16.1,70,Satisfactory,1005.6,44.3,2025,9,20,5,Saturday,10.899999999999999,1660.83
2025-09-20,Bhopal,Madhya Pradesh,31.9,21.7,26.8,35.1,0.0,7.9,309,Very Poor,1001.4,80.7,2025,9,20,5,Saturday,10.2,940.6800000000001
2025-09-21,Mumbai,Maharashtra,31.5,22.9,27.2,84.0,9.7,13.0,183,Moderate,999.2,69.8,2025,9,21,6,Sunday,8.600000000000001,2284.7999999999997
2025-09-21,Delhi,Delhi,30.4,24.3,27.3,86.4,8.8,5.7,120,Moderate,1012.6,91.2,2025,9,21,6,Sunday,6.099999999999998,2358.7200000000003
2025-09-21,Bengaluru,Karnataka,32.0,19.0,25.5,77.8,69.4,12.4,269,Poor,991.4,53.4,2025,9,21,6,Sunday,13.0,1983.8999999999999
2025-09-21,Chennai,Tamil Nadu,29.4,23.4,26.4,48.5,0.0,18.6,204,Poor,998.2,99.2,2025,9,21,6,Sunday,6.0,1280.3999999999999
2025-09-21,Kolkata,West Bengal,25.8,13.1,19.5,56.7,0.0,20.5,70,Satisfactory,1000.6,72.9,2025,9,21,6,Sunday,12.700000000000001,1105.65
2025-09-21,Hyderabad,Telangana,42.9,35.9,39.4,49.6,0.0,15.3,75,Satisfactory,1024.3,70.7,2025,9,21,6,Sunday,7.0,1954.24
2025-09-21,Ahmedabad,Gujarat,40.0,30.7,35.3,94.5,0.0,16.8,80,Satisfactory,1015.6,12.4,2025,9,21,6,Sunday,9.3,3335.85
2025-09-21,Jaipur,Rajasthan,31.0,21.2,26.1,50.2,0.0,23.6,50,Good,1021.8,70.0,2025,9,21,6,Sunday,9.8,1310.2200000000003
2025-09-21,Lucknow,Uttar Pradesh,29.5,14.7,22.1,88.9,0.0,15.1,175,Moderate,1019.2,35.4,2025,9,21,6,Sunday,14.8,1964.6900000000003
2025-09-21,Bhopal,Madhya Pradesh,30.7,25.3,28.0,34.7,0.3,9.1,83,Satisfactory,1018.9,89.4,2025,9,21,6,Sunday,5.399999999999999,971.6000000000001
2025-09-22,Mumbai,Maharashtra,26.0,17.8,21.9,76.3,0.0,10.1,223,Poor,1023.6,37.4,2025,9,22,0,Monday,8.2,1670.9699999999998
2025-09-22,Delhi,Delhi,26.2,20.5,23.3,57.6,0.0,18.9,336,Very Poor,994.9,68.5,2025,9,22,0,Monday,5.699999999999999,1342.0800000000002
2025-09-22,Bengaluru,Karnataka,34.4,27.4,30.9,84.7,5.1,11.9,160,Moderate,1011.6,21.1,2025,9,22,0,Monday,7.0,2617.23
2025-09-22,Chennai,Tamil Nadu,36.9,26.0,31.4,68.2,0.0,5.4,109,Moderate,1017.7,11.2,2025,9,22,0,Monday,10.899999999999999,2141.48
2025-09-22,Kolkata,West Bengal,30.1,18.6,24.4,56.1,2.1,20.1,41,Good,994.3,72.9,2025,9,22,0,Monday,11.5,1368.84
2025-09-22,Hyderabad,Telangana,39.5,27.9,33.7,60.5,0.0,22.6,273,Poor,1017.1,75.4,2025,9,22,0,Monday,11.600000000000001,2038.8500000000001
2025-09-22,Ahmedabad,Gujarat,26.4,11.5,18.9,85.8,5.1,21.1,287,Poor,998.9,40.3,2025,9,22,0,Monday,14.899999999999999,1621.62
2025-09-22,Jaipur,Rajasthan,40.4,30.2,35.3,55.8,9.7,11.5,290,Poor,1000.8,65.9,2025,9,22,0,Monday,10.2,1969.7399999999998
2025-09-22,Lucknow,Uttar Pradesh,44.6,38.1,41.4,86.9,5.3,9.6,260,Poor,1020.4,20.0,2025,9,22,0,Monday,6.5,3597.6600000000003
2025-09-22,Bhopal,Madhya Pradesh,31.0,23.4,27.2,33.3,0.0,7.2,328,Very Poor,1007.1,81.8,2025,9,22,0,Monday,7.600000000000001,905.7599999999999
2025-09-23,Mumbai,Maharashtra,35.3,26.3,30.8,92.1,0.0,20.9,186,Moderate,1018.8,70.1,2025,9,23,1,Tuesday,8.999999999999996,2836.68
2025-09-23,Delhi,Delhi,33.1,20.0,26.5,44.7,4.3,10.6,299,Poor,1009.2,31.5,2025,9,23,1,Tuesday,13.100000000000001,1184.5500000000002
2025-09-23,Bengaluru,Karnataka,40.7,27.5,34.1,33.7,4.9,9.2,199,Moderate,1017.1,11.2,2025,9,23,1,Tuesday,13.200000000000003,1149.17
2025-09-23,Chennai,Tamil Nadu,27.5,16.9,22.2,69.5,0.0,17.2,316,Very Poor,1020.5,74.7,2025,9,23,1,Tuesday,10.600000000000001,1542.8999999999999
2025-09-23,Kolkata,West Bengal,43.6,34.1,38.8,75.4,0.0,19.3,270,Poor,990.5,59.7,2025,9,23,1,Tuesday,9.5,2925.52
2025-09-23,Hyderabad,Telangana,30.1,25.0,27.6,78.3,0.0,4.5,145,Moderate,993.6,96.3,2025,9,23,1,Tuesday,5.100000000000001,2161.08
2025-09-23,Ahmedabad,Gujarat,30.1,24.6,27.4,41.3,0.0,18.2,292,Poor,1012.5,51.8,2025,9,23,1,Tuesday,5.5,1131.62
2025-09-23,Jaipur,Rajasthan,42.1,31.2,36.7,37.6,0.0,2.5,87,Satisfactory,1023.2,74.4,2025,9,23,1,Tuesday,10.900000000000002,1379.92
2025-09-23,Lucknow,Uttar Pradesh,33.9,27.0,30.4,30.7,55.4,19.7,201,Poor,998.1,36.9,2025,9,23,1,Tuesday,6.899999999999999,933.28
2025-09-23,Bhopal,Madhya Pradesh,28.8,15.5,22.2,40.9,0.0,16.4,291,Poor,1023.0,70.7,2025,9,23,1,Tuesday,13.3,907.9799999999999
2025-09-24,Mumbai,Maharashtra,33.8,25.1,29.4,51.4,0.0,4.3,100,Satisfactory,1013.6,73.9,2025,9,24,2,Wednesday,8.699999999999996,1511.1599999999999
2025-09-24,Delhi,Delhi,40.2,26.4,33.3,41.4,0.0,20.8,58,Satisfactory,997.6,11.1,2025,9,24,2,Wednesday,13.800000000000004,1378.62
2025-09-24,Bengaluru,Karnataka,44.4,37.8,41.1,86.2,0.0,13.6,318,Very Poor,993.7,92.6,2025,9,24,2,Wednesday,6.600000000000001,3542.82
2025-09-24,Chennai,Tamil Nadu,28.0,15.6,21.8,59.9,0.0,8.6,234,Poor,1015.4,15.6,2025,9,24,2,Wednesday,12.4,1305.82
2025-09-24,Kolkata,West Bengal,44.0,34.4,39.2,59.5,0.0,12.7,128,Moderate,1024.9,16.1,2025,9,24,2,Wednesday,9.600000000000001,2332.4
2025-09-24,Hyderabad,Telangana,29.2,18.8,24.0,30.2,47.2,9.9,185,Moderate,995.2,23.3,2025,9,24,2,Wednesday,10.399999999999999,724.8
2025-09-24,Ahmedabad,Gujarat,25.8,13.0,19.4,81.4,0.0,13.0,198,Moderate,1008.5,22.3,2025,9,24,2,Wednesday,12.8,1579.16
2025-09-24,Jaipur,Rajasthan,35.8,23.2,29.5,52.6,1.0,24.3,224,Poor,993.2,75.9,2025,9,24,2,Wednesday,12.599999999999998,1551.7
2025-09-24,Lucknow,Uttar Pradesh,25.3,13.1,19.2,31.7,7.9,4.8,319,Very Poor,1022.2,90.4,2025,9,24,2,Wednesday,12.200000000000001,608.64
2025-09-24,Bhopal,Madhya Pradesh,32.2,22.3,27.2,37.5,0.0,9.4,321,Very Poor,1010.3,61.3,2025,9,24,2,Wednesday,9.900000000000002,1020.0
2025-09-25,Mumbai,Maharashtra,42.6,30.5,36.6,83.2,0.0,17.0,331,Very Poor,1017.8,47.5,2025,9,25,3,Thursday,12.100000000000001,3045.1200000000003
2025-09-25,Delhi,Delhi,41.3,35.3,38.3,58.6,0.0,8.8,54,Satisfactory,1007.0,74.3,2025,9,25,3,Thursday,6.0,2244.38
2025-09-25,Bengaluru,Karnataka,41.7,27.5,34.6,80.8,0.0,3.6,132,Moderate,1019.3,95.5,2025,9,25,3,Thursday,14.200000000000003,2795.68
2025-09-25,Chennai,Tamil Nadu,35.7,27.7,31.7,54.6,0.0,5.6,239,Poor,997.1,10.0,2025,9,25,3,Thursday,8.000000000000004,1730.82
2025-09-25,Kolkata,West Bengal,28.8,19.4,24.1,74.6,4.5,8.3,163,Moderate,994.6,90.0,2025,9,25,3,Thursday,9.400000000000002,1797.86
2025-09-25,Hyderabad,Telangana,32.7,19.6,26.1,30.6,4.6,22.4,51,Satisfactory,1006.3,85.5,2025,9,25,3,Thursday,13.100000000000001,798.6600000000001
2025-09-25,Ahmedabad,Gujarat,31.1,26.0,28.6,40.8,0.0,11.5,254,Poor,994.3,70.1,2025,9,25,3,Thursday,5.100000000000001,1166.8799999999999
2025-09-25,Jaipur,Rajasthan,39.5,26.9,33.2,50.5,9.9,24.3,218,Poor,997.9,31.4,2025,9,25,3,Thursday,12.600000000000001,1676.6000000000001
2025-09-25,Lucknow,Uttar Pradesh,40.6,32.3,36.5,84.4,0.0,16.2,149,Moderate,1002.5,35.6,2025,9,25,3,Thursday,8.300000000000004,3080.6000000000004
2025-09-25,Bhopal,Madhya Pradesh,35.0,21.5,28.3,79.4,29.8,22.0,154,Moderate,1005.9,71.1,2025,9,25,3,Thursday,13.5,2247.0200000000004
2025-09-26,Mumbai,Maharashtra,28.0,19.8,23.9,74.3,0.0,13.2,116,Moderate,999.6,70.0,2025,9,26,4,Friday,8.2,1775.7699999999998
2025-09-26,Delhi,Delhi,36.3,24.2,30.3,80.1,0.0,15.8,348,Very Poor,991.4,20.1,2025,9,26,4,Friday,12.099999999999998,2427.0299999999997
2025-09-26,Bengaluru,Karnataka,32.6,22.7,27.7,30.7,0.0,14.1,216,Poor,1023.9,30.5,2025,9,26,4,Friday,9.900000000000002,850.39
2025-09-26,Chennai,Tamil Nadu,32.6,23.4,28.0,33.6,0.0,12.0,115,Moderate,1006.4,40.7,2025,9,26,4,Friday,9.200000000000003,940.8000000000001
2025-09-26,Kolkata,West Bengal,34.0,28.5,31.2,45.8,7.9,16.5,202,Poor,1018.4,17.1,2025,9,26,4,Friday,5.5,1428.9599999999998
2025-09-26,Hyderabad,Telangana,27.3,14.5,20.9,63.8,0.0,13.4,250,Poor,991.0,54.7,2025,9,26,4,Friday,12.8,1333.4199999999998
2025-09-26,Ahmedabad,Gujarat,29.7,14.8,22.2,93.4,0.0,17.3,134,Moderate,1011.8,83.1,2025,9,26,4,Friday,14.899999999999999,2073.48
2025-09-26,Jaipur,Rajasthan,42.6,29.0,35.8,73.5,4.8,24.4,282,Poor,994.3,34.7,2025,9,26,4,Friday,13.600000000000001,2631.2999999999997
2025-09-26,Lucknow,Uttar Pradesh,33.2,21.5,27.3,38.7,0.0,19.6,79,Satisfactory,1020.8,83.8,2025,9,26,4,Friday,11.700000000000003,1056.5100000000002
2025-09-26,Bhopal,Madhya Pradesh,39.9,30.4,35.1,51.7,0.0,20.0,71,Satisfactory,1009.4,86.5,2025,9,26,4,Friday,9.5,1814.67
2025-09-27,Mumbai,Maharashtra,40.5,33.9,37.2,44.6,1.9,17.1,70,Satisfactory,998.0,30.7,2025,9,27,5,Saturday,6.600000000000001,1659.1200000000001
2025-09-27,Delhi,Delhi,33.3,24.5,28.9,39.5,0.0,8.1,62,Satisfactory,1015.8,87.6,2025,9,27,5,Saturday,8.799999999999997,1141.55
2025-09-27,Bengaluru,Karnataka,43.0,37.4,40.2,71.2,0.0,16.9,271,Poor,996.5,35.5,2025,9,27,5,Saturday,5.600000000000001,2862.2400000000002
2025-09-27,Chennai,Tamil Nadu,44.5,29.5,37.0,82.6,0.0,5.9,337,Very Poor,991.8,52.6,2025,9,27,5,Saturday,15.0,3056.2
2025-09-27,Kolkata,West Bengal,36.6,26.1,31.4,83.7,58.9,6.0,143,Moderate,1007.6,39.6,2025,9,27,5,Saturday,10.5,2628.18
2025-09-27,Hyderabad,Telangana,29.3,15.3,22.3,59.3,29.3,16.1,349,Very Poor,990.0,30.4,2025,9,27,5,Saturday,14.0,1322.3899999999999
2025-09-27,Ahmedabad,Gujarat,44.5,34.0,39.3,66.7,59.6,13.0,239,Poor,1024.2,56.3,2025,9,27,5,Saturday,10.5,2621.31
2025-09-27,Jaipur,Rajasthan,26.7,15.5,21.1,79.9,0.0,24.3,48,Good,1006.7,17.0,2025,9,27,5,Saturday,11.2,1685.8900000000003
2025-09-27,Lucknow,Uttar Pradesh,40.4,30.0,35.2,30.2,74.0,3.2,309,Very Poor,994.3,5.5,2025,9,27,5,Saturday,10.399999999999999,1063.04
2025-09-27,Bhopal,Madhya Pradesh,26.4,20.3,23.4,44.8,9.2,20.0,62,Satisfactory,1014.3,75.9,2025,9,27,5,Saturday,6.099999999999998,1048.32
2025-09-28,Mumbai,Maharashtra,36.8,24.3,30.5,66.8,24.8,18.2,79,Satisfactory,1014.1,67.7,2025,9,28,6,Sunday,12.499999999999996,2037.3999999999999
2025-09-28,Delhi,Delhi,25.1,15.7,20.4,58.9,0.0,3.8,121,Moderate,1004.0,29.3,2025,9,28,6,Sunday,9.400000000000002,1201.56
2025-09-28,Bengaluru,Karnataka,30.1,22.8,26.4,50.8,0.0,11.8,332,Very Poor,1019.6,14.6,2025,9,28,6,Sunday,7.300000000000001,1341.12
2025-09-28,Chennai,Tamil Nadu,31.2,26.0,28.6,46.5,0.0,20.6,213,Poor,1015.6,49.5,2025,9,28,6,Sunday,5.199999999999999,1329.9
2025-09-28,Kolkata,West Bengal,37.2,29.5,33.3,39.1,0.0,14.7,42,Good,1008.9,16.5,2025,9,28,6,Sunday,7.700000000000003,1302.03
2025-09-28,Hyderabad,Telangana,26.8,21.4,24.1,56.0,0.0,11.1,165,Moderate,993.0,25.4,2025,9,28,6,Sunday,5.400000000000002,1349.6000000000001
2025-09-28,Ahmedabad,Gujarat,26.9,13.5,20.2,73.9,0.0,4.8,116,Moderate,995.6,45.1,2025,9,28,6,Sunday,13.399999999999999,1492.78
2025-09-28,Jaipur,Rajasthan,42.7,28.1,35.4,74.9,8.1,3.3,138,Moderate,1023.6,68.7,2025,9,28,6,Sunday,14.600000000000001,2651.46
2025-09-28,Lucknow,Uttar Pradesh,40.5,35.3,37.9,54.5,9.0,10.3,322,Very Poor,1003.7,75.9,2025,9,28,6,Sunday,5.200000000000003,2065.5499999999997
2025-09-28,Bhopal,Madhya Pradesh,28.3,20.6,24.4,61.7,6.2,19.7,100,Satisfactory,1004.2,8.9,2025,9,28,6,Sunday,7.699999999999999,1505.48
2025-09-29,Mumbai,Maharashtra,34.7,20.5,27.6,66.9,0.0,5.4,311,Very Poor,1002.1,99.5,2025,9,29,0,Monday,14.200000000000003,1846.4400000000003
2025-09-29,Delhi,Delhi,38.6,29.7,34.1,66.1,0.0,4.8,255,Poor,997.5,62.8,2025,9,29,0,Monday,8.900000000000002,2254.0099999999998
2025-09-29,Bengaluru,Karnataka,26.9,13.8,20.4,83.6,0.0,23.2,237,Poor,999.4,22.3,2025,9,29,0,Monday,13.099999999999998,1705.4399999999998
2025-09-29,Chennai,Tamil Nadu,32.3,18.0,25.1,59.9,0.0,13.9,129,Moderate,1003.5,84.4,2025,9,29,0,Monday,14.299999999999997,1503.49
2025-09-29,Kolkata,West Bengal,25.3,15.3,20.3,90.2,2.8,19.8,93,Satisfactory,1005.2,84.2,2025,9,29,0,Monday,10.0,1831.0600000000002
2025-09-29,Hyderabad,Telangana,32.3,23.3,27.8,50.3,0.0,18.2,140,Moderate,1013.9,47.8,2025,9,29,0,Monday,8.999999999999996,1398.34
2025-09-29,Ahmedabad,Gujarat,33.7,19.3,26.5,69.2,0.0,3.9,279,Poor,1006.5,73.1,2025,9,29,0,Monday,14.400000000000002,1833.8000000000002
2025-09-29,Jaipur,Rajasthan,39.4,25.3,32.3,33.4,0.0,17.7,116,Moderate,1007.9,39.1,2025,9,29,0,Monday,14.099999999999998,1078.82
2025-09-29,Lucknow,Uttar Pradesh,34.3,26.9,30.6,35.4,0.0,12.3,157,Moderate,1020.3,35.4,2025,9,29,0,Monday,7.399999999999999,1083.24
2025-09-29,Bhopal,Madhya Pradesh,40.3,33.3,36.8,72.9,4.4,24.8,109,Moderate,1019.1,20.3,2025,9,29,0,Monday,7.0,2682.72
2025-09-30,Mumbai,Maharashtra,33.2,21.0,27.1,63.1,0.0,7.0,44,Good,1016.0,49.2,2025,9,30,1,Tuesday,12.200000000000003,1710.0100000000002
2025-09-30,Delhi,Delhi,40.5,31.9,36.2,46.9,76.2,3.8,247,Poor,998.1,66.4,2025,9,30,1,Tuesday,8.600000000000001,1697.78
2025-09-30,Bengaluru,Karnataka,33.4,22.7,28.0,75.7,0.0,18.5,203,Poor,992.4,52.7,2025,9,30,1,Tuesday,10.7,2119.6
2025-09-30,Chennai,Tamil Nadu,40.6,35.4,38.0,86.9,0.0,2.9,54,Satisfactory,1016.8,21.2,2025,9,30,1,Tuesday,5.200000000000003,3302.2000000000003
2025-09-30,Kolkata,West Bengal,27.8,17.2,22.5,62.2,76.0,9.2,274,Poor,1006.6,54.1,2025,9,30,1,Tuesday,10.600000000000001,1399.5
2025-09-30,Hyderabad,Telangana,33.6,23.1,28.3,56.8,7.7,3.2,293,Poor,1021.7,82.8,2025,9,30,1,Tuesday,10.5,1607.44
2025-09-30,Ahmedabad,Gujarat,27.8,20.2,24.0,93.7,0.0,5.6,65,Satisfactory,999.2,22.5,2025,9,30,1,Tuesday,7.600000000000001,2248.8
2025-09-30,Jaipur,Rajasthan,36.6,29.2,32.9,94.5,35.1,16.3,176,Moderate,994.4,52.3,2025,9,30,1,Tuesday,7.400000000000002,3109.0499999999997
2025-09-30,Lucknow,Uttar Pradesh,40.3,28.4,34.3,54.1,0.0,4.5,185,Moderate,1021.7,68.9,2025,9,30,1,Tuesday,11.899999999999999,1855.6299999999999
2025-09-30,Bhopal,Madhya Pradesh,36.4,29.3,32.8,64.5,0.0,12.6,272,Poor,1016.7,76.6,2025,9,30,1,Tuesday,7.099999999999998,2115.6
2025-10-01,Mumbai,Maharashtra,29.9,18.7,24.3,80.6,64.5,6.0,129,Moderate,1000.7,62.1,2025,10,1,2,Wednesday,11.2,1958.58
2025-10-01,Delhi,Delhi,43.8,36.9,40.4,53.2,0.0,9.2,90,Satisfactory,1018.3,33.9,2025,10,1,2,Wednesday,6.899999999999999,2149.28
2025-10-01,Bengaluru,Karnataka,43.7,35.5,39.6,78.2,3.0,3.3,198,Moderate,1001.6,79.1,2025,10,1,2,Wednesday,8.200000000000003,3096.7200000000003
2025-10-01,Chennai,Tamil Nadu,38.8,33.1,36.0,78.7,0.0,19.0,288,Poor,997.4,42.6,2025,10,1,2,Wednesday,5.699999999999996,2833.2000000000003
2025-10-01,Kolkata,West Bengal,43.2,36.0,39.6,81.6,39.8,23.7,86,Satisfactory,1000.4,23.3,2025,10,1,2,Wednesday,7.200000000000003,3231.3599999999997
2025-10-01,Hyderabad,Telangana,34.6,28.7,31.7,53.2,28.2,12.3,336,Very Poor,992.6,66.4,2025,10,1,2,Wednesday,5.900000000000002,1686.44
2025-10-01,Ahmedabad,Gujarat,34.3,23.0,28.6,89.8,0.0,24.1,197,Moderate,1007.6,89.1,2025,10,1,2,Wednesday,11.299999999999997,2568.28
2025-10-01,Jaipur,Rajasthan,38.4,29.5,33.9,89.6,0.0,17.6,139,Moderate,994.0,73.0,2025,10,1,2,Wednesday,8.899999999999999,3037.4399999999996
2025-10-01,Lucknow,Uttar Pradesh,35.8,29.0,32.4,46.0,0.0,8.5,240,Poor,997.2,87.0,2025,10,1,2,Wednesday,6.799999999999997,1490.3999999999999
2025-10-01,Bhopal,Madhya Pradesh,34.4,19.9,27.1,77.8,0.0,17.5,197,Moderate,997.1,37.9,2025,10,1,2,Wednesday,14.5,2108.38
2025-10-02,Mumbai,Maharashtra,28.1,22.9,25.5,51.3,0.0,20.6,157,Moderate,1000.7,94.1,2025,10,2,3,Thursday,5.200000000000003,1308.1499999999999
2025-10-02,Delhi,Delhi,40.9,33.3,37.1,34.0,8.8,19.7,186,Moderate,990.2,76.6,2025,10,2,3,Thursday,7.600000000000001,1261.4
2025-10-02,Bengaluru,Karnataka,34.1,23.7,28.9,47.6,0.0,5.1,92,Satisfactory,1013.6,23.0,2025,10,2,3,Thursday,10.400000000000002,1375.6399999999999
2025-10-02,Chennai,Tamil Nadu,25.5,19.3,22.4,45.1,0.0,23.5,205,Poor,994.2,71.7,2025,10,2,3,Thursday,6.199999999999999,1010.24
2025-10-02,Kolkata,West Bengal,36.1,30.0,33.0,45.8,0.0,14.6,272,Poor,1005.2,81.6,2025,10,2,3,Thursday,6.100000000000001,1511.3999999999999
2025-10-02,Hyderabad,Telangana,31.3,18.2,24.8,63.7,0.0,19.4,284,Poor,1012.0,45.5,2025,10,2,3,Thursday,13.100000000000001,1579.7600000000002
2025-10-02,Ahmedabad,Gujarat,27.1,16.3,21.7,33.0,0.0,8.0,215,Poor,1023.5,39.8,2025,10,2,3,Thursday,10.8,716.1
2025-10-02,Jaipur,Rajasthan,35.7,30.1,32.9,73.8,0.0,8.7,107,Moderate,1020.9,21.5,2025,10,2,3,Thursday,5.600000000000001,2428.02
2025-10-02,Lucknow,Uttar Pradesh,29.1,15.2,22.2,75.5,74.0,13.2,142,Moderate,1006.7,83.7,2025,10,2,3,Thursday,13.900000000000002,1676.1
2025-10-02,Bhopal,Madhya Pradesh,25.4,17.1,21.3,76.6,1.3,4.3,150,Moderate,993.4,23.9,2025,10,2,3,Thursday,8.299999999999997,1631.58
2025-10-03,Mumbai,Maharashtra,35.7,25.8,30.7,85.5,0.0,18.9,48,Good,1002.0,49.8,2025,10,3,4,Friday,9.900000000000002,2624.85
2025-10-03,Delhi,Delhi,27.3,18.6,22.9,61.3,67.7,15.7,107,Moderate,991.9,75.2,2025,10,3,4,Friday,8.7,1403.7699999999998
2025-10-03,Bengaluru,Karnataka,39.7,30.3,35.0,33.5,2.9,5.1,230,Poor,1000.0,12.9,2025,10,3,4,Friday,9.400000000000002,1172.5
2025-10-03,Chennai,Tamil Nadu,34.5,20.2,27.3,78.1,0.0,13.8,281,Poor,990.5,87.7,2025,10,3,4,Friday,14.3,2132.13
2025-10-03,Kolkata,West Bengal,26.2,12.7,19.4,30.3,0.0,20.0,97,Satisfactory,996.2,78.3,2025,10,3,4,Friday,13.5,587.8199999999999
2025-10-03,Hyderabad,Telangana,44.8,31.3,38.0,77.9,0.0,12.6,92,Satisfactory,1004.1,69.1,2025,10,3,4,Friday,13.499999999999996,2960.2000000000003
2025-10-03,Ahmedabad,Gujarat,36.2,24.3,30.3,49.4,0.0,6.5,214,Poor,999.8,20.0,2025,10,3,4,Friday,11.900000000000002,1496.82
2025-10-03,Jaipur,Rajasthan,44.0,30.0,37.0,51.0,0.0,22.8,160,Moderate,1024.9,80.8,2025,10,3,4,Friday,14.0,1887.0
2025-10-03,Lucknow,Uttar Pradesh,37.2,28.5,32.8,94.7,0.0,3.0,152,Moderate,1022.9,87.4,2025,10,3,4,Friday,8.700000000000003,3106.16
2025-10-03,Bhopal,Madhya Pradesh,44.2,30.5,37.3,88.6,6.0,23.6,308,Very Poor,999.9,55.5,2025,10,3,4,Friday,13.700000000000003,3304.7799999999997
2025-10-04,Mumbai,Maharashtra,36.6,23.6,30.1,93.3,0.0,8.3,98,Satisfactory,1013.2,6.0,2025,10,4,5,Saturday,13.0,2808.33
2025-10-04,Delhi,Delhi,31.5,17.8,24.7,33.3,0.0,7.6,57,Satisfactory,996.4,60.3,2025,10,4,5,Saturday,13.7,822.5099999999999
2025-10-04,Bengaluru,Karnataka,43.8,37.6,40.7,91.9,0.0,17.4,210,Poor,1018.6,58.0,2025,10,4,5,Saturday,6.199999999999996,3740.3300000000004
2025-10-04,Chennai,Tamil Nadu,28.2,19.0,23.6,39.8,0.0,13.0,246,Poor,1012.3,14.1,2025,10,4,5,Saturday,9.2,939.28
2025-10-04,Kolkata,West Bengal,28.5,19.5,24.0,70.7,3.7,9.1,87,Satisfactory,1012.9,85.7,2025,10,4,5,Saturday,9.0,1696.8000000000002
2025-10-04,Hyderabad,Telangana,25.9,12.7,19.3,65.8,8.3,4.2,215,Poor,1020.9,83.1,2025,10,4,5,Saturday,13.2,1269.94
2025-10-04,Ahmedabad,Gujarat,37.2,28.7,32.9,43.1,56.0,20.8,73,Satisfactory,1005.2,75.6,2025,10,4,5,Saturday,8.500000000000004,1417.99
2025-10-04,Jaipur,Rajasthan,33.3,24.1,28.7,94.9,0.0,18.1,189,Moderate,1000.1,87.5,2025,10,4,5,Saturday,9.199999999999996,2723.63
2025-10-04,Lucknow,Uttar Pradesh,31.6,19.0,25.3,57.1,7.4,21.7,336,Very Poor,1019.7,68.1,2025,10,4,5,Saturday,12.600000000000001,1444.63
2025-10-04,Bhopal,Madhya Pradesh,25.4,11.1,18.3,39.6,0.0,11.8,72,Satisfactory,999.1,26.3,2025,10,4,5,Saturday,14.299999999999999,724.6800000000001
2025-10-05,Mumbai,Maharashtra,28.9,18.3,23.6,75.9,35.9,9.6,207,Poor,993.9,94.8,2025,10,5,6,Sunday,10.599999999999998,1791.2400000000002
2025-10-05,Delhi,Delhi,44.4,35.5,40.0,79.2,0.0,3.6,130,Moderate,993.4,58.0,2025,10,5,6,Sunday,8.899999999999999,3168.0
2025-10-05,Bengaluru,Karnataka,44.2,30.7,37.5,82.2,72.3,23.3,108,Moderate,1022.7,33.3,2025,10,5,6,Sunday,13.500000000000004,3082.5
2025-10-05,Chennai,Tamil Nadu,37.9,31.6,34.7,43.7,7.8,23.9,126,Moderate,1013.4,45.9,2025,10,5,6,Sunday,6.299999999999997,1516.3900000000003
2025-10-05,Kolkata,West Bengal,31.8,24.0,27.9,32.3,2.7,16.3,219,Poor,1021.6,30.1,2025,10,5,6,Sunday,7.800000000000001,901.1699999999998
2025-10-05,Hyderabad,Telangana,25.6,11.7,18.7,59.1,1.9,4.5,117,Moderate,1022.4,40.5,2025,10,5,6,Sunday,13.900000000000002,1105.17
2025-10-05,Ahmedabad,Gujarat,31.6,22.5,27.1,65.6,0.0,8.6,225,Poor,1003.4,49.4,2025,10,5,6,Sunday,9.100000000000001,1777.76
2025-10-05,Jaipur,Rajasthan,27.6,15.0,21.3,74.2,42.2,2.5,231,Poor,1018.4,53.6,2025,10,5,6,Sunday,12.600000000000001,1580.46
2025-10-05,Lucknow,Uttar Pradesh,38.7,29.1,33.9,42.5,0.0,12.3,43,Good,1007.5,83.2,2025,10,5,6,Sunday,9.600000000000001,1440.75
2025-10-05,Bhopal,Madhya Pradesh,42.3,36.8,39.6,70.0,0.0,14.8,66,Satisfactory,1019.9,52.0,2025,10,5,6,Sunday,5.5,2772.0
2025-10-06,Mumbai,Maharashtra,25.7,14.5,20.1,34.5,0.0,6.7,107,Moderate,1006.8,31.7,2025,10,6,0,Monday,11.2,693.45
2025-10-06,Delhi,Delhi,35.3,27.4,31.3,35.2,0.0,15.4,204,Poor,1023.4,95.9,2025,10,6,0,Monday,7.899999999999999,1101.7600000000002
2025-10-06,Bengaluru,Karnataka,27.0,17.4,22.2,31.8,0.0,14.7,347,Very Poor,995.5,6.5,2025,10,6,0,Monday,9.600000000000001,705.96
2025-10-06,Chennai,Tamil Nadu,31.8,24.0,27.9,67.1,0.0,9.7,198,Moderate,1006.8,20.3,2025,10,6,0,Monday,7.800000000000001,1872.0899999999997
2025-10-06,Kolkata,West Bengal,25.9,12.5,19.2,70.8,0.0,13.1,211,Poor,1013.3,40.6,2025,10,6,0,Monday,13.399999999999999,1359.36
2025-10-06,Hyderabad,Telangana,28.3,15.5,21.9,89.1,0.0,7.7,232,Poor,1006.2,41.7,2025,10,6,0,Monday,12.8,1951.2899999999997
2025-10-06,Ahmedabad,Gujarat,36.3,30.4,33.3,38.6,0.6,21.7,234,Poor,1008.9,23.4,2025,10,6,0,Monday,5.899999999999999,1285.3799999999999
2025-10-06,Jaipur,Rajasthan,35.1,26.0,30.6,54.2,0.0,20.8,272,Poor,1012.3,55.9,2025,10,6,0,Monday,9.100000000000001,1658.5200000000002
2025-10-06,Lucknow,Uttar Pradesh,28.1,13.9,21.0,47.6,0.0,21.1,111,Moderate,1001.5,57.3,2025,10,6,0,Monday,14.200000000000001,999.6
2025-10-06,Bhopal,Madhya Pradesh,39.6,33.0,36.3,88.5,0.0,24.4,325,Very Poor,1018.5,47.5,2025,10,6,0,Monday,6.600000000000001,3212.5499999999997
2025-10-07,Mumbai,Maharashtra,43.6,33.3,38.5,45.2,0.0,23.0,329,Very Poor,999.9,84.7,2025,10,7,1,Tuesday,10.300000000000004,1740.2
2025-10-07,Delhi,Delhi,41.1,30.8,36.0,66.7,8.2,14.2,122,Moderate,1003.9,77.9,2025,10,7,1,Tuesday,10.3,2401.2000000000003
2025-10-07,Bengaluru,Karnataka,42.9,31.0,37.0,69.7,5.3,18.7,298,Poor,990.4,39.8,2025,10,7,1,Tuesday,11.899999999999999,2578.9
2025-10-07,Chennai,Tamil Nadu,37.6,26.5,32.1,44.9,0.0,6.2,251,Poor,992.7,53.0,2025,10,7,1,Tuesday,11.100000000000001,1441.29
2025-10-07,Kolkata,West Bengal,28.3,19.0,23.6,67.0,1.6,18.7,220,Poor,1012.3,72.8,2025,10,7,1,Tuesday,9.3,1581.2
2025-10-07,Hyderabad,Telangana,41.7,28.4,35.1,81.8,0.0,6.5,293,Poor,1018.3,83.5,2025,10,7,1,Tuesday,13.300000000000004,2871.18
2025-10-07,Ahmedabad,Gujarat,42.5,33.2,37.8,90.6,0.0,5.8,108,Moderate,1015.8,33.1,2025,10,7,1,Tuesday,9.299999999999997,3424.6799999999994
2025-10-07,Jaipur,Rajasthan,28.4,23.1,25.8,79.7,0.0,21.4,72,Satisfactory,1023.9,7.1,2025,10,7,1,Tuesday,5.299999999999997,2056.26
2025-10-07,Lucknow,Uttar Pradesh,32.0,18.3,25.1,84.5,3.7,15.7,336,Very Poor,991.1,81.4,2025,10,7,1,Tuesday,13.7,2120.9500000000003
2025-10-07,Bhopal,Madhya Pradesh,25.8,18.0,21.9,83.3,79.3,6.1,74,Satisfactory,1013.6,67.1,2025,10,7,1,Tuesday,7.800000000000001,1824.2699999999998
2025-10-08,Mumbai,Maharashtra,26.8,16.1,21.4,56.2,0.0,10.8,309,Very Poor,1021.1,34.1,2025,10,8,2,Wednesday,10.7,1202.68
2025-10-08,Delhi,Delhi,32.8,22.0,27.4,48.6,8.1,16.7,337,Very Poor,1000.7,65.5,2025,10,8,2,Wednesday,10.799999999999997,1331.6399999999999
2025-10-08,Bengaluru,Karnataka,38.0,23.4,30.7,49.8,8.5,18.3,328,Very Poor,1006.8,70.2,2025,10,8,2,Wednesday,14.600000000000001,1528.86
2025-10-08,Chennai,Tamil Nadu,33.4,18.8,26.1,33.2,0.2,7.7,130,Moderate,1014.3,57.0,2025,10,8,2,Wednesday,14.599999999999998,866.5200000000001
2025-10-08,Kolkata,West Bengal,30.7,25.0,27.8,64.9,30.3,20.8,100,Satisfactory,1008.4,54.6,2025,10,8,2,Wednesday,5.699999999999999,1804.2200000000003
2025-10-08,Hyderabad,Telangana,38.0,23.4,30.7,88.4,13.7,6.6,301,Very Poor,1009.3,12.1,2025,10,8,2,Wednesday,14.600000000000001,2713.88
2025-10-08,Ahmedabad,Gujarat,27.4,15.9,21.6,33.7,0.0,6.5,341,Very Poor,994.8,8.9,2025,10,8,2,Wednesday,11.499999999999998,727.9200000000001
2025-10-08,Jaipur,Rajasthan,34.0,20.4,27.2,53.3,0.0,14.7,316,Very Poor,994.9,68.7,2025,10,8,2,Wednesday,13.600000000000001,1449.76
2025-10-08,Lucknow,Uttar Pradesh,44.1,33.8,39.0,64.6,63.9,12.1,283,Poor,1017.8,80.8,2025,10,8,2,Wednesday,10.300000000000004,2519.3999999999996
2025-10-08,Bhopal,Madhya Pradesh,40.2,33.0,36.6,78.8,0.0,23.1,69,Satisfactory,1019.0,69.9,2025,10,8,2,Wednesday,7.200000000000003,2884.08
2025-10-09,Mumbai,Maharashtra,41.5,27.7,34.6,74.7,9.8,14.1,287,Poor,995.1,67.5,2025,10,9,3,Thursday,13.8,2584.6200000000003
2025-10-09,Delhi,Delhi,28.3,15.4,21.8,36.0,0.0,15.1,171,Moderate,1004.9,62.7,2025,10,9,3,Thursday,12.9,784.8000000000001
2025-10-09,Bengaluru,Karnataka,30.0,22.5,26.2,86.2,0.0,3.7,99,Satisfactory,990.5,20.2,2025,10,9,3,Thursday,7.5,2258.44
2025-10-09,Chennai,Tamil Nadu,30.4,24.2,27.3,36.1,5.5,14.8,319,Very Poor,1005.4,65.2,2025,10,9,3,Thursday,6.199999999999999,985.5300000000001
2025-10-09,Kolkata,West Bengal,37.5,31.9,34.7,67.1,0.0,17.5,293,Poor,991.3,50.6,2025,10,9,3,Thursday,5.600000000000001,2328.37
2025-10-09,Hyderabad,Telangana,35.6,29.9,32.8,80.4,0.0,14.3,246,Poor,1010.7,73.0,2025,10,9,3,Thursday,5.700000000000003,2637.12
2025-10-09,Ahmedabad,Gujarat,29.0,15.6,22.3,85.2,4.1,10.2,121,Moderate,1015.9,35.0,2025,10,9,3,Thursday,13.4,1899.96
2025-10-09,Jaipur,Rajasthan,42.4,31.2,36.8,35.6,0.0,24.3,131,Moderate,1003.1,94.4,2025,10,9,3,Thursday,11.2,1310.08
2025-10-09,Lucknow,Uttar Pradesh,37.2,27.0,32.1,94.5,4.1,3.0,217,Poor,1021.0,15.5,2025,10,9,3,Thursday,10.200000000000003,3033.4500000000003
2025-10-09,Bhopal,Madhya Pradesh,39.3,30.9,35.1,84.9,0.0,4.6,139,Moderate,1012.4,39.6,2025,10,9,3,Thursday,8.399999999999999,2979.9900000000002
2025-10-10,Mumbai,Maharashtra,44.0,36.3,40.1,87.0,0.0,22.0,347,Very Poor,997.5,38.6,2025,10,10,4,Friday,7.700000000000003,3488.7000000000003
2025-10-10,Delhi,Delhi,33.1,21.6,27.3,50.2,51.8,8.5,102,Moderate,998.7,7.5,2025,10,10,4,Friday,11.5,1370.46
2025-10-10,Bengaluru,Karnataka,30.2,24.6,27.4,66.6,0.0,23.5,299,Poor,1000.7,13.8,2025,10,10,4,Friday,5.599999999999998,1824.8399999999997
2025-10-10,Chennai,Tamil Nadu,33.0,19.8,26.4,50.3,0.0,11.2,168,Moderate,1007.4,69.5,2025,10,10,4,Friday,13.2,1327.9199999999998
2025-10-10,Kolkata,West Bengal,38.7,26.5,32.6,78.7,4.8,22.9,213,Poor,1012.8,54.8,2025,10,10,4,Friday,12.200000000000003,2565.6200000000003
2025-10-10,Hyderabad,Telangana,37.8,22.8,30.3,34.0,0.0,16.1,240,Poor,1016.4,75.5,2025,10,10,4,Friday,14.999999999999996,1030.2
2025-10-10,Ahmedabad,Gujarat,34.4,23.7,29.1,77.4,0.0,11.1,114,Moderate,1013.3,42.6,2025,10,10,4,Friday,10.7,2252.34
2025-10-10,Jaipur,Rajasthan,25.7,12.2,19.0,57.2,0.0,11.1,279,Poor,1016.3,74.9,2025,10,10,4,Friday,13.5,1086.8
2025-10-10,Lucknow,Uttar Pradesh,34.3,25.7,30.0,84.0,60.8,8.6,107,Moderate,996.9,53.7,2025,10,10,4,Friday,8.599999999999998,2520.0
2025-10-10,Bhopal,Madhya Pradesh,42.4,35.0,38.7,50.4,24.4,6.8,116,Moderate,1021.9,35.2,2025,10,10,4,Friday,7.399999999999999,1950.48
2025-10-11,Mumbai,Maharashtra,34.5,25.9,30.2,43.1,3.4,20.9,172,Moderate,1016.5,5.5,2025,10,11,5,Saturday,8.600000000000001,1301.6200000000001
2025-10-11,Delhi,Delhi,28.4,22.6,25.5,77.8,67.0,15.6,313,Very Poor,1024.9,51.0,2025,10,11,5,Saturday,5.799999999999997,1983.8999999999999
2025-10-11,Bengaluru,Karnataka,27.3,20.8,24.0,68.4,0.0,20.1,342,Very Poor,1022.5,36.7,2025,10,11,5,Saturday,6.5,1641.6000000000001
2025-10-11,Chennai,Tamil Nadu,41.2,33.9,37.6,68.1,0.0,9.0,90,Satisfactory,1018.7,57.2,2025,10,11,5,Saturday,7.300000000000004,2560.56
2025-10-11,Kolkata,West Bengal,31.6,19.9,25.7,40.0,0.0,11.2,284,Poor,1022.7,76.2,2025,10,11,5,Saturday,11.700000000000003,1028.0
2025-10-11,Hyderabad,Telangana,35.3,28.2,31.8,68.4,0.0,12.9,68,Satisfactory,1005.3,98.3,2025,10,11,5,Saturday,7.099999999999998,2175.1200000000003
2025-10-11,Ahmedabad,Gujarat,31.5,18.3,24.9,69.8,0.0,23.8,145,Moderate,996.7,12.8,2025,10,11,5,Saturday,13.2,1738.0199999999998
2025-10-11,Jaipur,Rajasthan,39.0,31.7,35.4,33.2,0.0,10.6,177,Moderate,996.1,37.7,2025,10,11,5,Saturday,7.300000000000001,1175.28
2025-10-11,Lucknow,Uttar Pradesh,39.9,32.6,36.2,60.9,0.0,11.9,91,Satisfactory,1012.1,51.2,2025,10,11,5,Saturday,7.299999999999997,2204.58
2025-10-11,Bhopal,Madhya Pradesh,34.2,19.4,26.8,71.6,0.0,11.0,130,Moderate,1011.6,59.1,2025,10,11,5,Saturday,14.800000000000004,1918.8799999999999
2025-10-12,Mumbai,Maharashtra,34.3,26.0,30.2,78.0,0.0,9.0,222,Poor,1001.7,99.1,2025,10,12,6,Sunday,8.299999999999997,2355.6
2025-10-12,Delhi,Delhi,40.6,30.0,35.3,93.9,1.9,16.5,296,Poor,1021.4,62.1,2025,10,12,6,Sunday,10.600000000000001,3314.67
2025-10-12,Bengaluru,Karnataka,28.5,20.9,24.7,58.9,8.5,11.1,224,Poor,1018.2,24.0,2025,10,12,6,Sunday,7.600000000000001,1454.83
2025-10-12,Chennai,Tamil Nadu,36.6,27.5,32.0,75.8,0.0,20.2,160,Moderate,1000.7,22.9,2025,10,12,6,Sunday,9.100000000000001,2425.6
2025-10-12,Kolkata,West Bengal,40.9,28.9,34.9,56.1,0.0,5.3,68,Satisfactory,992.5,38.2,2025,10,12,6,Sunday,12.0,1957.8899999999999
2025-10-12,Hyderabad,Telangana,34.3,20.7,27.5,60.9,0.0,7.1,108,Moderate,1009.9,61.2,2025,10,12,6,Sunday,13.599999999999998,1674.75
2025-10-12,Ahmedabad,Gujarat,33.0,22.3,27.6,79.4,3.3,13.8,278,Poor,1020.0,25.0,2025,10,12,6,Sunday,10.7,2191.44
2025-10-12,Jaipur,Rajasthan,28.2,17.4,22.8,48.4,0.0,13.2,247,Poor,1010.7,40.4,2025,10,12,6,Sunday,10.8,1103.52
2025-10-12,Lucknow,Uttar Pradesh,27.6,15.5,21.5,67.7,0.0,8.8,323,Very Poor,998.2,95.6,2025,10,12,6,Sunday,12.100000000000001,1455.55
2025-10-12,Bhopal,Madhya Pradesh,35.9,28.9,32.4,89.2,0.0,15.9,183,Moderate,992.3,9.7,2025,10,12,6,Sunday,7.0,2890.08
2025-10-13,Mumbai,Maharashtra,25.0,19.6,22.3,40.7,0.0,13.0,59,Satisfactory,1014.0,50.1,2025,10,13,0,Monday,5.399999999999999,907.6100000000001
2025-10-13,Delhi,Delhi,39.8,34.2,37.0,61.6,8.6,3.1,340,Very Poor,1024.8,69.8,2025,10,13,0,Monday,5.599999999999994,2279.2000000000003
2025-10-13,Bengaluru,Karnataka,38.4,30.9,34.7,90.2,0.0,8.5,304,Very Poor,1008.6,39.8,2025,10,13,0,Monday,7.5,3129.9400000000005
2025-10-13,Chennai,Tamil Nadu,25.6,15.3,20.4,84.4,0.0,15.7,231,Poor,1001.1,96.2,2025,10,13,0,Monday,10.3,1721.76
2025-10-13,Kolkata,West Bengal,36.2,22.1,29.1,44.5,0.0,23.4,344,Very Poor,1014.5,89.4,2025,10,13,0,Monday,14.100000000000001,1294.95
2025-10-13,Hyderabad,Telangana,34.6,21.6,28.1,67.5,0.0,6.3,63,Satisfactory,994.5,46.5,2025,10,13,0,Monday,13.0,1896.75
2025-10-13,Ahmedabad,Gujarat,29.4,23.4,26.4,61.6,0.0,13.9,136,Moderate,994.6,14.4,2025,10,13,0,Monday,6.0,1626.24
2025-10-13,Jaipur,Rajasthan,42.5,29.6,36.0,92.3,31.9,10.8,92,Satisfactory,990.3,82.9,2025,10,13,0,Monday,12.899999999999999,3322.7999999999997
2025-10-13,Lucknow,Uttar Pradesh,39.4,34.2,36.8,37.2,14.8,19.2,261,Poor,1001.5,61.8,2025,10,13,0,Monday,5.199999999999996,1368.96
2025-10-13,Bhopal,Madhya Pradesh,40.1,31.2,35.6,88.4,23.7,18.4,244,Poor,1021.1,45.4,2025,10,13,0,Monday,8.900000000000002,3147.0400000000004
2025-10-14,Mumbai,Maharashtra,29.7,17.2,23.5,67.8,0.0,19.6,135,Moderate,1020.0,81.1,2025,10,14,1,Tuesday,12.5,1593.3
2025-10-14,Delhi,Delhi,44.5,33.0,38.8,51.0,0.0,7.2,334,Very Poor,1007.2,42.8,2025,10,14,1,Tuesday,11.5,1978.8
2025-10-14,Bengaluru,Karnataka,34.9,25.0,29.9,81.6,4.0,22.9,175,Moderate,991.6,86.7,2025,10,14,1,Tuesday,9.899999999999999,2439.8399999999997
2025-10-14,Chennai,Tamil Nadu,30.8,25.4,28.1,43.4,0.0,18.9,91,Satisfactory,1014.0,78.1,2025,10,14,1,Tuesday,5.400000000000002,1219.54
2025-10-14,Kolkata,West Bengal,25.9,16.2,21.0,52.3,47.7,3.4,79,Satisfactory,1002.7,43.5,2025,10,14,1,Tuesday,9.7,1098.3
2025-10-14,Hyderabad,Telangana,36.7,31.3,34.0,76.3,0.0,12.5,263,Poor,995.4,17.6,2025,10,14,1,Tuesday,5.400000000000002,2594.2
2025-10-14,Ahmedabad,Gujarat,40.5,28.1,34.3,56.3,0.0,24.9,104,Moderate,1024.2,61.2,2025,10,14,1,Tuesday,12.399999999999999,1931.0899999999997
2025-10-14,Jaipur,Rajasthan,29.8,19.6,24.7,80.4,0.0,21.4,273,Poor,1008.6,99.0,2025,10,14,1,Tuesday,10.2,1985.88
2025-10-14,Lucknow,Uttar Pradesh,34.9,28.5,31.7,65.3,0.0,21.9,134,Moderate,1000.6,26.1,2025,10,14,1,Tuesday,6.399999999999999,2070.0099999999998
2025-10-14,Bhopal,Madhya Pradesh,39.2,28.9,34.0,37.0,0.0,21.6,48,Good,1010.0,22.7,2025,10,14,1,Tuesday,10.300000000000004,1258.0
2025-10-15,Mumbai,Maharashtra,27.0,15.0,21.0,85.1,0.0,24.7,70,Satisfactory,993.0,83.0,2025,10,15,2,Wednesday,12.0,1787.1
2025-10-15,Delhi,Delhi,30.4,20.4,25.4,33.5,4.0,18.5,280,Poor,993.2,8.6,2025,10,15,2,Wednesday,10.0,850.9
2025-10-15,Bengaluru,Karnataka,35.6,25.2,30.4,93.7,4.4,20.8,199,Moderate,1007.6,70.7,2025,10,15,2,Wednesday,10.400000000000002,2848.48
2025-10-15,Chennai,Tamil Nadu,33.1,27.8,30.5,41.3,4.8,4.5,250,Poor,991.8,13.3,2025,10,15,2,Wednesday,5.300000000000001,1259.6499999999999
2025-10-15,Kolkata,West Bengal,36.9,25.6,31.2,40.2,5.2,12.1,203,Poor,993.6,87.7,2025,10,15,2,Wednesday,11.299999999999997,1254.24
2025-10-15,Hyderabad,Telangana,42.8,33.4,38.1,45.4,3.1,19.7,102,Moderate,998.5,22.8,2025,10,15,2,Wednesday,9.399999999999999,1729.74
2025-10-15,Ahmedabad,Gujarat,43.7,37.1,40.4,52.5,48.9,4.6,168,Moderate,993.8,35.1,2025,10,15,2,Wednesday,6.600000000000001,2121.0
2025-10-15,Jaipur,Rajasthan,32.5,23.6,28.0,85.3,8.4,2.9,224,Poor,995.2,74.6,2025,10,15,2,Wednesday,8.899999999999999,2388.4
2025-10-15,Lucknow,Uttar Pradesh,38.5,26.3,32.4,89.2,0.0,11.9,77,Satisfactory,1014.8,31.8,2025,10,15,2,Wednesday,12.2,2890.08
2025-10-15,Bhopal,Madhya Pradesh,45.0,35.8,40.4,44.1,1.7,16.1,110,Moderate,1009.2,95.4,2025,10,15,2,Wednesday,9.200000000000003,1781.64
2025-10-16,Mumbai,Maharashtra,33.3,28.1,30.7,57.2,0.0,21.2,338,Very Poor,1016.8,19.0,2025,10,16,3,Thursday,5.199999999999996,1756.04
2025-10-16,Delhi,Delhi,37.6,26.7,32.1,30.8,0.0,4.3,259,Poor,1003.2,80.6,2025,10,16,3,Thursday,10.900000000000002,988.6800000000001
2025-10-16,Bengaluru,Karnataka,27.1,14.1,20.6,60.0,0.4,18.9,131,Moderate,996.6,8.6,2025,10,16,3,Thursday,13.000000000000002,1236.0
2025-10-16,Chennai,Tamil Nadu,40.9,26.5,33.7,67.2,45.1,23.6,172,Moderate,1024.8,71.4,2025,10,16,3,Thursday,14.399999999999999,2264.6400000000003
2025-10-16,Kolkata,West Bengal,42.9,28.9,35.9,39.4,74.4,18.3,200,Moderate,1008.8,78.8,2025,10,16,3,Thursday,14.0,1414.4599999999998
2025-10-16,Hyderabad,Telangana,31.4,23.8,27.6,65.1,0.0,15.6,222,Poor,1013.2,81.7,2025,10,16,3,Thursday,7.599999999999998,1796.76
2025-10-16,Ahmedabad,Gujarat,40.1,33.4,36.8,37.9,0.0,12.5,41,Good,1016.7,16.8,2025,10,16,3,Thursday,6.700000000000003,1394.7199999999998
2025-10-16,Jaipur,Rajasthan,31.2,23.7,27.5,50.0,0.0,17.1,341,Very Poor,1003.9,98.0,2025,10,16,3,Thursday,7.5,1375.0
2025-10-16,Lucknow,Uttar Pradesh,40.4,33.3,36.8,87.2,0.0,2.9,321,Very Poor,1021.6,96.3,2025,10,16,3,Thursday,7.100000000000001,3208.96
2025-10-16,Bhopal,Madhya Pradesh,28.8,20.5,24.7,92.1,0.0,5.5,223,Poor,1021.0,17.7,2025,10,16,3,Thursday,8.3,2274.87
2025-10-17,Mumbai,Maharashtra,31.4,22.2,26.8,43.7,6.3,17.7,186,Moderate,1016.5,84.7,2025,10,17,4,Friday,9.2,1171.16
2025-10-17,Delhi,Delhi,36.3,22.4,29.4,75.2,0.0,21.5,47,Good,1017.6,83.9,2025,10,17,4,Friday,13.899999999999999,2210.88
2025-10-17,Bengaluru,Karnataka,44.4,33.3,38.9,82.0,0.0,3.6,215,Poor,1009.0,18.6,2025,10,17,4,Friday,11.100000000000001,3189.7999999999997
2025-10-17,Chennai,Tamil Nadu,37.5,28.1,32.8,40.2,0.0,9.9,68,Satisfactory,1012.0,63.8,2025,10,17,4,Friday,9.399999999999999,1318.56
2025-10-17,Kolkata,West Bengal,29.7,19.8,24.8,53.8,0.0,10.0,310,Very Poor,1017.1,53.5,2025,10,17,4,Friday,9.899999999999999,1334.24
2025-10-17,Hyderabad,Telangana,44.0,29.8,36.9,46.5,47.5,14.9,53,Satisfactory,998.8,57.0,2025,10,17,4,Friday,14.2,1715.85
2025-10-17,Ahmedabad,Gujarat,41.7,31.0,36.4,72.4,0.0,16.3,209,Poor,1019.7,77.6,2025,10,17,4,Friday,10.700000000000003,2635.36
2025-10-17,Jaipur,Rajasthan,42.9,34.3,38.6,62.0,0.0,4.6,82,Satisfactory,1012.3,23.3,2025,10,17,4,Friday,8.600000000000001,2393.2000000000003
2025-10-17,Lucknow,Uttar Pradesh,28.6,16.8,22.7,39.0,0.0,15.6,124,Moderate,990.3,85.2,2025,10,17,4,Friday,11.8,885.3
2025-10-17,Bhopal,Madhya Pradesh,26.4,13.9,20.1,51.4,5.7,9.7,195,Moderate,1020.4,41.9,2025,10,17,4,Friday,12.499999999999998,1033.14
2025-10-18,Mumbai,Maharashtra,37.2,31.5,34.4,68.8,0.0,7.6,214,Poor,1006.7,70.3,2025,10,18,5,Saturday,5.700000000000003,2366.72
2025-10-18,Delhi,Delhi,27.8,19.3,23.5,34.1,0.0,14.1,195,Moderate,1009.8,46.7,2025,10,18,5,Saturday,8.5,801.35
2025-10-18,Bengaluru,Karnataka,39.2,29.4,34.3,89.8,15.0,5.4,269,Poor,1017.5,55.1,2025,10,18,5,Saturday,9.800000000000004,3080.14
2025-10-18,Chennai,Tamil Nadu,35.3,29.7,32.5,54.4,54.0,15.9,284,Poor,1000.0,9.1,2025,10,18,5,Saturday,5.599999999999998,1768.0
2025-10-18,Kolkata,West Bengal,42.8,31.6,37.2,61.4,0.0,13.7,98,Satisfactory,991.7,70.4,2025,10,18,5,Saturday,11.199999999999996,2284.08
2025-10-18,Hyderabad,Telangana,31.7,22.5,27.1,71.5,0.0,2.0,91,Satisfactory,1014.2,27.4,2025,10,18,5,Saturday,9.2,1937.65
2025-10-18,Ahmedabad,Gujarat,41.0,35.6,38.3,88.5,0.0,23.8,242,Poor,1011.7,62.8,2025,10,18,5,Saturday,5.399999999999999,3389.5499999999997
2025-10-18,Jaipur,Rajasthan,34.3,27.6,30.9,39.8,0.0,13.6,160,Moderate,1024.7,29.4,2025,10,18,5,Saturday,6.699999999999996,1229.82
2025-10-18,Lucknow,Uttar Pradesh,32.3,26.9,29.6,63.1,2.2,19.6,309,Very Poor,1021.1,93.7,2025,10,18,5,Saturday,5.399999999999999,1867.7600000000002
2025-10-18,Bhopal,Madhya Pradesh,27.4,20.2,23.8,38.0,3.6,18.5,47,Good,995.6,64.0,2025,10,18,5,Saturday,7.199999999999999,904.4
2025-10-19,Mumbai,Maharashtra,33.7,25.8,29.8,94.9,20.3,11.6,265,Poor,1010.2,55.7,2025,10,19,6,Sunday,7.900000000000002,2828.0200000000004
2025-10-19,Delhi,Delhi,31.7,26.0,28.9,57.1,5.5,3.0,70,Satisfactory,1024.6,99.1,2025,10,19,6,Sunday,5.699999999999999,1650.19
2025-10-19,Bengaluru,Karnataka,31.9,21.0,26.4,54.3,4.9,10.4,340,Very Poor,1005.0,59.7,2025,10,19,6,Sunday,10.899999999999999,1433.5199999999998
2025-10-19,Chennai,Tamil Nadu,37.8,31.9,34.9,50.7,0.0,17.2,277,Poor,1019.4,14.9,2025,10,19,6,Sunday,5.899999999999999,1769.43
2025-10-19,Kolkata,West Bengal,39.9,26.7,33.3,92.1,0.0,9.5,59,Satisfactory,1001.5,87.6,2025,10,19,6,Sunday,13.2,3066.9299999999994
2025-10-19,Hyderabad,Telangana,29.1,17.9,23.5,79.7,0.0,6.2,55,Satisfactory,1024.6,99.9,2025,10,19,6,Sunday,11.200000000000003,1872.95
2025-10-19,Ahmedabad,Gujarat,38.4,25.2,31.8,51.1,0.0,23.3,205,Poor,1012.5,82.6,2025,10,19,6,Sunday,13.2,1624.98
2025-10-19,Jaipur,Rajasthan,28.1,19.3,23.7,87.3,0.0,8.0,89,Satisfactory,993.5,85.6,2025,10,19,6,Sunday,8.8,2069.0099999999998
2025-10-19,Lucknow,Uttar Pradesh,41.6,33.0,37.3,59.7,4.7,16.7,196,Moderate,1017.1,5.8,2025,10,19,6,Sunday,8.600000000000001,2226.81
2025-10-19,Bhopal,Madhya Pradesh,35.5,28.1,31.8,66.2,0.0,12.0,191,Moderate,1016.8,43.9,2025,10,19,6,Sunday,7.399999999999999,2105.1600000000003
2025-10-20,Mumbai,Maharashtra,44.4,30.6,37.5,90.4,0.0,11.3,196,Moderate,1013.8,60.0,2025,10,20,0,Monday,13.799999999999997,3390.0
2025-10-20,Delhi,Delhi,41.3,29.5,35.4,83.4,0.0,6.9,269,Poor,999.5,42.7,2025,10,20,0,Monday,11.799999999999997,2952.36
2025-10-20,Bengaluru,Karnataka,25.8,12.7,19.2,79.3,0.0,8.7,197,Moderate,993.8,82.8,2025,10,20,0,Monday,13.100000000000001,1522.56
2025-10-20,Chennai,Tamil Nadu,29.9,24.8,27.3,64.1,0.0,24.9,161,Moderate,1009.9,36.5,2025,10,20,0,Monday,5.099999999999998,1749.9299999999998
2025-10-20,Kolkata,West Bengal,27.5,17.6,22.5,79.0,0.0,22.7,60,Satisfactory,1014.6,10.2,2025,10,20,0,Monday,9.899999999999999,1777.5
2025-10-20,Hyderabad,Telangana,41.0,32.4,36.7,42.3,8.7,18.7,247,Poor,990.0,15.1,2025,10,20,0,Monday,8.600000000000001,1552.41
2025-10-20,Ahmedabad,Gujarat,33.2,28.0,30.6,78.2,0.0,2.6,88,Satisfactory,1012.3,79.9,2025,10,20,0,Monday,5.200000000000003,2392.92
2025-10-20,Jaipur,Rajasthan,42.8,36.0,39.4,57.5,0.0,18.5,307,Very Poor,1015.0,92.6,2025,10,20,0,Monday,6.799999999999997,2265.5
2025-10-20,Lucknow,Uttar Pradesh,44.7,33.7,39.2,56.0,0.0,18.7,316,Very Poor,1012.9,32.8,2025,10,20,0,Monday,11.0,2195.2000000000003
2025-10-20,Bhopal,Madhya Pradesh,36.0,30.4,33.2,34.0,24.8,19.9,237,Poor,997.1,28.6,2025,10,20,0,Monday,5.600000000000001,1128.8000000000002
2025-10-21,Mumbai,Maharashtra,42.4,34.3,38.3,64.2,63.9,8.4,231,Poor,1014.2,15.8,2025,10,21,1,Tuesday,8.100000000000001,2458.86
2025-10-21,Delhi,Delhi,31.1,19.1,25.1,39.2,59.6,17.8,128,Moderate,1008.3,79.5,2025,10,21,1,Tuesday,12.0,983.9200000000001
2025-10-21,Bengaluru,Karnataka,38.5,26.3,32.4,55.5,0.0,9.0,79,Satisfactory,993.5,37.2,2025,10,21,1,Tuesday,12.2,1798.1999999999998
2025-10-21,Chennai,Tamil Nadu,33.8,21.0,27.4,34.4,13.1,23.2,223,Poor,1007.2,78.1,2025,10,21,1,Tuesday,12.799999999999997,942.56
2025-10-21,Kolkata,West Bengal,31.8,24.4,28.1,79.3,74.4,6.8,309,Very Poor,1009.6,56.0,2025,10,21,1,Tuesday,7.400000000000002,2228.33
2025-10-21,Hyderabad,Telangana,38.8,27.7,33.3,74.1,0.0,2.7,208,Poor,1004.5,19.7,2025,10,21,1,Tuesday,11.099999999999998,2467.5299999999997
2025-10-21,Ahmedabad,Gujarat,25.2,15.6,20.4,49.2,41.1,17.1,328,Very Poor,995.6,52.4,2025,10,21,1,Tuesday,9.6,1003.68
2025-10-21,Jaipur,Rajasthan,33.8,24.1,28.9,91.2,0.0,21.9,278,Poor,991.9,99.1,2025,10,21,1,Tuesday,9.699999999999996,2635.68
2025-10-21,Lucknow,Uttar Pradesh,30.7,18.1,24.4,90.0,0.0,2.1,344,Very Poor,993.9,89.1,2025,10,21,1,Tuesday,12.599999999999998,2196.0
2025-10-21,Bhopal,Madhya Pradesh,42.9,33.5,38.2,92.5,0.0,25.0,233,Poor,1011.9,37.3,2025,10,21,1,Tuesday,9.399999999999999,3533.5000000000005
2025-10-22,Mumbai,Maharashtra,33.6,28.1,30.8,43.1,0.3,6.4,210,Poor,1008.5,71.7,2025,10,22,2,Wednesday,5.5,1327.48
2025-10-22,Delhi,Delhi,25.3,16.7,21.0,58.7,0.0,6.3,182,Moderate,1016.3,20.3,2025,10,22,2,Wednesday,8.600000000000001,1232.7
2025-10-22,Bengaluru,Karnataka,40.1,28.2,34.1,58.1,0.0,22.6,256,Poor,995.0,39.1,2025,10,22,2,Wednesday,11.900000000000002,1981.21
2025-10-22,Chennai,Tamil Nadu,42.5,34.2,38.3,66.5,0.0,21.4,177,Moderate,992.6,10.9,2025,10,22,2,Wednesday,8.299999999999997,2546.95
2025-10-22,Kolkata,West Bengal,33.1,26.5,29.8,47.1,0.0,3.1,308,Very Poor,991.5,42.0,2025,10,22,2,Wednesday,6.600000000000001,1403.5800000000002
2025-10-22,Hyderabad,Telangana,41.7,33.0,37.3,80.3,0.0,6.2,291,Poor,999.8,37.2,2025,10,22,2,Wednesday,8.700000000000003,2995.1899999999996
2025-10-22,Ahmedabad,Gujarat,36.1,29.0,32.6,36.2,5.0,20.3,308,Very Poor,1018.8,47.5,2025,10,22,2,Wednesday,7.100000000000001,1180.1200000000001
2025-10-22,Jaipur,Rajasthan,33.9,27.2,30.6,55.8,3.5,17.1,224,Poor,997.9,35.0,2025,10,22,2,Wednesday,6.699999999999999,1707.48
2025-10-22,Lucknow,Uttar Pradesh,26.7,14.8,20.7,41.6,0.0,17.4,296,Poor,1009.4,21.3,2025,10,22,2,Wednesday,11.899999999999999,861.12
2025-10-22,Bhopal,Madhya Pradesh,34.1,27.5,30.8,81.8,0.0,18.7,275,Poor,1005.8,22.8,2025,10,22,2,Wednesday,6.600000000000001,2519.44
2025-10-23,Mumbai,Maharashtra,30.8,19.0,24.9,46.7,2.5,16.1,219,Poor,992.3,74.7,2025,10,23,3,Thursday,11.8,1162.83
2025-10-23,Delhi,Delhi,37.5,28.9,33.2,66.2,3.8,17.6,245,Poor,1013.5,23.4,2025,10,23,3,Thursday,8.600000000000001,2197.84
2025-10-23,Bengaluru,Karnataka,29.6,17.8,23.7,51.7,0.0,19.5,74,Satisfactory,993.6,70.0,2025,10,23,3,Thursday,11.8,1225.29
2025-10-23,Chennai,Tamil Nadu,35.2,28.3,31.7,86.3,4.1,12.2,167,Moderate,1020.1,46.1,2025,10,23,3,Thursday,6.900000000000002,2735.71
2025-10-23,Kolkata,West Bengal,34.1,20.5,27.3,68.1,60.4,21.3,106,Moderate,1022.5,37.6,2025,10,23,3,Thursday,13.600000000000001,1859.1299999999999
2025-10-23,Hyderabad,Telangana,29.1,15.5,22.3,84.0,0.0,18.9,208,Poor,998.7,64.3,2025,10,23,3,Thursday,13.600000000000001,1873.2
2025-10-23,Ahmedabad,Gujarat,30.3,15.9,23.1,46.7,0.0,21.2,237,Poor,1017.7,83.9,2025,10,23,3,Thursday,14.4,1078.7700000000002
2025-10-23,Jaipur,Rajasthan,39.2,25.2,32.2,38.3,18.8,14.9,178,Moderate,996.2,18.5,2025,10,23,3,Thursday,14.000000000000004,1233.26
2025-10-23,Lucknow,Uttar Pradesh,41.3,28.3,34.8,85.3,7.7,13.9,189,Moderate,1015.4,51.0,2025,10,23,3,Thursday,12.999999999999996,2968.4399999999996
2025-10-23,Bhopal,Madhya Pradesh,27.5,13.5,20.5,54.4,0.0,22.0,120,Moderate,997.3,24.6,2025,10,23,3,Thursday,14.0,1115.2
2025-10-24,Mumbai,Maharashtra,36.5,26.3,31.4,41.4,0.0,17.5,231,Poor,1010.5,36.2,2025,10,24,4,Friday,10.2,1299.9599999999998
2025-10-24,Delhi,Delhi,29.2,15.9,22.5,31.4,32.3,13.5,143,Moderate,1018.1,92.8,2025,10,24,4,Friday,13.299999999999999,706.5
2025-10-24,Bengaluru,Karnataka,42.6,30.3,36.5,37.0,0.0,13.4,74,Satisfactory,1021.2,90.9,2025,10,24,4,Friday,12.3,1350.5
2025-10-24,Chennai,Tamil Nadu,32.5,18.5,25.5,83.3,7.2,15.4,136,Moderate,995.9,78.5,2025,10,24,4,Friday,14.0,2124.15
2025-10-24,Kolkata,West Bengal,37.4,28.8,33.1,35.5,0.0,6.6,67,Satisfactory,1011.7,14.6,2025,10,24,4,Friday,8.599999999999998,1175.05
2025-10-24,Hyderabad,Telangana,43.9,37.8,40.8,54.4,0.0,4.6,319,Very Poor,1016.9,79.2,2025,10,24,4,Friday,6.100000000000001,2219.52
2025-10-24,Ahmedabad,Gujarat,39.1,33.6,36.3,65.8,0.0,18.7,173,Moderate,996.3,46.5,2025,10,24,4,Friday,5.5,2388.5399999999995
2025-10-24,Jaipur,Rajasthan,44.6,39.4,42.0,83.0,0.0,18.1,280,Poor,1013.7,64.6,2025,10,24,4,Friday,5.200000000000003,3486.0
2025-10-24,Lucknow,Uttar Pradesh,29.6,18.3,24.0,71.5,0.0,23.0,177,Moderate,1024.2,70.5,2025,10,24,4,Friday,11.3,1716.0
2025-10-24,Bhopal,Madhya Pradesh,35.7,29.7,32.7,53.6,0.0,23.9,123,Moderate,1021.0,59.0,2025,10,24,4,Friday,6.0000000000000036,1752.7200000000003
2025-10-25,Mumbai,Maharashtra,27.3,13.7,20.5,89.8,5.0,10.5,114,Moderate,995.5,92.3,2025,10,25,5,Saturday,13.600000000000001,1840.8999999999999
2025-10-25,Delhi,Delhi,39.2,29.9,34.6,83.8,0.0,8.0,145,Moderate,1015.0,56.7,2025,10,25,5,Saturday,9.300000000000004,2899.48
2025-10-25,Bengaluru,Karnataka,31.6,25.4,28.5,43.9,0.0,21.2,282,Poor,1007.0,80.5,2025,10,25,5,Saturday,6.200000000000003,1251.1499999999999
2025-10-25,Chennai,Tamil Nadu,42.0,28.5,35.2,74.1,0.0,8.9,281,Poor,993.6,23.0,2025,10,25,5,Saturday,13.5,2608.32
2025-10-25,Kolkata,West Bengal,43.9,32.2,38.1,87.6,0.0,22.6,296,Poor,1017.9,98.4,2025,10,25,5,Saturday,11.699999999999996,3337.56
2025-10-25,Hyderabad,Telangana,33.0,26.9,29.9,86.8,0.0,2.7,75,Satisfactory,991.8,68.7,2025,10,25,5,Saturday,6.100000000000001,2595.3199999999997
2025-10-25,Ahmedabad,Gujarat,39.9,30.7,35.3,66.6,0.0,18.8,233,Poor,1022.1,32.6,2025,10,25,5,Saturday,9.2,2350.9799999999996
2025-10-25,Jaipur,Rajasthan,44.0,32.5,38.3,88.0,9.4,14.7,119,Moderate,993.4,26.2,2025,10,25,5,Saturday,11.5,3370.3999999999996
2025-10-25,Lucknow,Uttar Pradesh,25.7,19.6,22.7,49.2,0.0,11.6,320,Very Poor,1018.7,82.2,2025,10,25,5,Saturday,6.099999999999998,1116.84
2025-10-25,Bhopal,Madhya Pradesh,39.9,32.5,36.2,75.7,7.6,3.6,289,Poor,1010.8,50.6,2025,10,25,5,Saturday,7.399999999999999,2740.34
2025-10-26,Mumbai,Maharashtra,27.6,20.4,24.0,66.3,9.5,6.7,220,Poor,993.7,42.5,2025,10,26,6,Sunday,7.200000000000003,1591.1999999999998
2025-10-26,Delhi,Delhi,41.5,30.2,35.9,62.0,2.9,4.6,337,Very Poor,995.1,73.4,2025,10,26,6,Sunday,11.3,2225.7999999999997
2025-10-26,Bengaluru,Karnataka,27.4,16.3,21.9,45.5,0.0,2.5,268,Poor,1021.3,55.9,2025,10,26,6,Sunday,11.099999999999998,996.4499999999999
2025-10-26,Chennai,Tamil Nadu,33.5,26.6,30.0,60.3,2.9,4.2,260,Poor,1003.9,56.9,2025,10,26,6,Sunday,6.899999999999999,1809.0
2025-10-26,Kolkata,West Bengal,37.7,23.8,30.7,94.5,9.4,2.8,168,Moderate,1008.7,68.1,2025,10,26,6,Sunday,13.900000000000002,2901.15
2025-10-26,Hyderabad,Telangana,32.7,22.3,27.5,88.9,2.7,6.3,149,Moderate,1019.2,68.3,2025,10,26,6,Sunday,10.400000000000002,2444.75
2025-10-26,Ahmedabad,Gujarat,39.4,31.6,35.5,80.3,0.0,20.8,241,Poor,1016.3,85.0,2025,10,26,6,Sunday,7.799999999999997,2850.65
2025-10-26,Jaipur,Rajasthan,40.9,31.5,36.2,74.1,0.4,21.9,124,Moderate,1017.0,32.2,2025,10,26,6,Sunday,9.399999999999999,2682.42
2025-10-26,Lucknow,Uttar Pradesh,41.0,34.1,37.6,37.2,0.0,20.4,226,Poor,1007.0,29.0,2025,10,26,6,Sunday,6.899999999999999,1398.7200000000003
2025-10-26,Bhopal,Madhya Pradesh,26.4,14.1,20.3,62.6,0.2,6.3,281,Poor,1023.7,90.2,2025,10,26,6,Sunday,12.299999999999999,1270.78
2025-10-27,Mumbai,Maharashtra,26.6,18.0,22.3,49.4,0.0,9.3,185,Moderate,1020.8,18.7,2025,10,27,0,Monday,8.600000000000001,1101.62
2025-10-27,Delhi,Delhi,44.5,37.0,40.8,75.7,0.0,18.1,209,Poor,1005.2,33.4,2025,10,27,0,Monday,7.5,3088.56
2025-10-27,Bengaluru,Karnataka,27.8,14.6,21.2,78.8,35.7,16.6,236,Poor,1000.0,81.6,2025,10,27,0,Monday,13.200000000000001,1670.56
2025-10-27,Chennai,Tamil Nadu,27.5,21.4,24.5,91.0,0.0,14.8,279,Poor,998.1,18.3,2025,10,27,0,Monday,6.100000000000001,2229.5
2025-10-27,Kolkata,West Bengal,41.2,29.0,35.1,30.7,2.9,19.4,172,Moderate,1012.0,80.0,2025,10,27,0,Monday,12.200000000000003,1077.57
2025-10-27,Hyderabad,Telangana,35.8,30.2,33.0,57.8,0.0,7.5,257,Poor,998.3,17.7,2025,10,27,0,Monday,5.599999999999998,1907.3999999999999
2025-10-27,Ahmedabad,Gujarat,37.5,26.7,32.1,64.5,63.8,12.1,247,Poor,1004.3,20.5,2025,10,27,0,Monday,10.8,2070.4500000000003
2025-10-27,Jaipur,Rajasthan,36.2,21.3,28.7,68.0,49.4,18.6,132,Moderate,994.5,37.6,2025,10,27,0,Monday,14.900000000000002,1951.6
2025-10-27,Lucknow,Uttar Pradesh,42.1,31.0,36.6,82.7,0.0,10.6,338,Very Poor,990.5,22.5,2025,10,27,0,Monday,11.100000000000001,3026.82
2025-10-27,Bhopal,Madhya Pradesh,26.6,20.1,23.3,90.1,0.0,20.1,151,Moderate,1007.2,35.7,2025,10,27,0,Monday,6.5,2099.33
2025-10-28,Mumbai,Maharashtra,35.1,24.6,29.8,83.2,7.7,19.4,212,Poor,1013.7,87.5,2025,10,28,1,Tuesday,10.5,2479.36
2025-10-28,Delhi,Delhi,35.4,23.4,29.4,40.8,0.0,16.1,213,Poor,991.1,77.8,2025,10,28,1,Tuesday,12.0,1199.5199999999998
2025-10-28,Bengaluru,Karnataka,38.5,32.0,35.3,82.6,0.0,17.0,286,Poor,991.8,75.5,2025,10,28,1,Tuesday,6.5,2915.7799999999997
2025-10-28,Chennai,Tamil Nadu,34.5,25.4,30.0,52.3,9.3,23.3,252,Poor,1002.2,64.9,2025,10,28,1,Tuesday,9.100000000000001,1569.0
2025-10-28,Kolkata,West Bengal,44.9,35.7,40.3,56.0,0.0,5.9,334,Very Poor,992.6,96.7,2025,10,28,1,Tuesday,9.199999999999996,2256.7999999999997
2025-10-28,Hyderabad,Telangana,31.5,18.6,25.1,86.7,0.0,5.2,254,Poor,1017.9,41.5,2025,10,28,1,Tuesday,12.899999999999999,2176.17
2025-10-28,Ahmedabad,Gujarat,35.8,26.8,31.3,38.0,3.4,2.7,144,Moderate,994.9,76.8,2025,10,28,1,Tuesday,8.999999999999996,1189.4
2025-10-28,Jaipur,Rajasthan,37.9,27.2,32.6,72.4,0.0,2.2,62,Satisfactory,997.9,99.4,2025,10,28,1,Tuesday,10.7,2360.2400000000002
2025-10-28,Lucknow,Uttar Pradesh,42.5,35.9,39.2,37.1,7.8,7.5,146,Moderate,1020.8,11.8,2025,10,28,1,Tuesday,6.600000000000001,1454.3200000000002
2025-10-28,Bhopal,Madhya Pradesh,34.3,28.6,31.4,67.7,5.6,11.1,205,Poor,1017.7,36.8,2025,10,28,1,Tuesday,5.699999999999996,2125.78
2025-10-29,Mumbai,Maharashtra,26.1,17.9,22.0,64.3,7.1,22.7,95,Satisfactory,999.8,77.7,2025,10,29,2,Wednesday,8.200000000000003,1414.6
2025-10-29,Delhi,Delhi,35.5,22.5,29.0,55.1,0.4,4.5,122,Moderate,991.0,81.9,2025,10,29,2,Wednesday,13.0,1597.9
2025-10-29,Bengaluru,Karnataka,32.3,26.4,29.4,36.3,0.0,12.4,307,Very Poor,1003.6,71.0,2025,10,29,2,Wednesday,5.899999999999999,1067.2199999999998
2025-10-29,Chennai,Tamil Nadu,40.3,35.3,37.8,36.5,0.0,22.2,323,Very Poor,993.9,11.9,2025,10,29,2,Wednesday,5.0,1379.6999999999998
2025-10-29,Kolkata,West Bengal,28.2,18.6,23.4,51.2,54.2,17.1,84,Satisfactory,1002.4,72.6,2025,10,29,2,Wednesday,9.599999999999998,1198.08
2025-10-29,Hyderabad,Telangana,36.6,26.9,31.8,53.4,0.0,21.7,244,Poor,997.1,30.1,2025,10,29,2,Wednesday,9.700000000000003,1698.12
2025-10-29,Ahmedabad,Gujarat,40.5,32.6,36.5,53.4,7.4,5.7,182,Moderate,1004.4,70.4,2025,10,29,2,Wednesday,7.899999999999999,1949.1
2025-10-29,Jaipur,Rajasthan,25.4,16.3,20.9,48.7,0.0,23.8,75,Satisfactory,1016.2,94.3,2025,10,29,2,Wednesday,9.099999999999998,1017.83
2025-10-29,Lucknow,Uttar Pradesh,36.4,30.6,33.5,31.7,0.0,10.4,186,Moderate,993.2,39.4,2025,10,29,2,Wednesday,5.799999999999997,1061.95
2025-10-29,Bhopal,Madhya Pradesh,31.8,21.0,26.4,68.0,0.0,10.6,305,Very Poor,1016.6,18.3,2025,10,29,2,Wednesday,10.8,1795.1999999999998
2025-10-30,Mumbai,Maharashtra,31.6,19.4,25.5,87.4,0.0,15.9,260,Poor,996.4,80.1,2025,10,30,3,Thursday,12.200000000000003,2228.7000000000003
2025-10-30,Delhi,Delhi,40.9,31.6,36.2,66.2,0.0,13.7,205,Poor,1019.6,78.4,2025,10,30,3,Thursday,9.299999999999997,2396.4400000000005
2025-10-30,Bengaluru,Karnataka,32.1,22.6,27.4,52.8,1.6,24.3,98,Satisfactory,1005.9,99.7,2025,10,30,3,Thursday,9.5,1446.7199999999998
2025-10-30,Chennai,Tamil Nadu,38.1,23.2,30.7,71.6,4.6,23.6,329,Very Poor,1005.9,78.4,2025,10,30,3,Thursday,14.900000000000002,2198.12
2025-10-30,Kolkata,West Bengal,30.6,20.7,25.7,94.7,3.6,5.5,195,Moderate,1018.2,44.2,2025,10,30,3,Thursday,9.900000000000002,2433.79
2025-10-30,Hyderabad,Telangana,37.9,28.8,33.3,51.1,0.0,4.5,65,Satisfactory,1019.6,44.1,2025,10,30,3,Thursday,9.099999999999998,1701.6299999999999
2025-10-30,Ahmedabad,Gujarat,40.8,35.6,38.2,69.0,0.0,4.6,136,Moderate,1024.8,76.7,2025,10,30,3,Thursday,5.199999999999996,2635.8
2025-10-30,Jaipur,Rajasthan,31.7,20.2,26.0,59.7,2.8,22.4,76,Satisfactory,997.2,11.0,2025,10,30,3,Thursday,11.5,1552.2
2025-10-30,Lucknow,Uttar Pradesh,33.3,25.3,29.3,34.8,0.0,17.1,133,Moderate,1010.0,83.5,2025,10,30,3,Thursday,7.9999999999999964,1019.64
2025-10-30,Bhopal,Madhya Pradesh,27.7,19.1,23.4,80.6,0.0,24.7,106,Moderate,1023.9,67.5,2025,10,30,3,Thursday,8.599999999999998,1886.0399999999997
2025-10-31,Mumbai,Maharashtra,40.3,29.5,34.9,78.7,32.3,22.7,167,Moderate,1009.1,70.0,2025,10,31,4,Friday,10.799999999999997,2746.63
2025-10-31,Delhi,Delhi,38.1,27.6,32.9,51.0,55.6,6.6,78,Satisfactory,1003.7,81.5,2025,10,31,4,Friday,10.5,1677.8999999999999
2025-10-31,Bengaluru,Karnataka,44.9,33.1,39.0,89.2,0.0,11.3,250,Poor,997.1,87.8,2025,10,31,4,Friday,11.799999999999997,3478.8
2025-10-31,Chennai,Tamil Nadu,27.1,18.5,22.8,34.5,0.0,13.9,94,Satisfactory,991.5,29.4,2025,10,31,4,Friday,8.600000000000001,786.6
2025-10-31,Kolkata,West Bengal,43.6,34.8,39.2,68.0,0.0,4.8,189,Moderate,992.9,23.4,2025,10,31,4,Friday,8.800000000000004,2665.6000000000004
2025-10-31,Hyderabad,Telangana,29.7,20.4,25.1,31.9,0.0,7.0,52,Satisfactory,1001.1,32.3,2025,10,31,4,Friday,9.3,800.69
2025-10-31,Ahmedabad,Gujarat,27.1,13.0,20.1,76.2,40.8,20.8,242,Poor,1020.6,8.7,2025,10,31,4,Friday,14.100000000000001,1531.6200000000001
2025-10-31,Jaipur,Rajasthan,36.3,25.9,31.1,62.8,8.0,22.0,168,Moderate,1006.9,70.6,2025,10,31,4,Friday,10.399999999999999,1953.08
2025-10-31,Lucknow,Uttar Pradesh,32.2,18.3,25.2,88.8,0.0,12.0,52,Satisfactory,1018.7,42.8,2025,10,31,4,Friday,13.900000000000002,2237.7599999999998
2025-10-31,Bhopal,Madhya Pradesh,32.1,23.1,27.6,40.1,75.4,12.3,273,Poor,1014.8,19.4,2025,10,31,4,Friday,9.0,1106.76
2025-11-01,Mumbai,Maharashtra,34.5,22.3,28.4,71.9,0.0,20.0,130,Moderate,993.3,63.5,2025,11,1,5,Saturday,12.2,2041.96
2025-11-01,Delhi,Delhi,42.2,27.7,35.0,33.6,17.2,4.9,265,Poor,996.8,28.9,2025,11,1,5,Saturday,14.500000000000004,1176.0
2025-11-01,Bengaluru,Karnataka,30.9,19.9,25.4,67.2,0.0,22.2,200,Moderate,997.2,88.6,2025,11,1,5,Saturday,11.0,1706.8799999999999
2025-11-01,Chennai,Tamil Nadu,37.3,29.7,33.5,44.5,0.0,12.1,341,Very Poor,999.5,32.7,2025,11,1,5,Saturday,7.599999999999998,1490.75
2025-11-01,Kolkata,West Bengal,36.7,23.4,30.1,33.0,0.1,16.1,343,Very Poor,1011.7,18.2,2025,11,1,5,Saturday,13.300000000000004,993.3000000000001
2025-11-01,Hyderabad,Telangana,35.6,29.6,32.6,56.9,0.8,9.4,194,Moderate,1001.0,53.9,2025,11,1,5,Saturday,6.0,1854.94
2025-11-01,Ahmedabad,Gujarat,34.3,24.2,29.3,33.1,4.8,8.6,99,Satisfactory,1013.7,36.3,2025,11,1,5,Saturday,10.099999999999998,969.83
2025-11-01,Jaipur,Rajasthan,40.5,33.4,36.9,85.8,0.0,17.0,292,Poor,997.4,7.1,2025,11,1,5,Saturday,7.100000000000001,3166.02
2025-11-01,Lucknow,Uttar Pradesh,42.1,28.3,35.2,32.4,0.0,12.8,302,Very Poor,1004.3,46.8,2025,11,1,5,Saturday,13.8,1140.48
2025-11-01,Bhopal,Madhya Pradesh,33.4,25.3,29.3,38.5,0.0,17.7,336,Very Poor,1014.3,23.9,2025,11,1,5,Saturday,8.099999999999998,1128.05
2025-11-02,Mumbai,Maharashtra,40.8,28.9,34.8,79.0,41.9,2.6,183,Moderate,1018.1,47.5,2025,11,2,6,Sunday,11.899999999999999,2749.2
2025-11-02,Delhi,Delhi,31.5,20.4,26.0,73.9,0.0,20.0,203,Poor,1009.1,45.8,2025,11,2,6,Sunday,11.100000000000001,1921.4
2025-11-02,Bengaluru,Karnataka,34.8,20.5,27.6,50.3,0.5,22.9,86,Satisfactory,994.1,54.7,2025,11,2,6,Sunday,14.299999999999997,1388.28
2025-11-02,Chennai,Tamil Nadu,34.1,21.1,27.6,85.7,8.4,14.7,104,Moderate,1009.6,89.1,2025,11,2,6,Sunday,13.0,2365.32
2025-11-02,Kolkata,West Bengal,33.8,22.7,28.2,79.7,0.0,23.0,101,Moderate,1002.5,5.3,2025,11,2,6,Sunday,11.099999999999998,2247.54
2025-11-02,Hyderabad,Telangana,44.4,36.3,40.3,69.9,0.0,11.9,47,Good,1019.3,68.0,2025,11,2,6,Sunday,8.100000000000001,2816.9700000000003
2025-11-02,Ahmedabad,Gujarat,29.1,21.2,25.1,53.8,5.8,12.9,136,Moderate,1007.6,45.6,2025,11,2,6,Sunday,7.900000000000002,1350.38
2025-11-02,Jaipur,Rajasthan,39.5,32.2,35.8,74.8,0.0,5.9,289,Poor,1016.6,41.5,2025,11,2,6,Sunday,7.299999999999997,2677.8399999999997
2025-11-02,Lucknow,Uttar Pradesh,35.0,29.7,32.4,85.0,0.0,18.5,70,Satisfactory,1024.9,88.2,2025,11,2,6,Sunday,5.300000000000001,2754.0
2025-11-02,Bhopal,Madhya Pradesh,37.1,25.5,31.3,71.0,5.7,18.8,107,Moderate,1010.2,52.2,2025,11,2,6,Sunday,11.600000000000001,2222.3
2025-11-03,Mumbai,Maharashtra,35.9,29.6,32.8,34.7,7.8,23.3,168,Moderate,1003.3,43.0,2025,11,3,0,Monday,6.299999999999997,1138.16
2025-11-03,Delhi,Delhi,34.3,24.2,29.2,80.6,0.0,5.9,221,Poor,1014.6,10.3,2025,11,3,0,Monday,10.099999999999998,2353.52
2025-11-03,Bengaluru,Karnataka,29.0,24.0,26.5,50.5,0.0,23.1,88,Satisfactory,1019.5,23.3,2025,11,3,0,Monday,5.0,1338.25
2025-11-03,Chennai,Tamil Nadu,29.9,21.3,25.6,67.9,0.0,17.2,238,Poor,1009.3,83.4,2025,11,3,0,Monday,8.599999999999998,1738.2400000000002
2025-11-03,Kolkata,West Bengal,43.5,31.5,37.5,58.3,0.0,6.4,159,Moderate,997.6,75.5,2025,11,3,0,Monday,12.0,2186.25
2025-11-03,Hyderabad,Telangana,31.5,26.0,28.7,65.0,0.0,2.2,83,Satisfactory,992.3,30.7,2025,11,3,0,Monday,5.5,1865.5
2025-11-03,Ahmedabad,Gujarat,40.4,34.3,37.4,40.5,26.8,21.9,57,Satisfactory,1016.1,37.6,2025,11,3,0,Monday,6.100000000000001,1514.7
2025-11-03,Jaipur,Rajasthan,31.7,23.0,27.3,38.3,0.0,17.6,287,Poor,1009.2,90.6,2025,11,3,0,Monday,8.7,1045.59
2025-11-03,Lucknow,Uttar Pradesh,28.0,16.9,22.5,72.5,0.0,7.9,316,Very Poor,1012.3,91.6,2025,11,3,0,Monday,11.100000000000001,1631.25
2025-11-03,Bhopal,Madhya Pradesh,32.2,18.9,25.5,63.2,4.7,15.8,157,Moderate,1003.1,77.5,2025,11,3,0,Monday,13.300000000000004,1611.6000000000001
2025-11-04,Mumbai,Maharashtra,36.7,27.8,32.2,37.6,1.7,12.8,225,Poor,1001.4,37.0,2025,11,4,1,Tuesday,8.900000000000002,1210.7200000000003
2025-11-04,Delhi,Delhi,34.4,29.3,31.9,80.1,0.0,15.3,281,Poor,1019.9,19.7,2025,11,4,1,Tuesday,5.099999999999998,2555.1899999999996
2025-11-04,Bengaluru,Karnataka,25.8,11.6,18.7,43.1,0.0,16.6,148,Moderate,1013.1,71.4,2025,11,4,1,Tuesday,14.200000000000001,805.97
2025-11-04,Chennai,Tamil Nadu,38.3,29.0,33.7,66.8,5.5,21.9,184,Moderate,997.1,44.6,2025,11,4,1,Tuesday,9.299999999999997,2251.1600000000003
2025-11-04,Kolkata,West Bengal,36.0,30.8,33.4,79.3,20.0,21.6,104,Moderate,1009.0,31.1,2025,11,4,1,Tuesday,5.199999999999999,2648.62
2025-11-04,Hyderabad,Telangana,34.8,24.7,29.7,72.4,8.0,22.9,56,Satisfactory,1007.5,8.7,2025,11,4,1,Tuesday,10.099999999999998,2150.28
2025-11-04,Ahmedabad,Gujarat,30.4,19.2,24.8,51.8,69.5,2.4,144,Moderate,993.1,52.4,2025,11,4,1,Tuesday,11.2,1284.6399999999999
2025-11-04,Jaipur,Rajasthan,40.6,29.1,34.9,34.5,33.6,12.9,72,Satisfactory,1022.5,7.9,2025,11,4,1,Tuesday,11.5,1204.05
2025-11-04,Lucknow,Uttar Pradesh,32.7,18.9,25.8,65.4,0.0,7.7,181,Moderate,1012.6,87.8,2025,11,4,1,Tuesday,13.800000000000004,1687.3200000000002
2025-11-04,Bhopal,Madhya Pradesh,28.9,17.5,23.2,42.8,5.7,20.5,126,Moderate,1008.9,8.6,2025,11,4,1,Tuesday,11.399999999999999,992.9599999999999
2025-11-05,Mumbai,Maharashtra,27.8,17.5,22.6,36.6,0.0,18.0,87,Satisfactory,1014.4,42.7,2025,11,5,2,Wednesday,10.3,827.1600000000001
2025-11-05,Delhi,Delhi,27.6,15.2,21.4,44.3,0.0,24.4,304,Very Poor,1012.6,34.9,2025,11,5,2,Wednesday,12.400000000000002,948.0199999999999
2025-11-05,Bengaluru,Karnataka,31.2,16.5,23.9,61.1,0.0,6.5,122,Moderate,993.4,74.7,2025,11,5,2,Wednesday,14.7,1460.29
2025-11-05,Chennai,Tamil Nadu,37.8,26.1,31.9,74.7,0.0,2.7,339,Very Poor,993.6,41.0,2025,11,5,2,Wednesday,11.699999999999996,2382.93
2025-11-05,Kolkata,West Bengal,32.1,22.5,27.3,82.9,9.2,13.6,101,Moderate,998.0,61.8,2025,11,5,2,Wednesday,9.600000000000001,2263.17
2025-11-05,Hyderabad,Telangana,26.1,11.9,19.0,61.5,0.0,12.2,105,Moderate,1022.0,82.6,2025,11,5,2,Wednesday,14.200000000000001,1168.5
2025-11-05,Ahmedabad,Gujarat,30.8,19.2,25.0,67.1,7.7,22.2,310,Very Poor,1016.8,28.1,2025,11,5,2,Wednesday,11.600000000000001,1677.4999999999998
2025-11-05,Jaipur,Rajasthan,31.7,17.6,24.7,83.6,0.0,24.5,130,Moderate,1006.0,11.4,2025,11,5,2,Wednesday,14.099999999999998,2064.9199999999996
2025-11-05,Lucknow,Uttar Pradesh,33.6,22.7,28.1,39.9,5.2,9.0,235,Poor,1005.7,41.9,2025,11,5,2,Wednesday,10.900000000000002,1121.19
2025-11-05,Bhopal,Madhya Pradesh,41.7,30.0,35.8,60.2,0.0,9.4,268,Poor,1005.5,46.7,2025,11,5,2,Wednesday,11.700000000000003,2155.16
2025-11-06,Mumbai,Maharashtra,43.7,34.8,39.3,35.6,10.3,24.9,247,Poor,991.8,39.0,2025,11,6,3,Thursday,8.900000000000006,1399.08
2025-11-06,Delhi,Delhi,28.6,17.6,23.1,82.9,0.0,10.0,180,Moderate,1023.9,23.3,2025,11,6,3,Thursday,11.0,1914.9900000000002
2025-11-06,Bengaluru,Karnataka,31.7,24.6,28.2,51.0,0.0,16.3,226,Poor,1023.0,95.5,2025,11,6,3,Thursday,7.099999999999998,1438.2
2025-11-06,Chennai,Tamil Nadu,30.4,22.9,26.7,78.6,9.8,4.8,132,Moderate,1000.4,58.8,2025,11,6,3,Thursday,7.5,2098.62
2025-11-06,Kolkata,West Bengal,38.0,28.8,33.4,44.2,5.4,14.0,267,Poor,1023.1,14.8,2025,11,6,3,Thursday,9.2,1476.28
2025-11-06,Hyderabad,Telangana,31.0,22.3,26.7,52.7,0.0,21.5,280,Poor,1020.9,8.8,2025,11,6,3,Thursday,8.7,1407.0900000000001
2025-11-06,Ahmedabad,Gujarat,26.4,13.4,19.9,69.8,0.0,16.6,54,Satisfactory,1006.6,78.4,2025,11,6,3,Thursday,12.999999999999998,1389.0199999999998
2025-11-06,Jaipur,Rajasthan,31.9,21.3,26.6,68.2,0.0,11.5,179,Moderate,1001.6,58.9,2025,11,6,3,Thursday,10.599999999999998,1814.1200000000001
2025-11-06,Lucknow,Uttar Pradesh,32.9,19.4,26.2,70.4,6.5,5.5,75,Satisfactory,1004.1,9.5,2025,11,6,3,Thursday,13.5,1844.48
2025-11-06,Bhopal,Madhya Pradesh,26.6,17.2,21.9,75.3,3.2,6.8,136,Moderate,1015.3,5.7,2025,11,6,3,Thursday,9.400000000000002,1649.07
2025-11-07,Mumbai,Maharashtra,37.4,23.7,30.6,79.0,0.0,20.7,72,Satisfactory,1017.0,97.7,2025,11,7,4,Friday,13.7,2417.4
2025-11-07,Delhi,Delhi,31.8,24.9,28.4,71.0,0.0,15.8,325,Very Poor,1013.1,14.8,2025,11,7,4,Friday,6.900000000000002,2016.3999999999999
2025-11-07,Bengaluru,Karnataka,25.7,11.0,18.3,50.6,3.2,5.7,311,Very Poor,998.9,96.3,2025,11,7,4,Friday,14.7,925.98
2025-11-07,Chennai,Tamil Nadu,29.2,18.5,23.9,43.2,0.0,16.6,326,Very Poor,998.8,43.4,2025,11,7,4,Friday,10.7,1032.48
2025-11-07,Kolkata,West Bengal,40.1,31.3,35.7,45.0,66.5,15.0,94,Satisfactory,1008.1,73.4,2025,11,7,4,Friday,8.8,1606.5000000000002
2025-11-07,Hyderabad,Telangana,42.0,36.3,39.2,69.2,0.0,18.5,208,Poor,990.8,22.1,2025,11,7,4,Friday,5.700000000000003,2712.6400000000003
2025-11-07,Ahmedabad,Gujarat,43.8,38.1,41.0,67.6,56.9,8.2,228,Poor,1023.5,87.7,2025,11,7,4,Friday,5.699999999999996,2771.6
2025-11-07,Jaipur,Rajasthan,40.2,26.5,33.3,82.2,0.0,21.9,254,Poor,998.9,59.4,2025,11,7,4,Friday,13.700000000000003,2737.2599999999998
2025-11-07,Lucknow,Uttar Pradesh,33.5,20.7,27.1,90.1,1.9,15.9,296,Poor,1001.9,79.6,2025,11,7,4,Friday,12.8,2441.71
2025-11-07,Bhopal,Madhya Pradesh,31.6,19.8,25.7,71.7,0.0,16.3,68,Satisfactory,1003.3,6.1,2025,11,7,4,Friday,11.8,1842.69
2025-11-08,Mumbai,Maharashtra,29.6,16.5,23.1,58.7,0.0,21.8,233,Poor,1003.3,37.1,2025,11,8,5,Saturday,13.100000000000001,1355.9700000000003
2025-11-08,Delhi,Delhi,43.0,34.5,38.7,79.5,0.3,14.8,146,Moderate,1022.8,94.2,2025,11,8,5,Saturday,8.5,3076.65
2025-11-08,Bengaluru,Karnataka,34.1,21.2,27.7,84.9,4.2,10.7,208,Poor,1004.2,17.9,2025,11,8,5,Saturday,12.900000000000002,2351.73
2025-11-08,Chennai,Tamil Nadu,31.5,20.6,26.1,59.1,0.0,18.2,331,Very Poor,1003.4,58.5,2025,11,8,5,Saturday,10.899999999999999,1542.5100000000002
2025-11-08,Kolkata,West Bengal,34.7,28.2,31.4,57.7,0.0,10.0,270,Poor,991.8,71.7,2025,11,8,5,Saturday,6.5000000000000036,1811.78
2025-11-08,Hyderabad,Telangana,34.1,23.8,29.0,78.7,52.5,17.1,200,Moderate,992.7,32.6,2025,11,8,5,Saturday,10.3,2282.3
2025-11-08,Ahmedabad,Gujarat,26.5,14.7,20.6,72.5,8.8,6.2,59,Satisfactory,990.1,21.4,2025,11,8,5,Saturday,11.8,1493.5
2025-11-08,Jaipur,Rajasthan,33.6,23.9,28.7,71.9,1.5,15.3,235,Poor,991.0,85.6,2025,11,8,5,Saturday,9.700000000000003,2063.53
2025-11-08,Lucknow,Uttar Pradesh,28.7,21.2,25.0,66.0,0.0,14.6,62,Satisfactory,1010.4,58.1,2025,11,8,5,Saturday,7.5,1650.0
2025-11-08,Bhopal,Madhya Pradesh,33.2,24.8,29.0,94.5,0.0,23.1,322,Very Poor,1011.4,42.0,2025,11,8,5,Saturday,8.400000000000002,2740.5
2025-11-09,Mumbai,Maharashtra,43.6,36.0,39.8,55.6,0.0,6.5,51,Satisfactory,1003.5,65.0,2025,11,9,6,Sunday,7.600000000000001,2212.88
2025-11-09,Delhi,Delhi,26.7,21.6,24.1,44.2,0.0,17.2,175,Moderate,994.1,61.4,2025,11,9,6,Sunday,5.099999999999998,1065.22
2025-11-09,Bengaluru,Karnataka,33.2,19.6,26.4,40.9,6.0,24.6,230,Poor,990.1,89.0,2025,11,9,6,Sunday,13.600000000000001,1079.76
2025-11-09,Chennai,Tamil Nadu,25.0,15.4,20.2,79.9,0.0,20.5,68,Satisfactory,1009.9,8.2,2025,11,9,6,Sunday,9.6,1613.98
2025-11-09,Kolkata,West Bengal,42.3,36.9,39.6,49.4,0.0,19.8,263,Poor,1000.2,8.7,2025,11,9,6,Sunday,5.399999999999999,1956.24
2025-11-09,Hyderabad,Telangana,44.1,30.8,37.4,65.7,4.3,15.1,341,Very Poor,1020.8,62.2,2025,11,9,6,Sunday,13.3,2457.18
2025-11-09,Ahmedabad,Gujarat,42.2,31.7,36.9,90.0,0.0,22.6,45,Good,998.7,95.2,2025,11,9,6,Sunday,10.500000000000004,3321.0
2025-11-09,Jaipur,Rajasthan,38.6,32.1,35.4,80.1,5.0,19.7,303,Very Poor,994.2,14.2,2025,11,9,6,Sunday,6.5,2835.5399999999995
2025-11-09,Lucknow,Uttar Pradesh,29.5,15.8,22.7,39.3,3.2,3.2,44,Good,1005.7,91.4,2025,11,9,6,Sunday,13.7,892.1099999999999
2025-11-09,Bhopal,Madhya Pradesh,27.1,15.7,21.4,36.8,45.5,24.0,265,Poor,1007.9,53.5,2025,11,9,6,Sunday,11.400000000000002,787.5199999999999
2025-11-10,Mumbai,Maharashtra,28.9,14.4,21.6,30.1,0.0,11.2,296,Poor,997.8,43.7,2025,11,10,0,Monday,14.499999999999998,650.1600000000001
2025-11-10,Delhi,Delhi,39.0,33.0,36.0,33.7,5.1,21.9,277,Poor,994.7,62.5,2025,11,10,0,Monday,6.0,1213.2
2025-11-10,Bengaluru,Karnataka,43.8,37.7,40.8,45.6,0.0,21.8,256,Poor,1023.3,11.7,2025,11,10,0,Monday,6.099999999999994,1860.48
2025-11-10,Chennai,Tamil Nadu,27.3,13.3,20.3,39.2,0.0,15.5,235,Poor,1003.8,27.3,2025,11,10,0,Monday,14.0,795.7600000000001
2025-11-10,Kolkata,West Bengal,39.6,25.1,32.3,56.6,7.1,2.8,213,Poor,1002.4,6.3,2025,11,10,0,Monday,14.5,1828.1799999999998
2025-11-10,Hyderabad,Telangana,42.3,29.2,35.7,82.7,0.0,17.4,149,Moderate,994.7,16.9,2025,11,10,0,Monday,13.099999999999998,2952.3900000000003
2025-11-10,Ahmedabad,Gujarat,26.9,18.6,22.7,93.0,68.1,12.0,344,Very Poor,1023.0,29.8,2025,11,10,0,Monday,8.299999999999997,2111.1
2025-11-10,Jaipur,Rajasthan,42.2,28.4,35.3,38.5,8.7,4.1,258,Poor,993.0,39.0,2025,11,10,0,Monday,13.800000000000004,1359.05
2025-11-10,Lucknow,Uttar Pradesh,25.2,10.7,18.0,64.2,3.6,8.3,247,Poor,1000.2,49.5,2025,11,10,0,Monday,14.5,1155.6000000000001
2025-11-10,Bhopal,Madhya Pradesh,39.1,30.9,35.0,51.0,4.9,16.2,135,Moderate,1003.0,33.2,2025,11,10,0,Monday,8.200000000000003,1785.0
2025-11-11,Mumbai,Maharashtra,37.9,28.6,33.2,38.7,12.1,12.5,79,Satisfactory,1013.0,93.3,2025,11,11,1,Tuesday,9.299999999999997,1284.8400000000001
2025-11-11,Delhi,Delhi,34.0,23.6,28.8,84.7,9.9,23.2,40,Good,1019.3,87.2,2025,11,11,1,Tuesday,10.399999999999999,2439.36
2025-11-11,Bengaluru,Karnataka,35.3,22.5,28.9,41.8,0.0,21.6,204,Poor,1005.1,75.2,2025,11,11,1,Tuesday,12.799999999999997,1208.0199999999998
2025-11-11,Chennai,Tamil Nadu,37.9,27.8,32.9,60.9,0.0,4.6,57,Satisfactory,1009.7,96.5,2025,11,11,1,Tuesday,10.099999999999998,2003.61
2025-11-11,Kolkata,West Bengal,33.4,20.4,26.9,54.0,0.0,17.8,299,Poor,1019.0,66.4,2025,11,11,1,Tuesday,13.0,1452.6
2025-11-11,Hyderabad,Telangana,37.1,24.0,30.6,93.9,0.0,12.7,176,Moderate,1007.5,64.1,2025,11,11,1,Tuesday,13.100000000000001,2873.34
2025-11-11,Ahmedabad,Gujarat,31.5,26.1,28.8,32.3,0.0,6.4,146,Moderate,1018.8,69.9,2025,11,11,1,Tuesday,5.399999999999999,930.2399999999999
2025-11-11,Jaipur,Rajasthan,40.9,26.0,33.5,45.9,0.0,3.8,64,Satisfactory,1008.2,49.5,2025,11,11,1,Tuesday,14.899999999999999,1537.6499999999999
2025-11-11,Lucknow,Uttar Pradesh,30.8,21.6,26.2,83.4,0.0,9.1,104,Moderate,1006.2,5.7,2025,11,11,1,Tuesday,9.2,2185.08
2025-11-11,Bhopal,Madhya Pradesh,29.2,23.6,26.4,59.6,9.1,22.2,293,Poor,993.8,92.1,2025,11,11,1,Tuesday,5.599999999999998,1573.44
2025-11-12,Mumbai,Maharashtra,29.3,15.2,22.3,82.3,0.0,20.8,226,Poor,1011.6,42.2,2025,11,12,2,Wednesday,14.100000000000001,1835.29
2025-11-12,Delhi,Delhi,37.7,25.1,31.4,84.0,6.7,22.9,152,Moderate,1001.2,35.0,2025,11,12,2,Wednesday,12.600000000000001,2637.6
2025-11-12,Bengaluru,Karnataka,33.8,19.2,26.5,34.8,5.0,2.7,68,Satisfactory,1005.9,42.5,2025,11,12,2,Wednesday,14.599999999999998,922.1999999999999
2025-11-12,Chennai,Tamil Nadu,32.5,19.4,26.0,38.9,0.0,19.8,97,Satisfactory,1002.5,50.6,2025,11,12,2,Wednesday,13.100000000000001,1011.4
2025-11-12,Kolkata,West Bengal,39.3,32.5,35.9,85.2,48.4,19.8,68,Satisfactory,1016.0,86.5,2025,11,12,2,Wednesday,6.799999999999997,3058.68
2025-11-12,Hyderabad,Telangana,39.5,32.2,35.9,48.3,0.2,5.2,193,Moderate,1001.5,50.6,2025,11,12,2,Wednesday,7.299999999999997,1733.9699999999998
2025-11-12,Ahmedabad,Gujarat,36.9,27.2,32.1,72.2,37.9,7.1,104,Moderate,994.2,27.7,2025,11,12,2,Wednesday,9.7,2317.6200000000003
2025-11-12,Jaipur,Rajasthan,44.7,35.9,40.3,72.3,0.0,12.1,216,Poor,1006.6,95.6,2025,11,12,2,Wednesday,8.800000000000004,2913.6899999999996
2025-11-12,Lucknow,Uttar Pradesh,44.4,33.6,39.0,39.4,0.0,4.3,215,Poor,993.4,27.5,2025,11,12,2,Wednesday,10.799999999999997,1536.6
2025-11-12,Bhopal,Madhya Pradesh,41.6,31.3,36.4,78.5,0.0,22.3,119,Moderate,999.7,29.0,2025,11,12,2,Wednesday,10.3,2857.4
2025-11-13,Mumbai,Maharashtra,26.9,16.9,21.9,51.3,0.0,8.8,104,Moderate,1018.5,55.7,2025,11,13,3,Thursday,10.0,1123.4699999999998
2025-11-13,Delhi,Delhi,43.0,36.9,40.0,77.7,15.1,9.3,202,Poor,1015.9,31.3,2025,11,13,3,Thursday,6.100000000000001,3108.0
2025-11-13,Bengaluru,Karnataka,44.4,33.3,38.9,49.3,0.0,22.9,283,Poor,1020.4,18.9,2025,11,13,3,Thursday,11.100000000000001,1917.7699999999998
2025-11-13,Chennai,Tamil Nadu,43.8,35.7,39.8,45.5,18.1,11.0,90,Satisfactory,1003.6,30.3,2025,11,13,3,Thursday,8.099999999999994,1810.8999999999999
2025-11-13,Kolkata,West Bengal,35.2,22.9,29.1,65.8,66.2,12.1,133,Moderate,1002.8,26.8,2025,11,13,3,Thursday,12.300000000000004,1914.78
2025-11-13,Hyderabad,Telangana,37.9,25.2,31.5,51.6,0.0,23.3,77,Satisfactory,1014.7,46.2,2025,11,13,3,Thursday,12.7,1625.4
2025-11-13,Ahmedabad,Gujarat,42.0,32.1,37.1,81.8,0.4,13.2,133,Moderate,1000.3,24.1,2025,11,13,3,Thursday,9.899999999999999,3034.78
2025-11-13,Jaipur,Rajasthan,39.8,33.0,36.4,68.6,0.0,8.2,182,Moderate,1004.0,20.8,2025,11,13,3,Thursday,6.799999999999997,2497.0399999999995
2025-11-13,Lucknow,Uttar Pradesh,33.3,18.4,25.9,68.6,42.2,21.9,94,Satisfactory,1023.7,90.0,2025,11,13,3,Thursday,14.899999999999999,1776.7399999999998
2025-11-13,Bhopal,Madhya Pradesh,25.1,13.9,19.5,75.7,21.7,23.7,316,Very Poor,995.5,28.5,2025,11,13,3,Thursday,11.200000000000001,1476.15
2025-11-14,Mumbai,Maharashtra,33.7,20.7,27.2,55.7,37.8,9.5,241,Poor,1008.3,54.6,2025,11,14,4,Friday,13.000000000000004,1515.04
2025-11-14,Delhi,Delhi,31.1,19.7,25.4,39.2,8.9,17.9,339,Very Poor,1001.9,36.1,2025,11,14,4,Friday,11.400000000000002,995.6800000000001
2025-11-14,Bengaluru,Karnataka,28.9,16.7,22.8,41.9,61.9,22.2,108,Moderate,1009.2,19.5,2025,11,14,4,Friday,12.2,955.32
2025-11-14,Chennai,Tamil Nadu,29.0,21.8,25.4,61.0,0.0,15.7,158,Moderate,1020.3,33.3,2025,11,14,4,Friday,7.199999999999999,1549.3999999999999
2025-11-14,Kolkata,West Bengal,32.5,24.5,28.5,75.4,69.0,22.7,108,Moderate,1008.9,22.6,2025,11,14,4,Friday,8.0,2148.9
2025-11-14,Hyderabad,Telangana,36.8,22.6,29.7,64.5,0.0,20.3,71,Satisfactory,1020.8,47.6,2025,11,14,4,Friday,14.199999999999996,1915.6499999999999
2025-11-14,Ahmedabad,Gujarat,25.8,20.2,23.0,58.5,0.0,12.5,162,Moderate,1011.7,69.5,2025,11,14,4,Friday,5.600000000000001,1345.5
2025-11-14,Jaipur,Rajasthan,31.7,23.1,27.4,34.6,0.0,18.4,294,Poor,1024.6,92.7,2025,11,14,4,Friday,8.599999999999998,948.04
2025-11-14,Lucknow,Uttar Pradesh,39.7,25.3,32.5,78.9,0.0,2.1,267,Poor,1002.4,43.5,2025,11,14,4,Friday,14.400000000000002,2564.25
2025-11-14,Bhopal,Madhya Pradesh,42.2,27.6,34.9,52.9,0.0,15.7,204,Poor,1002.8,8.2,2025,11,14,4,Friday,14.600000000000001,1846.2099999999998
2025-11-15,Mumbai,Maharashtra,36.7,29.2,32.9,91.1,6.1,13.5,82,Satisfactory,1006.6,84.3,2025,11,15,5,Saturday,7.5000000000000036,2997.1899999999996
2025-11-15,Delhi,Delhi,34.8,22.0,28.4,72.9,65.1,18.2,148,Moderate,1020.7,39.3,2025,11,15,5,Saturday,12.799999999999997,2070.36
2025-11-15,Bengaluru,Karnataka,31.4,19.1,25.2,91.2,8.9,24.9,321,Very Poor,1000.3,65.3,2025,11,15,5,Saturday,12.299999999999997,2298.24
2025-11-15,Chennai,Tamil Nadu,43.0,34.8,38.9,36.1,0.0,12.5,251,Poor,1020.2,45.3,2025,11,15,5,Saturday,8.200000000000003,1404.29
2025-11-15,Kolkata,West Bengal,32.8,24.0,28.4,42.2,0.0,3.4,216,Poor,1010.4,56.9,2025,11,15,5,Saturday,8.799999999999997,1198.48
2025-11-15,Hyderabad,Telangana,34.4,27.9,31.2,31.4,0.0,11.2,156,Moderate,1004.4,67.0,2025,11,15,5,Saturday,6.5,979.68
2025-11-15,Ahmedabad,Gujarat,40.9,33.3,37.1,53.9,9.4,10.4,91,Satisfactory,1006.5,9.3,2025,11,15,5,Saturday,7.600000000000001,1999.69
2025-11-15,Jaipur,Rajasthan,27.0,13.6,20.3,92.5,0.0,13.6,287,Poor,1012.8,75.0,2025,11,15,5,Saturday,13.4,1877.75
2025-11-15,Lucknow,Uttar Pradesh,28.0,22.6,25.3,87.8,0.0,13.7,118,Moderate,1011.8,21.2,2025,11,15,5,Saturday,5.399999999999999,2221.34
2025-11-15,Bhopal,Madhya Pradesh,43.1,36.0,39.6,45.1,0.0,12.5,300,Poor,1004.0,87.2,2025,11,15,5,Saturday,7.100000000000001,1785.96
2025-11-16,Mumbai,Maharashtra,43.1,29.7,36.4,81.1,0.0,17.7,104,Moderate,1022.3,68.4,2025,11,16,6,Sunday,13.400000000000002,2952.0399999999995
2025-11-16,Delhi,Delhi,43.9,31.3,37.6,76.6,0.0,7.8,279,Poor,1023.5,32.4,2025,11,16,6,Sunday,12.599999999999998,2880.16
2025-11-16,Bengaluru,Karnataka,33.5,19.4,26.5,66.2,0.0,19.4,212,Poor,992.4,73.6,2025,11,16,6,Sunday,14.100000000000001,1754.3000000000002
2025-11-16,Chennai,Tamil Nadu,41.4,34.3,37.9,65.2,6.2,10.9,70,Satisfactory,994.5,41.8,2025,11,16,6,Sunday,7.100000000000001,2471.08
2025-11-16,Kolkata,West Bengal,42.8,33.2,38.0,39.0,2.6,3.0,142,Moderate,992.1,92.1,2025,11,16,6,Sunday,9.599999999999994,1482.0
2025-11-16,Hyderabad,Telangana,28.9,22.6,25.8,60.9,0.0,13.1,202,Poor,1000.9,69.9,2025,11,16,6,Sunday,6.299999999999997,1571.22
2025-11-16,Ahmedabad,Gujarat,44.3,33.3,38.8,71.1,5.3,9.7,153,Moderate,1015.1,27.5,2025,11,16,6,Sunday,11.0,2758.6799999999994
2025-11-16,Jaipur,Rajasthan,36.7,25.4,31.0,73.5,32.3,2.7,248,Poor,996.6,11.7,2025,11,16,6,Sunday,11.300000000000004,2278.5
2025-11-16,Lucknow,Uttar Pradesh,30.5,23.5,27.0,61.2,0.0,24.8,275,Poor,1020.1,27.7,2025,11,16,6,Sunday,7.0,1652.4
2025-11-16,Bhopal,Madhya Pradesh,36.4,30.7,33.5,33.2,0.0,9.7,327,Very Poor,1022.6,72.8,2025,11,16,6,Sunday,5.699999999999999,1112.2
2025-11-17,Mumbai,Maharashtra,27.0,16.1,21.6,71.4,0.0,24.6,245,Poor,1009.0,34.9,2025,11,17,0,Monday,10.899999999999999,1542.2400000000002
2025-11-17,Delhi,Delhi,38.2,29.7,34.0,94.6,8.1,18.3,296,Poor,996.1,88.4,2025,11,17,0,Monday,8.500000000000004,3216.3999999999996
2025-11-17,Bengaluru,Karnataka,40.1,32.9,36.5,38.9,16.5,21.6,116,Moderate,993.2,69.4,2025,11,17,0,Monday,7.200000000000003,1419.85
2025-11-17,Chennai,Tamil Nadu,25.3,17.4,21.4,58.6,0.3,7.3,48,Good,1007.0,89.3,2025,11,17,0,Monday,7.900000000000002,1254.04
2025-11-17,Kolkata,West Bengal,40.7,31.9,36.3,65.2,2.4,6.6,169,Moderate,1002.0,58.9,2025,11,17,0,Monday,8.800000000000004,2366.7599999999998
2025-11-17,Hyderabad,Telangana,30.9,21.3,26.1,48.9,0.0,17.6,86,Satisfactory,1019.3,94.6,2025,11,17,0,Monday,9.599999999999998,1276.29
2025-11-17,Ahmedabad,Gujarat,37.5,26.7,32.1,86.4,0.0,6.6,83,Satisfactory,999.7,62.3,2025,11,17,0,Monday,10.8,2773.4400000000005
2025-11-17,Jaipur,Rajasthan,28.7,14.6,21.6,92.2,70.4,14.1,42,Good,1005.7,92.3,2025,11,17,0,Monday,14.1,1991.5200000000002
2025-11-17,Lucknow,Uttar Pradesh,41.8,33.8,37.8,71.7,3.3,6.2,319,Very Poor,1013.2,90.3,2025,11,17,0,Monday,8.0,2710.2599999999998
2025-11-17,Bhopal,Madhya Pradesh,42.9,32.7,37.8,79.9,0.0,8.6,135,Moderate,991.3,55.5,2025,11,17,0,Monday,10.199999999999996,3020.22
2025-11-18,Mumbai,Maharashtra,28.8,22.5,25.6,52.6,0.0,3.2,86,Satisfactory,1008.2,68.4,2025,11,18,1,Tuesday,6.300000000000001,1346.5600000000002
2025-11-18,Delhi,Delhi,44.7,30.5,37.6,94.6,0.0,19.2,83,Satisfactory,1023.2,19.7,2025,11,18,1,Tuesday,14.200000000000003,3556.96
2025-11-18,Bengaluru,Karnataka,27.1,14.1,20.6,73.3,5.3,23.8,326,Very Poor,997.0,47.0,2025,11,18,1,Tuesday,13.000000000000002,1509.98
2025-11-18,Chennai,Tamil Nadu,34.2,24.3,29.3,91.3,0.0,23.1,333,Very Poor,990.3,35.5,2025,11,18,1,Tuesday,9.900000000000002,2675.09
2025-11-18,Kolkata,West Bengal,35.0,23.7,29.3,64.6,4.0,10.4,209,Poor,1010.7,12.9,2025,11,18,1,Tuesday,11.3,1892.78
2025-11-18,Hyderabad,Telangana,40.0,29.1,34.5,87.1,0.0,18.1,79,Satisfactory,1005.5,55.4,2025,11,18,1,Tuesday,10.899999999999999,3004.95
2025-11-18,Ahmedabad,Gujarat,44.9,32.2,38.6,56.0,53.3,19.7,133,Moderate,1002.2,97.9,2025,11,18,1,Tuesday,12.699999999999996,2161.6
2025-11-18,Jaipur,Rajasthan,36.5,24.5,30.5,47.6,0.0,6.1,50,Good,1020.6,26.1,2025,11,18,1,Tuesday,12.0,1451.8
2025-11-18,Lucknow,Uttar Pradesh,25.8,16.6,21.2,64.0,0.0,17.4,62,Satisfactory,1000.5,58.4,2025,11,18,1,Tuesday,9.2,1356.8
2025-11-18,Bhopal,Madhya Pradesh,42.8,34.8,38.8,80.6,8.3,12.2,314,Very Poor,995.3,9.5,2025,11,18,1,Tuesday,8.0,3127.2799999999997
2025-11-19,Mumbai,Maharashtra,33.9,21.4,27.7,62.3,0.0,19.3,334,Very Poor,999.3,78.4,2025,11,19,2,Wednesday,12.5,1725.7099999999998
2025-11-19,Delhi,Delhi,43.6,37.4,40.5,33.6,0.0,17.7,298,Poor,990.5,65.0,2025,11,19,2,Wednesday,6.200000000000003,1360.8
2025-11-19,Bengaluru,Karnataka,37.8,32.2,35.0,94.4,0.0,5.8,254,Poor,999.5,80.9,2025,11,19,2,Wednesday,5.599999999999994,3304.0
2025-11-19,Chennai,Tamil Nadu,36.7,23.0,29.9,94.9,3.9,16.8,263,Poor,990.5,67.3,2025,11,19,2,Wednesday,13.700000000000003,2837.51
2025-11-19,Kolkata,West Bengal,44.7,33.9,39.3,74.5,7.9,14.6,112,Moderate,993.5,68.6,2025,11,19,2,Wednesday,10.800000000000004,2927.85
2025-11-19,Hyderabad,Telangana,35.8,27.9,31.9,36.8,0.0,5.4,322,Very Poor,1001.2,86.6,2025,11,19,2,Wednesday,7.899999999999999,1173.9199999999998
2025-11-19,Ahmedabad,Gujarat,35.7,25.8,30.8,67.8,2.2,7.5,140,Moderate,999.5,66.6,2025,11,19,2,Wednesday,9.900000000000002,2088.24
2025-11-19,Jaipur,Rajasthan,32.1,19.3,25.7,47.4,0.0,5.3,46,Good,1023.0,24.3,2025,11,19,2,Wednesday,12.8,1218.1799999999998
2025-11-19,Lucknow,Uttar Pradesh,42.4,34.5,38.5,49.4,2.3,15.7,327,Very Poor,1005.9,18.6,2025,11,19,2,Wednesday,7.899999999999999,1901.8999999999999
2025-11-19,Bhopal,Madhya Pradesh,40.0,32.2,36.1,91.6,56.2,6.3,254,Poor,1015.6,19.5,2025,11,19,2,Wednesday,7.799999999999997,3306.7599999999998
2025-11-20,Mumbai,Maharashtra,43.4,33.0,38.2,79.6,0.0,2.8,142,Moderate,1012.2,59.4,2025,11,20,3,Thursday,10.399999999999999,3040.72
2025-11-20,Delhi,Delhi,35.3,23.4,29.3,71.9,0.8,17.4,330,Very Poor,1019.7,59.8,2025,11,20,3,Thursday,11.899999999999999,2106.67
2025-11-20,Bengaluru,Karnataka,44.6,32.1,38.3,53.3,0.0,5.4,130,Moderate,1022.2,58.2,2025,11,20,3,Thursday,12.5,2041.3899999999996
2025-11-20,Chennai,Tamil Nadu,44.3,32.2,38.2,64.8,3.4,18.4,220,Poor,996.8,71.2,2025,11,20,3,Thursday,12.099999999999994,2475.36
2025-11-20,Kolkata,West Bengal,42.0,30.8,36.4,39.5,3.3,7.1,142,Moderate,1002.4,6.5,2025,11,20,3,Thursday,11.2,1437.8
2025-11-20,Hyderabad,Telangana,25.5,11.8,18.7,73.3,9.7,13.6,109,Moderate,1020.9,33.3,2025,11,20,3,Thursday,13.7,1370.7099999999998
2025-11-20,Ahmedabad,Gujarat,33.2,27.7,30.4,49.6,0.0,18.3,162,Moderate,1008.8,11.7,2025,11,20,3,Thursday,5.5000000000000036,1507.84
2025-11-20,Jaipur,Rajasthan,27.2,15.7,21.5,83.7,0.0,9.0,138,Moderate,999.1,25.1,2025,11,20,3,Thursday,11.5,1799.55
2025-11-20,Lucknow,Uttar Pradesh,44.3,30.7,37.5,69.1,0.0,8.7,111,Moderate,1012.5,88.9,2025,11,20,3,Thursday,13.599999999999998,2591.25
2025-11-20,Bhopal,Madhya Pradesh,27.8,14.3,21.0,56.6,0.0,18.1,319,Very Poor,1004.7,32.3,2025,11,20,3,Thursday,13.5,1188.6000000000001
2025-11-21,Mumbai,Maharashtra,25.1,16.1,20.6,49.5,0.0,13.6,114,Moderate,999.9,84.6,2025,11,21,4,Friday,9.0,1019.7
2025-11-21,Delhi,Delhi,39.4,32.3,35.9,32.8,0.0,9.9,332,Very Poor,990.3,64.9,2025,11,21,4,Friday,7.100000000000001,1177.5199999999998
2025-11-21,Bengaluru,Karnataka,32.7,21.9,27.3,59.4,0.0,4.5,130,Moderate,1006.5,65.0,2025,11,21,4,Friday,10.800000000000004,1621.62
2025-11-21,Chennai,Tamil Nadu,38.5,27.7,33.1,58.3,0.0,20.2,334,Very Poor,990.4,13.1,2025,11,21,4,Friday,10.8,1929.73
2025-11-21,Kolkata,West Bengal,39.0,27.6,33.3,51.7,0.0,16.6,215,Poor,995.9,47.3,2025,11,21,4,Friday,11.399999999999999,1721.61
2025-11-21,Hyderabad,Telangana,44.2,33.7,39.0,67.7,0.0,15.6,97,Satisfactory,1017.4,65.6,2025,11,21,4,Friday,10.5,2640.3
2025-11-21,Ahmedabad,Gujarat,33.0,22.8,27.9,64.0,3.5,12.8,274,Poor,1005.8,81.2,2025,11,21,4,Friday,10.2,1785.6
2025-11-21,Jaipur,Rajasthan,33.4,18.5,26.0,34.3,3.3,19.4,259,Poor,1013.9,25.4,2025,11,21,4,Friday,14.899999999999999,891.8
2025-11-21,Lucknow,Uttar Pradesh,32.1,18.4,25.3,43.0,0.0,12.3,149,Moderate,1002.3,84.0,2025,11,21,4,Friday,13.700000000000003,1087.9
2025-11-21,Bhopal,Madhya Pradesh,32.1,25.9,29.0,63.8,77.0,12.9,209,Poor,1017.1,57.5,2025,11,21,4,Friday,6.200000000000003,1850.1999999999998
2025-11-22,Mumbai,Maharashtra,41.1,27.8,34.4,31.3,9.4,21.6,225,Poor,1008.8,78.5,2025,11,22,5,Saturday,13.3,1076.72
2025-11-22,Delhi,Delhi,35.9,28.7,32.3,85.1,0.0,8.7,272,Poor,1014.0,86.2,2025,11,22,5,Saturday,7.199999999999999,2748.7299999999996
2025-11-22,Bengaluru,Karnataka,34.1,21.9,28.0,34.7,0.0,19.4,189,Moderate,1006.7,10.7,2025,11,22,5,Saturday,12.200000000000003,971.6000000000001
2025-11-22,Chennai,Tamil Nadu,26.3,17.8,22.0,40.2,0.0,4.5,300,Poor,1008.5,43.7,2025,11,22,5,Saturday,8.5,884.4000000000001
2025-11-22,Kolkata,West Bengal,41.5,28.3,34.9,60.5,3.0,14.2,324,Very Poor,1011.9,70.9,2025,11,22,5,Saturday,13.2,2111.45
2025-11-22,Hyderabad,Telangana,43.9,30.5,37.2,34.2,9.8,2.5,126,Moderate,1006.8,64.5,2025,11,22,5,Saturday,13.399999999999999,1272.2400000000002
2025-11-22,Ahmedabad,Gujarat,26.7,16.3,21.5,59.0,0.0,11.8,50,Good,999.5,97.2,2025,11,22,5,Saturday,10.399999999999999,1268.5
2025-11-22,Jaipur,Rajasthan,36.2,29.7,32.9,50.8,0.0,14.5,234,Poor,1011.3,78.4,2025,11,22,5,Saturday,6.5000000000000036,1671.32
2025-11-22,Lucknow,Uttar Pradesh,29.6,18.6,24.1,93.4,0.0,5.1,73,Satisfactory,1009.9,31.6,2025,11,22,5,Saturday,11.0,2250.94
2025-11-22,Bhopal,Madhya Pradesh,34.5,29.0,31.8,37.8,2.3,14.5,241,Poor,998.1,54.3,2025,11,22,5,Saturday,5.5,1202.04
2025-11-23,Mumbai,Maharashtra,25.1,10.2,17.7,70.7,9.9,12.6,179,Moderate,990.3,85.7,2025,11,23,6,Sunday,14.900000000000002,1251.39
2025-11-23,Delhi,Delhi,34.4,25.8,30.1,58.1,7.3,24.4,192,Moderate,1003.7,37.2,2025,11,23,6,Sunday,8.599999999999998,1748.8100000000002
2025-11-23,Bengaluru,Karnataka,28.1,15.5,21.8,67.8,2.2,2.8,158,Moderate,996.9,89.7,2025,11,23,6,Sunday,12.600000000000001,1478.04
2025-11-23,Chennai,Tamil Nadu,44.7,34.4,39.5,43.5,6.0,16.4,55,Satisfactory,1023.7,70.6,2025,11,23,6,Sunday,10.300000000000004,1718.25
2025-11-23,Kolkata,West Bengal,34.5,24.2,29.4,89.6,0.0,7.6,174,Moderate,1009.2,71.2,2025,11,23,6,Sunday,10.3,2634.24
2025-11-23,Hyderabad,Telangana,33.7,26.1,29.9,75.4,0.0,15.6,188,Moderate,991.1,94.3,2025,11,23,6,Sunday,7.600000000000001,2254.46
2025-11-23,Ahmedabad,Gujarat,38.7,25.1,31.9,45.3,0.0,11.0,230,Poor,1002.9,41.5,2025,11,23,6,Sunday,13.600000000000001,1445.07
2025-11-23,Jaipur,Rajasthan,25.9,16.8,21.3,66.4,47.1,12.2,113,Moderate,1012.8,6.7,2025,11,23,6,Sunday,9.099999999999998,1414.3200000000002
2025-11-23,Lucknow,Uttar Pradesh,41.3,30.4,35.9,91.5,7.6,12.8,308,Very Poor,1001.6,9.5,2025,11,23,6,Sunday,10.899999999999999,3284.85
2025-11-23,Bhopal,Madhya Pradesh,33.4,21.5,27.5,39.9,0.0,17.5,315,Very Poor,1008.3,57.5,2025,11,23,6,Sunday,11.899999999999999,1097.25
2025-11-24,Mumbai,Maharashtra,44.3,35.7,40.0,51.6,3.1,3.0,125,Moderate,993.1,66.4,2025,11,24,0,Monday,8.599999999999994,2064.0
2025-11-24,Delhi,Delhi,26.8,17.7,22.3,87.0,58.7,5.9,99,Satisfactory,1011.3,91.2,2025,11,24,0,Monday,9.100000000000001,1940.1000000000001
2025-11-24,Bengaluru,Karnataka,44.8,36.1,40.4,44.1,8.4,13.3,148,Moderate,1012.5,8.4,2025,11,24,0,Monday,8.699999999999996,1781.64
2025-11-24,Chennai,Tamil Nadu,38.1,29.6,33.9,80.4,12.6,5.9,216,Poor,1022.1,94.9,2025,11,24,0,Monday,8.5,2725.56
2025-11-24,Kolkata,West Bengal,34.6,22.0,28.3,89.7,0.0,21.5,148,Moderate,994.8,64.2,2025,11,24,0,Monday,12.600000000000001,2538.51
2025-11-24,Hyderabad,Telangana,42.7,34.3,38.5,93.6,0.0,7.9,256,Poor,1015.8,82.4,2025,11,24,0,Monday,8.400000000000006,3603.6
2025-11-24,Ahmedabad,Gujarat,44.4,34.8,39.6,93.7,0.0,14.2,257,Poor,1007.0,86.3,2025,11,24,0,Monday,9.600000000000001,3710.5200000000004
2025-11-24,Jaipur,Rajasthan,33.8,19.9,26.8,87.6,0.0,21.3,263,Poor,996.3,19.4,2025,11,24,0,Monday,13.899999999999999,2347.68
2025-11-24,Lucknow,Uttar Pradesh,30.5,19.9,25.2,74.8,6.1,10.7,302,Very Poor,993.2,86.3,2025,11,24,0,Monday,10.600000000000001,1884.9599999999998
2025-11-24,Bhopal,Madhya Pradesh,25.1,11.7,18.4,39.8,3.4,4.1,335,Very Poor,1018.9,94.6,2025,11,24,0,Monday,13.400000000000002,732.3199999999999
2025-11-25,Mumbai,Maharashtra,26.8,12.6,19.7,66.9,7.3,12.5,332,Very Poor,1008.4,70.0,2025,11,25,1,Tuesday,14.200000000000001,1317.93
2025-11-25,Delhi,Delhi,42.8,32.0,37.4,43.7,0.0,19.2,302,Very Poor,1019.3,35.4,2025,11,25,1,Tuesday,10.799999999999997,1634.38
2025-11-25,Bengaluru,Karnataka,39.7,30.3,35.0,75.4,0.0,4.3,122,Moderate,990.0,94.0,2025,11,25,1,Tuesday,9.400000000000002,2639.0
2025-11-25,Chennai,Tamil Nadu,38.3,23.8,31.0,83.2,1.3,9.6,130,Moderate,1014.1,83.5,2025,11,25,1,Tuesday,14.499999999999996,2579.2000000000003
2025-11-25,Kolkata,West Bengal,42.4,36.6,39.5,64.3,0.0,9.9,81,Satisfactory,994.5,82.1,2025,11,25,1,Tuesday,5.799999999999997,2539.85
2025-11-25,Hyderabad,Telangana,39.5,27.4,33.4,39.3,0.0,23.6,307,Very Poor,992.8,82.9,2025,11,25,1,Tuesday,12.100000000000001,1312.62
2025-11-25,Ahmedabad,Gujarat,27.5,16.0,21.7,75.6,0.0,17.8,305,Very Poor,1000.0,48.7,2025,11,25,1,Tuesday,11.5,1640.5199999999998
2025-11-25,Jaipur,Rajasthan,26.8,16.5,21.6,61.6,0.0,13.3,105,Moderate,1007.0,54.0,2025,11,25,1,Tuesday,10.3,1330.5600000000002
2025-11-25,Lucknow,Uttar Pradesh,29.2,17.7,23.4,36.0,0.0,12.8,136,Moderate,1013.4,18.5,2025,11,25,1,Tuesday,11.5,842.4
2025-11-25,Bhopal,Madhya Pradesh,36.2,27.9,32.0,37.1,17.7,7.4,216,Poor,1008.6,45.7,2025,11,25,1,Tuesday,8.300000000000004,1187.2
2025-11-26,Mumbai,Maharashtra,35.0,22.7,28.8,86.7,22.9,21.9,247,Poor,1002.7,90.0,2025,11,26,2,Wednesday,12.3,2496.96
2025-11-26,Delhi,Delhi,33.7,20.0,26.9,73.9,8.3,10.4,165,Moderate,1015.7,46.4,2025,11,26,2,Wednesday,13.700000000000003,1987.91
2025-11-26,Bengaluru,Karnataka,40.9,34.7,37.8,90.3,0.0,16.9,304,Very Poor,1014.8,87.5,2025,11,26,2,Wednesday,6.199999999999996,3413.3399999999997
2025-11-26,Chennai,Tamil Nadu,32.2,21.0,26.6,80.7,7.7,18.5,299,Poor,1016.2,81.7,2025,11,26,2,Wednesday,11.200000000000003,2146.6200000000003
2025-11-26,Kolkata,West Bengal,32.1,19.2,25.6,91.7,0.0,7.0,271,Poor,1022.2,17.0,2025,11,26,2,Wednesday,12.900000000000002,2347.52
2025-11-26,Hyderabad,Telangana,42.3,28.6,35.5,57.1,0.0,6.9,92,Satisfactory,994.7,43.7,2025,11,26,2,Wednesday,13.699999999999996,2027.05
2025-11-26,Ahmedabad,Gujarat,33.1,19.6,26.3,72.5,0.0,20.3,135,Moderate,996.9,37.9,2025,11,26,2,Wednesday,13.5,1906.75
2025-11-26,Jaipur,Rajasthan,27.1,20.4,23.7,92.2,6.0,20.7,329,Very Poor,993.9,75.4,2025,11,26,2,Wednesday,6.700000000000003,2185.14
2025-11-26,Lucknow,Uttar Pradesh,36.7,25.6,31.1,86.6,0.0,21.4,313,Very Poor,1011.4,39.7,2025,11,26,2,Wednesday,11.100000000000001,2693.2599999999998
2025-11-26,Bhopal,Madhya Pradesh,44.9,39.3,42.1,90.2,0.0,23.2,236,Poor,1016.6,10.1,2025,11,26,2,Wednesday,5.600000000000001,3797.42
2025-11-27,Mumbai,Maharashtra,27.4,14.9,21.1,56.6,0.0,19.8,256,Poor,1013.6,46.3,2025,11,27,3,Thursday,12.499999999999998,1194.2600000000002
2025-11-27,Delhi,Delhi,25.3,16.9,21.1,80.6,7.7,23.7,101,Moderate,1009.5,52.5,2025,11,27,3,Thursday,8.400000000000002,1700.66
2025-11-27,Bengaluru,Karnataka,40.6,28.7,34.6,59.9,0.0,10.6,318,Very Poor,995.6,86.8,2025,11,27,3,Thursday,11.900000000000002,2072.54
2025-11-27,Chennai,Tamil Nadu,42.1,31.0,36.6,68.8,0.0,12.8,89,Satisfactory,1009.4,57.2,2025,11,27,3,Thursday,11.100000000000001,2518.08
2025-11-27,Kolkata,West Bengal,40.7,28.3,34.5,44.9,0.0,8.3,287,Poor,1006.5,85.3,2025,11,27,3,Thursday,12.400000000000002,1549.05
2025-11-27,Hyderabad,Telangana,28.0,18.4,23.2,49.8,0.0,5.3,300,Poor,994.3,17.4,2025,11,27,3,Thursday,9.600000000000001,1155.36
2025-11-27,Ahmedabad,Gujarat,25.4,18.4,21.9,92.1,0.0,5.5,104,Moderate,1009.8,37.2,2025,11,27,3,Thursday,7.0,2016.9899999999998
2025-11-27,Jaipur,Rajasthan,45.0,36.6,40.8,71.7,0.0,24.5,254,Poor,1015.4,60.4,2025,11,27,3,Thursday,8.399999999999999,2925.36
2025-11-27,Lucknow,Uttar Pradesh,32.2,23.0,27.6,68.1,0.0,20.3,273,Poor,995.3,25.7,2025,11,27,3,Thursday,9.200000000000003,1879.56
2025-11-27,Bhopal,Madhya Pradesh,30.3,17.3,23.8,81.0,0.0,19.3,90,Satisfactory,1019.6,41.4,2025,11,27,3,Thursday,13.0,1927.8
2025-11-28,Mumbai,Maharashtra,26.5,19.4,22.9,93.7,1.8,16.2,257,Poor,1008.7,47.5,2025,11,28,4,Friday,7.100000000000001,2145.73
2025-11-28,Delhi,Delhi,39.0,29.7,34.3,45.2,0.0,17.9,245,Poor,1012.4,63.8,2025,11,28,4,Friday,9.3,1550.36
2025-11-28,Bengaluru,Karnataka,42.5,33.9,38.2,70.8,51.3,17.1,191,Moderate,1004.9,85.3,2025,11,28,4,Friday,8.600000000000001,2704.56
2025-11-28,Chennai,Tamil Nadu,35.6,24.8,30.2,51.0,16.9,19.4,160,Moderate,1002.4,26.5,2025,11,28,4,Friday,10.8,1540.2
2025-11-28,Kolkata,West Bengal,41.1,35.8,38.4,60.4,0.0,18.1,141,Moderate,1002.5,36.3,2025,11,28,4,Friday,5.300000000000004,2319.3599999999997
2025-11-28,Hyderabad,Telangana,38.6,23.9,31.2,43.5,0.0,14.5,312,Very Poor,1005.8,52.4,2025,11,28,4,Friday,14.700000000000003,1357.2
2025-11-28,Ahmedabad,Gujarat,26.8,13.5,20.1,60.1,3.4,15.6,161,Moderate,1015.5,34.9,2025,11,28,4,Friday,13.3,1208.0100000000002
2025-11-28,Jaipur,Rajasthan,43.3,28.7,36.0,78.1,0.0,15.7,243,Poor,1023.7,76.3,2025,11,28,4,Friday,14.599999999999998,2811.6
2025-11-28,Lucknow,Uttar Pradesh,28.8,14.0,21.4,63.8,0.0,14.4,308,Very Poor,1021.2,9.9,2025,11,28,4,Friday,14.8,1365.32
2025-11-28,Bhopal,Madhya Pradesh,37.3,31.8,34.5,54.3,10.1,19.2,56,Satisfactory,1000.1,15.8,2025,11,28,4,Friday,5.4999999999999964,1873.35
2025-11-29,Mumbai,Maharashtra,43.3,32.1,37.7,40.4,6.8,12.3,67,Satisfactory,1018.5,75.7,2025,11,29,5,Saturday,11.199999999999996,1523.0800000000002
2025-11-29,Delhi,Delhi,43.5,29.7,36.6,68.4,5.1,11.9,106,Moderate,1010.3,21.2,2025,11,29,5,Saturday,13.8,2503.4400000000005
2025-11-29,Bengaluru,Karnataka,44.7,34.8,39.7,83.0,78.7,12.5,228,Poor,1023.3,39.7,2025,11,29,5,Saturday,9.900000000000006,3295.1000000000004
2025-11-29,Chennai,Tamil Nadu,41.4,27.3,34.4,64.0,0.0,17.5,118,Moderate,1018.1,84.9,2025,11,29,5,Saturday,14.099999999999998,2201.6
2025-11-29,Kolkata,West Bengal,36.4,31.2,33.8,81.9,0.0,5.8,162,Moderate,1017.9,24.0,2025,11,29,5,Saturday,5.199999999999999,2768.22
2025-11-29,Hyderabad,Telangana,36.3,27.7,32.0,41.6,4.1,5.9,332,Very Poor,1006.9,58.2,2025,11,29,5,Saturday,8.599999999999998,1331.2
2025-11-29,Ahmedabad,Gujarat,26.6,12.3,19.4,43.5,16.3,20.6,210,Poor,992.2,25.3,2025,11,29,5,Saturday,14.3,843.9
2025-11-29,Jaipur,Rajasthan,35.5,24.2,29.8,60.1,0.0,2.8,244,Poor,1001.4,45.6,2025,11,29,5,Saturday,11.3,1790.98
2025-11-29,Lucknow,Uttar Pradesh,41.1,33.7,37.4,62.1,2.4,17.6,102,Moderate,1008.6,31.8,2025,11,29,5,Saturday,7.399999999999999,2322.54
2025-11-29,Bhopal,Madhya Pradesh,38.1,23.9,31.0,43.8,5.8,15.5,124,Moderate,999.5,70.7,2025,11,29,5,Saturday,14.200000000000003,1357.8
2025-11-30,Mumbai,Maharashtra,38.1,30.1,34.1,35.4,0.0,9.6,225,Poor,1000.1,10.5,2025,11,30,6,Sunday,8.0,1207.14
2025-11-30,Delhi,Delhi,41.0,26.1,33.5,90.8,0.0,22.1,244,Poor,1002.6,59.2,2025,11,30,6,Sunday,14.899999999999999,3041.7999999999997
2025-11-30,Bengaluru,Karnataka,31.0,20.1,25.5,33.3,0.0,7.4,315,Very Poor,1018.6,88.8,2025,11,30,6,Sunday,10.899999999999999,849.15
2025-11-30,Chennai,Tamil Nadu,32.9,25.3,29.1,36.4,0.0,10.5,338,Very Poor,1009.4,20.4,2025,11,30,6,Sunday,7.599999999999998,1059.24
2025-11-30,Kolkata,West Bengal,39.7,34.2,36.9,49.9,0.0,18.5,222,Poor,1015.2,9.3,2025,11,30,6,Sunday,5.5,1841.31
2025-11-30,Hyderabad,Telangana,44.2,32.9,38.6,92.4,0.0,23.3,208,Poor,1003.3,98.4,2025,11,30,6,Sunday,11.300000000000004,3566.6400000000003
2025-11-30,Ahmedabad,Gujarat,29.4,23.3,26.3,41.2,0.0,19.0,76,Satisfactory,1017.4,93.5,2025,11,30,6,Sunday,6.099999999999998,1083.5600000000002
2025-11-30,Jaipur,Rajasthan,28.7,18.2,23.5,38.4,1.0,21.4,343,Very Poor,1022.1,47.0,2025,11,30,6,Sunday,10.5,902.4
2025-11-30,Lucknow,Uttar Pradesh,25.8,12.1,18.9,50.9,9.2,11.8,258,Poor,1003.4,10.6,2025,11,30,6,Sunday,13.700000000000001,962.0099999999999
2025-11-30,Bhopal,Madhya Pradesh,28.5,18.9,23.7,39.2,0.0,23.8,70,Satisfactory,1022.2,24.0,2025,11,30,6,Sunday,9.600000000000001,929.0400000000001
2025-12-01,Mumbai,Maharashtra,25.9,12.6,19.2,46.2,2.9,24.5,232,Poor,1016.4,83.2,2025,12,1,0,Monday,13.299999999999999,887.0400000000001
2025-12-01,Delhi,Delhi,35.6,23.4,29.5,32.3,0.0,13.2,289,Poor,1017.4,59.8,2025,12,1,0,Monday,12.200000000000003,952.8499999999999
2025-12-01,Bengaluru,Karnataka,33.4,25.5,29.4,45.3,0.0,8.2,223,Poor,999.7,41.3,2025,12,1,0,Monday,7.899999999999999,1331.82
2025-12-01,Chennai,Tamil Nadu,40.2,33.2,36.7,79.4,0.0,21.3,296,Poor,996.7,95.3,2025,12,1,0,Monday,7.0,2913.9800000000005
2025-12-01,Kolkata,West Bengal,32.2,23.0,27.6,30.2,0.0,5.2,155,Moderate,1006.8,68.5,2025,12,1,0,Monday,9.200000000000003,833.52
2025-12-01,Hyderabad,Telangana,29.6,19.2,24.4,31.9,0.0,9.9,296,Poor,1019.7,93.7,2025,12,1,0,Monday,10.400000000000002,778.3599999999999
2025-12-01,Ahmedabad,Gujarat,27.0,19.1,23.0,76.2,27.0,19.0,162,Moderate,1024.4,13.9,2025,12,1,0,Monday,7.899999999999999,1752.6000000000001
2025-12-01,Jaipur,Rajasthan,34.6,22.8,28.7,72.5,0.0,13.2,172,Moderate,1004.2,99.7,2025,12,1,0,Monday,11.8,2080.75
2025-12-01,Lucknow,Uttar Pradesh,38.7,30.8,34.7,70.0,52.3,2.4,89,Satisfactory,1007.7,98.3,2025,12,1,0,Monday,7.900000000000002,2429.0
2025-12-01,Bhopal,Madhya Pradesh,28.7,19.0,23.8,86.6,0.0,24.1,167,Moderate,1002.1,28.9,2025,12,1,0,Monday,9.7,2061.08
2025-12-02,Mumbai,Maharashtra,33.3,23.7,28.5,74.8,0.0,11.5,72,Satisfactory,990.4,82.6,2025,12,2,1,Tuesday,9.599999999999998,2131.7999999999997
2025-12-02,Delhi,Delhi,27.3,21.8,24.6,43.0,1.9,3.2,228,Poor,1020.1,36.0,2025,12,2,1,Tuesday,5.5,1057.8
2025-12-02,Bengaluru,Karnataka,25.2,16.6,20.9,30.1,0.0,5.5,75,Satisfactory,1016.1,23.0,2025,12,2,1,Tuesday,8.599999999999998,629.09
2025-12-02,Chennai,Tamil Nadu,31.7,21.2,26.4,94.3,0.0,19.6,322,Very Poor,996.4,75.8,2025,12,2,1,Tuesday,10.5,2489.52
2025-12-02,Kolkata,West Bengal,40.4,28.9,34.7,69.3,4.6,13.0,102,Moderate,1011.9,40.5,2025,12,2,1,Tuesday,11.5,2404.71
2025-12-02,Hyderabad,Telangana,41.1,32.7,36.9,86.3,0.0,21.7,68,Satisfactory,1008.2,27.9,2025,12,2,1,Tuesday,8.399999999999999,3184.47
2025-12-02,Ahmedabad,Gujarat,30.6,24.2,27.4,31.7,9.9,6.4,269,Poor,991.0,51.1,2025,12,2,1,Tuesday,6.400000000000002,868.5799999999999
2025-12-02,Jaipur,Rajasthan,44.3,30.8,37.5,88.1,0.0,5.2,135,Moderate,1017.9,90.8,2025,12,2,1,Tuesday,13.499999999999996,3303.75
2025-12-02,Lucknow,Uttar Pradesh,42.5,37.0,39.8,74.0,5.3,6.9,144,Moderate,1004.6,72.4,2025,12,2,1,Tuesday,5.5,2945.2
2025-12-02,Bhopal,Madhya Pradesh,42.1,28.5,35.3,43.2,0.0,13.5,129,Moderate,992.6,87.7,2025,12,2,1,Tuesday,13.600000000000001,1524.96
2025-12-03,Mumbai,Maharashtra,25.0,13.2,19.1,72.3,0.0,23.9,144,Moderate,1002.8,83.0,2025,12,3,2,Wednesday,11.8,1380.93
2025-12-03,Delhi,Delhi,26.0,13.6,19.8,52.8,0.0,4.7,80,Satisfactory,1004.2,83.3,2025,12,3,2,Wednesday,12.4,1045.44
2025-12-03,Bengaluru,Karnataka,36.1,29.8,32.9,33.2,0.0,12.3,293,Poor,1007.2,84.9,2025,12,3,2,Wednesday,6.300000000000001,1092.28
2025-12-03,Chennai,Tamil Nadu,25.0,15.9,20.5,72.6,8.5,21.4,185,Moderate,998.9,24.5,2025,12,3,2,Wednesday,9.1,1488.3
2025-12-03,Kolkata,West Bengal,44.3,32.3,38.3,57.6,0.0,6.3,52,Satisfactory,1007.5,37.4,2025,12,3,2,Wednesday,12.0,2206.08
2025-12-03,Hyderabad,Telangana,39.5,27.2,33.3,70.2,0.0,12.5,192,Moderate,992.1,88.9,2025,12,3,2,Wednesday,12.3,2337.66
2025-12-03,Ahmedabad,Gujarat,31.5,21.7,26.6,51.1,0.0,12.0,57,Satisfactory,1009.2,79.4,2025,12,3,2,Wednesday,9.8,1359.2600000000002
2025-12-03,Jaipur,Rajasthan,41.2,33.9,37.6,46.4,0.0,17.5,43,Good,1014.4,59.5,2025,12,3,2,Wednesday,7.300000000000004,1744.64
2025-12-03,Lucknow,Uttar Pradesh,37.1,31.0,34.1,35.1,59.0,2.1,153,Moderate,1003.3,6.2,2025,12,3,2,Wednesday,6.100000000000001,1196.91
2025-12-03,Bhopal,Madhya Pradesh,34.8,24.5,29.7,53.1,0.0,20.4,201,Poor,996.1,35.5,2025,12,3,2,Wednesday,10.299999999999997,1577.07
2025-12-04,Mumbai,Maharashtra,40.4,31.1,35.7,34.7,9.9,12.7,224,Poor,1009.1,99.4,2025,12,4,3,Thursday,9.299999999999997,1238.7900000000002
2025-12-04,Delhi,Delhi,29.4,14.7,22.1,65.0,0.0,14.1,155,Moderate,1018.9,56.2,2025,12,4,3,Thursday,14.7,1436.5
2025-12-04,Bengaluru,Karnataka,42.7,28.4,35.5,52.6,0.0,8.9,124,Moderate,1005.0,14.6,2025,12,4,3,Thursday,14.300000000000004,1867.3
2025-12-04,Chennai,Tamil Nadu,35.9,28.6,32.3,74.6,3.5,15.1,46,Good,1018.9,39.2,2025,12,4,3,Thursday,7.299999999999997,2409.5799999999995
2025-12-04,Kolkata,West Bengal,25.9,13.0,19.5,56.7,0.0,22.0,196,Moderate,997.5,51.2,2025,12,4,3,Thursday,12.899999999999999,1105.65
2025-12-04,Hyderabad,Telangana,26.2,19.9,23.1,57.5,0.0,10.7,304,Very Poor,1012.1,45.3,2025,12,4,3,Thursday,6.300000000000001,1328.25
2025-12-04,Ahmedabad,Gujarat,44.7,30.5,37.6,41.0,4.6,10.2,74,Satisfactory,1009.2,62.9,2025,12,4,3,Thursday,14.200000000000003,1541.6000000000001
2025-12-04,Jaipur,Rajasthan,36.2,28.7,32.4,43.4,0.0,16.9,136,Moderate,1022.9,70.4,2025,12,4,3,Thursday,7.5000000000000036,1406.1599999999999
2025-12-04,Lucknow,Uttar Pradesh,31.7,21.3,26.5,86.3,0.0,23.4,67,Satisfactory,1008.8,79.2,2025,12,4,3,Thursday,10.399999999999999,2286.95
2025-12-04,Bhopal,Madhya Pradesh,31.5,20.4,26.0,74.0,0.0,14.4,332,Very Poor,1014.9,79.5,2025,12,4,3,Thursday,11.100000000000001,1924.0
2025-12-05,Mumbai,Maharashtra,28.8,17.2,23.0,43.0,3.2,23.0,114,Moderate,991.0,82.3,2025,12,5,4,Friday,11.600000000000001,989.0
2025-12-05,Delhi,Delhi,34.7,22.3,28.5,62.9,0.0,23.4,152,Moderate,1019.6,88.3,2025,12,5,4,Friday,12.400000000000002,1792.6499999999999
2025-12-05,Bengaluru,Karnataka,44.7,31.2,38.0,51.9,9.0,2.1,126,Moderate,990.8,71.0,2025,12,5,4,Friday,13.500000000000004,1972.2
2025-12-05,Chennai,Tamil Nadu,26.2,18.3,22.2,84.5,4.8,9.4,336,Very Poor,990.4,35.7,2025,12,5,4,Friday,7.899999999999999,1875.8999999999999
2025-12-05,Kolkata,West Bengal,34.6,23.9,29.3,79.4,0.0,10.9,152,Moderate,999.4,19.6,2025,12,5,4,Friday,10.700000000000003,2326.42
2025-12-05,Hyderabad,Telangana,26.9,13.4,20.2,49.9,0.0,18.4,229,Poor,1011.8,25.7,2025,12,5,4,Friday,13.499999999999998,1007.9799999999999
2025-12-05,Ahmedabad,Gujarat,25.1,18.3,21.7,77.3,0.0,12.7,293,Poor,1012.2,11.9,2025,12,5,4,Friday,6.800000000000001,1677.4099999999999
2025-12-05,Jaipur,Rajasthan,26.2,16.6,21.4,76.2,3.5,11.8,288,Poor,996.4,9.1,2025,12,5,4,Friday,9.599999999999998,1630.68
2025-12-05,Lucknow,Uttar Pradesh,28.9,21.2,25.0,30.7,26.1,20.0,97,Satisfactory,1016.9,83.6,2025,12,5,4,Friday,7.699999999999999,767.5
2025-12-05,Bhopal,Madhya Pradesh,44.6,37.3,40.9,39.7,0.0,19.0,267,Poor,1003.0,59.0,2025,12,5,4,Friday,7.300000000000004,1623.73
2025-12-06,Mumbai,Maharashtra,43.0,29.8,36.4,64.9,0.0,5.6,223,Poor,995.2,21.0,2025,12,6,5,Saturday,13.2,2362.36
2025-12-06,Delhi,Delhi,33.3,24.4,28.9,38.3,3.9,10.9,80,Satisfactory,1004.7,30.9,2025,12,6,5,Saturday,8.899999999999999,1106.87
2025-12-06,Bengaluru,Karnataka,31.0,25.6,28.3,43.2,3.3,8.5,178,Moderate,1011.5,66.2,2025,12,6,5,Saturday,5.399999999999999,1222.5600000000002
2025-12-06,Chennai,Tamil Nadu,34.0,23.2,28.6,47.1,0.3,13.0,134,Moderate,1020.7,53.3,2025,12,6,5,Saturday,10.8,1347.0600000000002
2025-12-06,Kolkata,West Bengal,39.3,24.6,32.0,77.9,0.0,5.6,188,Moderate,1014.6,42.0,2025,12,6,5,Saturday,14.699999999999996,2492.8
2025-12-06,Hyderabad,Telangana,30.2,17.9,24.1,84.9,0.0,8.4,285,Poor,1008.6,76.5,2025,12,6,5,Saturday,12.3,2046.0900000000001
2025-12-06,Ahmedabad,Gujarat,29.2,22.4,25.8,53.6,0.0,11.1,109,Moderate,1010.6,73.7,2025,12,6,5,Saturday,6.800000000000001,1382.88
2025-12-06,Jaipur,Rajasthan,41.4,36.0,38.7,58.9,6.4,21.9,45,Good,993.1,53.7,2025,12,6,5,Saturday,5.399999999999999,2279.4300000000003
2025-12-06,Lucknow,Uttar Pradesh,30.6,24.2,27.4,70.6,0.0,7.6,336,Very Poor,997.9,71.3,2025,12,6,5,Saturday,6.400000000000002,1934.4399999999998
2025-12-06,Bhopal,Madhya Pradesh,34.8,23.8,29.3,83.2,31.1,22.8,240,Poor,997.7,71.8,2025,12,6,5,Saturday,10.999999999999996,2437.76
2025-12-07,Mumbai,Maharashtra,38.0,24.7,31.3,73.8,0.0,17.6,349,Very Poor,1014.6,87.7,2025,12,7,6,Sunday,13.3,2309.94
2025-12-07,Delhi,Delhi,36.2,26.3,31.2,69.0,0.0,13.2,228,Poor,1003.0,8.7,2025,12,7,6,Sunday,9.900000000000002,2152.7999999999997
2025-12-07,Bengaluru,Karnataka,42.5,28.3,35.4,63.6,0.0,3.4,210,Poor,1016.2,31.9,2025,12,7,6,Sunday,14.2,2251.44
2025-12-07,Chennai,Tamil Nadu,35.5,22.3,28.9,71.9,62.7,21.9,145,Moderate,997.4,96.3,2025,12,7,6,Sunday,13.2,2077.91
2025-12-07,Kolkata,West Bengal,37.2,22.7,30.0,43.9,76.7,20.8,275,Poor,999.3,43.7,2025,12,7,6,Sunday,14.500000000000004,1317.0
2025-12-07,Hyderabad,Telangana,27.4,13.5,20.4,43.7,0.0,15.5,76,Satisfactory,1012.2,30.6,2025,12,7,6,Sunday,13.899999999999999,891.48
2025-12-07,Ahmedabad,Gujarat,36.0,22.6,29.3,43.1,37.0,3.9,282,Poor,991.4,16.8,2025,12,7,6,Sunday,13.399999999999999,1262.8300000000002
2025-12-07,Jaipur,Rajasthan,43.5,30.2,36.8,76.7,25.0,16.3,95,Satisfactory,1006.4,67.0,2025,12,7,6,Sunday,13.3,2822.56
2025-12-07,Lucknow,Uttar Pradesh,42.9,31.3,37.1,60.6,0.0,5.2,197,Moderate,996.5,12.7,2025,12,7,6,Sunday,11.599999999999998,2248.26
2025-12-07,Bhopal,Madhya Pradesh,38.5,24.2,31.4,78.8,70.5,18.4,144,Moderate,992.0,32.7,2025,12,7,6,Sunday,14.3,2474.3199999999997
2025-12-08,Mumbai,Maharashtra,44.9,35.3,40.1,79.5,0.0,2.4,206,Poor,1018.7,75.2,2025,12,8,0,Monday,9.600000000000001,3187.9500000000003
2025-12-08,Delhi,Delhi,30.0,24.1,27.0,40.7,48.2,24.0,291,Poor,1010.2,84.9,2025,12,8,0,Monday,5.899999999999999,1098.9
2025-12-08,Bengaluru,Karnataka,40.0,30.7,35.4,55.3,2.7,6.1,168,Moderate,998.8,60.2,2025,12,8,0,Monday,9.3,1957.62
2025-12-08,Chennai,Tamil Nadu,29.3,16.4,22.8,30.1,3.5,11.2,56,Satisfactory,1022.5,90.6,2025,12,8,0,Monday,12.900000000000002,686.2800000000001
2025-12-08,Kolkata,West Bengal,27.6,18.7,23.1,90.4,0.0,18.6,154,Moderate,999.7,73.6,2025,12,8,0,Monday,8.900000000000002,2088.2400000000002
2025-12-08,Hyderabad,Telangana,30.5,21.6,26.0,91.8,74.0,6.1,299,Poor,1021.4,25.2,2025,12,8,0,Monday,8.899999999999999,2386.7999999999997
2025-12-08,Ahmedabad,Gujarat,35.8,28.4,32.1,55.9,4.4,20.8,285,Poor,1003.9,75.6,2025,12,8,0,Monday,7.399999999999999,1794.39
2025-12-08,Jaipur,Rajasthan,26.3,17.5,21.9,87.6,0.0,4.2,154,Moderate,998.0,28.2,2025,12,8,0,Monday,8.8,1918.4399999999998
2025-12-08,Lucknow,Uttar Pradesh,28.5,22.1,25.3,84.9,0.0,13.3,344,Very Poor,999.7,13.2,2025,12,8,0,Monday,6.399999999999999,2147.9700000000003
2025-12-08,Bhopal,Madhya Pradesh,34.2,25.2,29.7,42.9,0.0,13.0,284,Poor,998.3,55.1,2025,12,8,0,Monday,9.000000000000004,1274.1299999999999
2025-12-09,Mumbai,Maharashtra,26.2,16.0,21.1,56.0,0.0,15.0,203,Poor,1003.0,30.8,2025,12,9,1,Tuesday,10.2,1181.6000000000001
2025-12-09,Delhi,Delhi,38.8,25.9,32.4,71.2,0.0,24.4,178,Moderate,1008.4,35.1,2025,12,9,1,Tuesday,12.899999999999999,2306.88
2025-12-09,Bengaluru,Karnataka,34.8,27.0,30.9,40.3,0.0,10.3,295,Poor,1016.5,12.8,2025,12,9,1,Tuesday,7.799999999999997,1245.2699999999998
2025-12-09,Chennai,Tamil Nadu,39.4,28.9,34.2,43.6,1.0,23.5,334,Very Poor,1015.8,55.1,2025,12,9,1,Tuesday,10.5,1491.1200000000001
2025-12-09,Kolkata,West Bengal,41.6,30.0,35.8,32.5,0.0,11.0,254,Poor,1022.9,75.5,2025,12,9,1,Tuesday,11.600000000000001,1163.5
2025-12-09,Hyderabad,Telangana,33.5,25.2,29.3,37.8,0.0,5.6,41,Good,1002.0,9.1,2025,12,9,1,Tuesday,8.3,1107.54
2025-12-09,Ahmedabad,Gujarat,42.4,31.0,36.7,68.2,5.2,23.5,347,Very Poor,998.6,79.6,2025,12,9,1,Tuesday,11.399999999999999,2502.9400000000005
2025-12-09,Jaipur,Rajasthan,25.6,16.8,21.2,58.3,0.0,22.5,349,Very Poor,995.2,16.0,2025,12,9,1,Tuesday,8.8,1235.9599999999998
2025-12-09,Lucknow,Uttar Pradesh,41.5,29.5,35.5,55.9,8.6,11.2,88,Satisfactory,1010.4,14.4,2025,12,9,1,Tuesday,12.0,1984.45
2025-12-09,Bhopal,Madhya Pradesh,40.7,35.4,38.0,33.2,0.0,11.2,189,Moderate,1008.3,31.9,2025,12,9,1,Tuesday,5.300000000000004,1261.6000000000001
2025-12-10,Mumbai,Maharashtra,32.4,26.6,29.5,86.4,0.0,6.6,194,Moderate,991.0,86.4,2025,12,10,2,Wednesday,5.799999999999997,2548.8
2025-12-10,Delhi,Delhi,33.3,20.7,27.0,32.2,0.0,19.3,265,Poor,1009.1,10.9,2025,12,10,2,Wednesday,12.599999999999998,869.4000000000001
2025-12-10,Bengaluru,Karnataka,40.7,31.1,35.9,58.5,55.1,17.1,110,Moderate,1017.0,84.6,2025,12,10,2,Wednesday,9.600000000000001,2100.15
2025-12-10,Chennai,Tamil Nadu,33.0,23.7,28.4,66.3,0.0,20.6,197,Moderate,1023.7,32.5,2025,12,10,2,Wednesday,9.3,1882.9199999999998
2025-12-10,Kolkata,West Bengal,41.5,33.3,37.4,40.3,0.0,23.7,130,Moderate,1023.4,86.8,2025,12,10,2,Wednesday,8.200000000000003,1507.2199999999998
2025-12-10,Hyderabad,Telangana,29.5,16.1,22.8,72.3,38.7,5.8,285,Poor,1023.0,65.2,2025,12,10,2,Wednesday,13.399999999999999,1648.44
2025-12-10,Ahmedabad,Gujarat,32.4,21.5,27.0,78.7,0.0,3.5,127,Moderate,1020.2,87.3,2025,12,10,2,Wednesday,10.899999999999999,2124.9
2025-12-10,Jaipur,Rajasthan,42.6,30.1,36.4,61.4,0.0,11.5,259,Poor,1004.7,24.3,2025,12,10,2,Wednesday,12.5,2234.96
2025-12-10,Lucknow,Uttar Pradesh,37.2,22.3,29.7,39.2,0.0,16.0,229,Poor,996.9,50.9,2025,12,10,2,Wednesday,14.900000000000002,1164.24
2025-12-10,Bhopal,Madhya Pradesh,34.2,26.0,30.1,80.9,8.6,11.0,233,Poor,1007.1,27.0,2025,12,10,2,Wednesday,8.200000000000003,2435.09
2025-12-11,Mumbai,Maharashtra,27.0,16.1,21.6,94.3,0.0,5.3,195,Moderate,1000.1,9.7,2025,12,11,3,Thursday,10.899999999999999,2036.88
2025-12-11,Delhi,Delhi,38.0,28.7,33.4,66.6,0.0,14.6,250,Poor,1024.4,38.0,2025,12,11,3,Thursday,9.3,2224.4399999999996
2025-12-11,Bengaluru,Karnataka,41.5,33.1,37.3,90.4,0.0,16.6,76,Satisfactory,1017.6,31.6,2025,12,11,3,Thursday,8.399999999999999,3371.92
2025-12-11,Chennai,Tamil Nadu,25.5,19.7,22.6,65.3,0.0,2.1,125,Moderate,999.9,92.5,2025,12,11,3,Thursday,5.800000000000001,1475.78
2025-12-11,Kolkata,West Bengal,33.8,27.0,30.4,37.6,0.0,20.2,156,Moderate,1006.7,56.3,2025,12,11,3,Thursday,6.799999999999997,1143.04
2025-12-11,Hyderabad,Telangana,29.2,23.3,26.2,34.9,0.0,10.2,246,Poor,1010.0,53.6,2025,12,11,3,Thursday,5.899999999999999,914.3799999999999
2025-12-11,Ahmedabad,Gujarat,28.9,18.6,23.8,79.9,0.0,17.5,179,Moderate,1006.1,86.5,2025,12,11,3,Thursday,10.299999999999997,1901.6200000000001
2025-12-11,Jaipur,Rajasthan,43.8,35.8,39.8,86.3,0.0,8.4,260,Poor,1019.6,35.2,2025,12,11,3,Thursday,8.0,3434.74
2025-12-11,Lucknow,Uttar Pradesh,44.8,38.1,41.5,57.1,1.7,6.4,143,Moderate,1006.9,97.9,2025,12,11,3,Thursday,6.699999999999996,2369.65
2025-12-11,Bhopal,Madhya Pradesh,42.5,33.5,38.0,47.1,3.4,13.7,242,Poor,1011.5,33.8,2025,12,11,3,Thursday,9.0,1789.8
2025-12-12,Mumbai,Maharashtra,28.3,16.8,22.5,35.3,52.7,20.7,196,Moderate,1008.4,88.9,2025,12,12,4,Friday,11.5,794.2499999999999
2025-12-12,Delhi,Delhi,35.3,23.1,29.2,87.1,0.0,23.3,286,Poor,997.8,55.0,2025,12,12,4,Friday,12.199999999999996,2543.3199999999997
2025-12-12,Bengaluru,Karnataka,41.0,33.3,37.1,94.1,0.9,20.8,82,Satisfactory,1014.9,85.8,2025,12,12,4,Friday,7.700000000000003,3491.11
2025-12-12,Chennai,Tamil Nadu,26.9,12.2,19.6,70.6,9.2,16.5,252,Poor,1002.6,19.2,2025,12,12,4,Friday,14.7,1383.76
2025-12-12,Kolkata,West Bengal,41.4,30.9,36.1,33.3,1.5,15.0,125,Moderate,1006.3,56.6,2025,12,12,4,Friday,10.5,1202.1299999999999
2025-12-12,Hyderabad,Telangana,41.1,32.8,37.0,71.9,0.0,24.2,130,Moderate,996.7,15.0,2025,12,12,4,Friday,8.300000000000004,2660.3
2025-12-12,Ahmedabad,Gujarat,42.6,34.5,38.5,57.1,79.2,13.1,156,Moderate,1017.5,25.9,2025,12,12,4,Friday,8.100000000000001,2198.35
2025-12-12,Jaipur,Rajasthan,38.6,30.7,34.7,44.6,0.0,19.3,74,Satisfactory,998.5,47.8,2025,12,12,4,Friday,7.900000000000002,1547.6200000000001
2025-12-12,Lucknow,Uttar Pradesh,26.4,16.8,21.6,51.9,0.0,15.9,289,Poor,993.4,89.2,2025,12,12,4,Friday,9.599999999999998,1121.04
2025-12-12,Bhopal,Madhya Pradesh,35.4,28.6,32.0,57.7,0.0,11.7,260,Poor,995.9,27.7,2025,12,12,4,Friday,6.799999999999997,1846.4
2025-12-13,Mumbai,Maharashtra,35.7,27.1,31.4,49.3,12.4,19.3,309,Very Poor,1022.5,44.2,2025,12,13,5,Saturday,8.600000000000001,1548.0199999999998
2025-12-13,Delhi,Delhi,30.1,20.0,25.1,43.2,0.0,21.8,165,Moderate,1015.9,96.8,2025,12,13,5,Saturday,10.100000000000001,1084.3200000000002
2025-12-13,Bengaluru,Karnataka,34.2,23.1,28.7,59.5,4.3,14.3,118,Moderate,1011.3,24.4,2025,12,13,5,Saturday,11.100000000000001,1707.6499999999999
2025-12-13,Chennai,Tamil Nadu,31.8,22.1,27.0,32.9,8.9,9.3,128,Moderate,1003.5,74.7,2025,12,13,5,Saturday,9.7,888.3
2025-12-13,Kolkata,West Bengal,37.2,23.1,30.1,56.7,0.0,19.5,306,Very Poor,1016.4,93.2,2025,12,13,5,Saturday,14.100000000000001,1706.67
2025-12-13,Hyderabad,Telangana,40.0,28.6,34.3,45.7,0.0,18.3,96,Satisfactory,1013.6,43.1,2025,12,13,5,Saturday,11.399999999999999,1567.51
2025-12-13,Ahmedabad,Gujarat,34.7,27.0,30.8,46.6,0.0,10.6,193,Moderate,1021.5,72.1,2025,12,13,5,Saturday,7.700000000000003,1435.28
2025-12-13,Jaipur,Rajasthan,33.4,20.2,26.8,41.2,0.0,23.4,286,Poor,1008.0,34.9,2025,12,13,5,Saturday,13.2,1104.16
2025-12-13,Lucknow,Uttar Pradesh,44.7,39.4,42.0,32.5,49.0,18.0,160,Moderate,1006.5,20.3,2025,12,13,5,Saturday,5.300000000000004,1365.0
2025-12-13,Bhopal,Madhya Pradesh,40.7,33.4,37.1,76.3,0.0,12.5,166,Moderate,1011.4,58.5,2025,12,13,5,Saturday,7.300000000000004,2830.73
2025-12-14,Mumbai,Maharashtra,32.4,24.6,28.5,79.9,0.0,16.7,134,Moderate,1009.5,68.4,2025,12,14,6,Sunday,7.799999999999997,2277.15
2025-12-14,Delhi,Delhi,40.8,32.6,36.7,57.2,1.4,7.4,177,Moderate,1019.8,72.0,2025,12,14,6,Sunday,8.199999999999996,2099.2400000000002
2025-12-14,Bengaluru,Karnataka,44.8,36.4,40.6,36.5,0.0,20.8,76,Satisfactory,1017.2,93.3,2025,12,14,6,Sunday,8.399999999999999,1481.9
2025-12-14,Chennai,Tamil Nadu,37.0,29.8,33.4,56.0,0.0,9.0,131,Moderate,992.5,51.7,2025,12,14,6,Sunday,7.199999999999999,1870.3999999999999
2025-12-14,Kolkata,West Bengal,36.8,27.2,32.0,45.9,1.1,2.8,104,Moderate,1024.6,66.0,2025,12,14,6,Sunday,9.599999999999998,1468.8
2025-12-14,Hyderabad,Telangana,41.8,28.0,34.9,67.3,12.0,3.3,52,Satisfactory,1012.5,37.9,2025,12,14,6,Sunday,13.799999999999997,2348.77
2025-12-14,Ahmedabad,Gujarat,43.6,37.2,40.4,85.5,0.0,15.4,135,Moderate,1018.0,58.8,2025,12,14,6,Sunday,6.399999999999999,3454.2
2025-12-14,Jaipur,Rajasthan,29.7,22.9,26.3,84.5,0.0,12.0,151,Moderate,1011.7,11.8,2025,12,14,6,Sunday,6.800000000000001,2222.35
2025-12-14,Lucknow,Uttar Pradesh,29.8,18.3,24.1,69.4,0.0,5.7,189,Moderate,1009.9,21.1,2025,12,14,6,Sunday,11.5,1672.5400000000002
2025-12-14,Bhopal,Madhya Pradesh,37.3,23.5,30.4,45.9,0.0,16.9,80,Satisfactory,1013.5,25.0,2025,12,14,6,Sunday,13.799999999999997,1395.36
2025-12-15,Mumbai,Maharashtra,34.0,27.6,30.8,82.8,0.0,20.6,165,Moderate,1012.0,35.6,2025,12,15,0,Monday,6.399999999999999,2550.24
2025-12-15,Delhi,Delhi,38.5,31.6,35.0,87.9,0.0,12.4,267,Poor,1006.4,39.5,2025,12,15,0,Monday,6.899999999999999,3076.5
2025-12-15,Bengaluru,Karnataka,41.9,28.4,35.2,37.9,0.0,8.3,270,Poor,1000.3,81.9,2025,12,15,0,Monday,13.5,1334.0800000000002
2025-12-15,Chennai,Tamil Nadu,26.7,18.4,22.6,46.3,6.0,22.9,324,Very Poor,1004.7,67.3,2025,12,15,0,Monday,8.3,1046.38
2025-12-15,Kolkata,West Bengal,35.8,27.8,31.8,56.2,7.6,19.1,305,Very Poor,1022.2,77.6,2025,12,15,0,Monday,7.9999999999999964,1787.16
2025-12-15,Hyderabad,Telangana,36.5,25.0,30.8,92.9,8.7,10.2,169,Moderate,1009.2,10.2,2025,12,15,0,Monday,11.5,2861.32
2025-12-15,Ahmedabad,Gujarat,27.2,15.0,21.1,88.0,27.2,15.5,107,Moderate,1010.6,58.5,2025,12,15,0,Monday,12.2,1856.8000000000002
2025-12-15,Jaipur,Rajasthan,29.9,15.4,22.6,77.0,1.0,8.5,97,Satisfactory,998.8,24.2,2025,12,15,0,Monday,14.499999999999998,1740.2
2025-12-15,Lucknow,Uttar Pradesh,37.3,23.2,30.2,53.5,18.7,14.2,197,Moderate,1006.3,89.6,2025,12,15,0,Monday,14.099999999999998,1615.7
2025-12-15,Bhopal,Madhya Pradesh,34.6,20.3,27.5,60.8,50.7,24.2,313,Very Poor,1017.1,52.4,2025,12,15,0,Monday,14.3,1672.0
2025-12-16,Mumbai,Maharashtra,33.4,22.0,27.7,41.7,6.6,11.5,171,Moderate,1003.9,75.9,2025,12,16,1,Tuesday,11.399999999999999,1155.0900000000001
2025-12-16,Delhi,Delhi,39.3,25.7,32.5,38.9,4.8,24.4,95,Satisfactory,1020.1,34.5,2025,12,16,1,Tuesday,13.599999999999998,1264.25
2025-12-16,Bengaluru,Karnataka,29.2,22.0,25.6,34.9,0.0,19.5,98,Satisfactory,1001.4,11.7,2025,12,16,1,Tuesday,7.199999999999999,893.44
2025-12-16,Chennai,Tamil Nadu,38.2,25.2,31.7,46.5,0.0,6.2,235,Poor,992.7,51.0,2025,12,16,1,Tuesday,13.000000000000004,1474.05
2025-12-16,Kolkata,West Bengal,25.9,19.5,22.7,90.6,2.3,9.4,215,Poor,997.1,28.2,2025,12,16,1,Tuesday,6.399999999999999,2056.62
2025-12-16,Hyderabad,Telangana,32.6,22.7,27.6,82.8,5.1,6.8,107,Moderate,1007.5,82.3,2025,12,16,1,Tuesday,9.900000000000002,2285.28
2025-12-16,Ahmedabad,Gujarat,39.6,34.3,36.9,91.3,21.4,3.9,330,Very Poor,1004.2,75.0,2025,12,16,1,Tuesday,5.300000000000004,3368.97
2025-12-16,Jaipur,Rajasthan,32.0,18.7,25.3,42.8,0.4,5.5,115,Moderate,991.8,97.8,2025,12,16,1,Tuesday,13.3,1082.84
2025-12-16,Lucknow,Uttar Pradesh,34.3,23.1,28.7,39.4,3.6,21.4,251,Poor,1005.3,89.5,2025,12,16,1,Tuesday,11.199999999999996,1130.78
2025-12-16,Bhopal,Madhya Pradesh,36.2,30.1,33.2,67.4,6.0,14.2,148,Moderate,1010.7,78.4,2025,12,16,1,Tuesday,6.100000000000001,2237.6800000000003
2025-12-17,Mumbai,Maharashtra,27.7,14.0,20.8,92.7,0.0,3.5,231,Poor,1010.0,87.5,2025,12,17,2,Wednesday,13.7,1928.16
2025-12-17,Delhi,Delhi,25.2,20.1,22.6,77.1,0.0,24.1,322,Very Poor,1006.1,17.9,2025,12,17,2,Wednesday,5.099999999999998,1742.46
2025-12-17,Bengaluru,Karnataka,34.9,26.5,30.7,36.3,4.6,13.4,267,Poor,1015.2,38.3,2025,12,17,2,Wednesday,8.399999999999999,1114.4099999999999
2025-12-17,Chennai,Tamil Nadu,26.7,19.7,23.2,87.1,0.0,11.0,324,Very Poor,992.3,52.2,2025,12,17,2,Wednesday,7.0,2020.7199999999998
2025-12-17,Kolkata,West Bengal,40.7,35.3,38.0,49.5,0.0,22.9,190,Moderate,1000.9,42.3,2025,12,17,2,Wednesday,5.400000000000006,1881.0
2025-12-17,Hyderabad,Telangana,39.9,26.9,33.4,92.6,0.0,12.2,282,Poor,1018.3,27.7,2025,12,17,2,Wednesday,13.0,3092.8399999999997
2025-12-17,Ahmedabad,Gujarat,29.1,17.0,23.0,81.9,0.0,19.8,298,Poor,1001.2,19.1,2025,12,17,2,Wednesday,12.100000000000001,1883.7
2025-12-17,Jaipur,Rajasthan,33.2,22.5,27.9,89.7,0.0,21.8,200,Moderate,1001.9,43.1,2025,12,17,2,Wednesday,10.700000000000003,2502.63
2025-12-17,Lucknow,Uttar Pradesh,28.3,18.6,23.5,58.3,0.0,9.0,337,Very Poor,994.6,13.5,2025,12,17,2,Wednesday,9.7,1370.05
2025-12-17,Bhopal,Madhya Pradesh,44.9,30.9,37.9,59.8,0.0,15.5,245,Poor,1023.5,31.6,2025,12,17,2,Wednesday,14.0,2266.4199999999996
2025-12-18,Mumbai,Maharashtra,38.3,28.7,33.5,61.9,0.0,20.3,116,Moderate,1013.1,97.5,2025,12,18,3,Thursday,9.599999999999998,2073.65
2025-12-18,Delhi,Delhi,27.9,19.5,23.7,63.1,2.1,3.3,123,Moderate,1016.5,94.3,2025,12,18,3,Thursday,8.399999999999999,1495.47
2025-12-18,Bengaluru,Karnataka,40.5,31.3,35.9,73.2,7.5,4.4,109,Moderate,1024.5,37.0,2025,12,18,3,Thursday,9.2,2627.88
2025-12-18,Chennai,Tamil Nadu,27.8,14.7,21.2,68.1,0.0,21.2,48,Good,999.8,32.6,2025,12,18,3,Thursday,13.100000000000001,1443.7199999999998
2025-12-18,Kolkata,West Bengal,30.0,22.4,26.2,49.3,0.0,16.6,48,Good,994.7,93.4,2025,12,18,3,Thursday,7.600000000000001,1291.6599999999999
2025-12-18,Hyderabad,Telangana,43.2,32.7,37.9,76.2,22.2,12.1,144,Moderate,1006.8,98.6,2025,12,18,3,Thursday,10.5,2887.98
2025-12-18,Ahmedabad,Gujarat,27.0,16.1,21.6,66.1,0.0,18.6,90,Satisfactory,1005.2,79.5,2025,12,18,3,Thursday,10.899999999999999,1427.76
2025-12-18,Jaipur,Rajasthan,35.0,29.2,32.1,66.5,0.0,14.2,249,Poor,1024.0,52.3,2025,12,18,3,Thursday,5.800000000000001,2134.65
2025-12-18,Lucknow,Uttar Pradesh,25.9,13.9,19.9,36.8,0.0,22.2,167,Moderate,1006.9,59.3,2025,12,18,3,Thursday,11.999999999999998,732.3199999999999
2025-12-18,Bhopal,Madhya Pradesh,34.5,20.4,27.5,91.6,0.0,9.5,218,Poor,1008.0,24.2,2025,12,18,3,Thursday,14.100000000000001,2519.0
2025-12-19,Mumbai,Maharashtra,38.7,27.2,33.0,58.8,0.0,8.2,107,Moderate,1011.1,46.9,2025,12,19,4,Friday,11.500000000000004,1940.3999999999999
2025-12-19,Delhi,Delhi,31.2,23.4,27.3,89.2,55.7,6.2,305,Very Poor,1022.8,56.3,2025,12,19,4,Friday,7.800000000000001,2435.1600000000003
2025-12-19,Bengaluru,Karnataka,28.4,20.6,24.5,42.6,6.6,7.8,271,Poor,998.9,31.7,2025,12,19,4,Friday,7.799999999999997,1043.7
2025-12-19,Chennai,Tamil Nadu,43.5,29.4,36.4,36.6,2.7,10.1,238,Poor,1020.2,17.4,2025,12,19,4,Friday,14.100000000000001,1332.24
2025-12-19,Kolkata,West Bengal,30.5,20.2,25.3,55.2,44.1,7.9,302,Very Poor,1016.9,73.1,2025,12,19,4,Friday,10.3,1396.5600000000002
2025-12-19,Hyderabad,Telangana,38.9,27.0,33.0,72.9,0.0,17.6,139,Moderate,996.0,69.5,2025,12,19,4,Friday,11.899999999999999,2405.7000000000003
2025-12-19,Ahmedabad,Gujarat,25.9,13.2,19.5,33.4,0.0,23.0,251,Poor,1011.8,88.2,2025,12,19,4,Friday,12.7,651.3
2025-12-19,Jaipur,Rajasthan,44.8,34.6,39.7,33.5,0.0,4.6,200,Moderate,998.3,50.1,2025,12,19,4,Friday,10.199999999999996,1329.95
2025-12-19,Lucknow,Uttar Pradesh,43.7,37.8,40.7,53.3,5.1,13.8,129,Moderate,1006.1,67.3,2025,12,19,4,Friday,5.900000000000006,2169.31
2025-12-19,Bhopal,Madhya Pradesh,31.8,25.2,28.5,64.0,0.0,2.5,190,Moderate,996.8,28.5,2025,12,19,4,Friday,6.600000000000001,1824.0
2025-12-20,Mumbai,Maharashtra,29.8,16.6,23.2,60.8,0.0,15.9,290,Poor,1000.9,36.9,2025,12,20,5,Saturday,13.2,1410.56
2025-12-20,Delhi,Delhi,41.7,31.4,36.6,88.3,0.0,18.0,133,Moderate,1008.9,84.0,2025,12,20,5,Saturday,10.300000000000004,3231.78
2025-12-20,Bengaluru,Karnataka,26.3,15.0,20.6,77.5,7.7,2.5,215,Poor,1017.1,71.8,2025,12,20,5,Saturday,11.3,1596.5
2025-12-20,Chennai,Tamil Nadu,35.1,23.0,29.1,33.7,0.0,13.2,132,Moderate,1017.2,23.3,2025,12,20,5,Saturday,12.100000000000001,980.6700000000002
2025-12-20,Kolkata,West Bengal,38.3,29.1,33.7,49.4,6.3,14.1,80,Satisfactory,997.2,43.8,2025,12,20,5,Saturday,9.199999999999996,1664.7800000000002
2025-12-20,Hyderabad,Telangana,37.3,25.6,31.5,56.3,0.0,17.3,177,Moderate,994.5,72.8,2025,12,20,5,Saturday,11.699999999999996,1773.4499999999998
2025-12-20,Ahmedabad,Gujarat,32.3,18.0,25.2,33.5,0.0,13.7,278,Poor,1004.0,79.9,2025,12,20,5,Saturday,14.299999999999997,844.1999999999999
2025-12-20,Jaipur,Rajasthan,40.4,31.8,36.1,56.5,18.7,14.4,156,Moderate,1019.7,80.4,2025,12,20,5,Saturday,8.599999999999998,2039.65
2025-12-20,Lucknow,Uttar Pradesh,27.0,12.8,19.9,52.4,73.6,8.0,175,Moderate,993.1,5.1,2025,12,20,5,Saturday,14.2,1042.76
2025-12-20,Bhopal,Madhya Pradesh,36.4,28.7,32.5,46.9,28.4,16.8,174,Moderate,1019.0,86.7,2025,12,20,5,Saturday,7.699999999999999,1524.25
2025-12-21,Mumbai,Maharashtra,34.6,19.8,27.2,83.1,0.0,22.6,123,Moderate,1018.2,54.1,2025,12,21,6,Sunday,14.8,2260.3199999999997
2025-12-21,Delhi,Delhi,27.9,17.4,22.7,49.2,0.0,20.0,106,Moderate,993.8,89.4,2025,12,21,6,Sunday,10.5,1116.84
2025-12-21,Bengaluru,Karnataka,40.2,27.0,33.6,81.5,33.8,8.4,57,Satisfactory,1022.7,46.6,2025,12,21,6,Sunday,13.200000000000003,2738.4
2025-12-21,Chennai,Tamil Nadu,40.7,27.8,34.3,42.8,0.0,20.6,336,Very Poor,1000.2,12.3,2025,12,21,6,Sunday,12.900000000000002,1468.0399999999997
2025-12-21,Kolkata,West Bengal,36.1,26.7,31.4,62.8,6.7,19.0,221,Poor,996.3,41.5,2025,12,21,6,Sunday,9.400000000000002,1971.9199999999998
2025-12-21,Hyderabad,Telangana,37.4,29.7,33.5,93.4,0.0,19.3,346,Very Poor,991.3,98.8,2025,12,21,6,Sunday,7.699999999999999,3128.9
2025-12-21,Ahmedabad,Gujarat,28.2,19.2,23.7,43.3,4.1,2.8,216,Poor,1024.5,94.4,2025,12,21,6,Sunday,9.0,1026.2099999999998
2025-12-21,Jaipur,Rajasthan,34.6,24.1,29.4,31.2,0.0,12.6,230,Poor,1000.2,71.5,2025,12,21,6,Sunday,10.5,917.28
2025-12-21,Lucknow,Uttar Pradesh,32.8,24.6,28.7,87.1,6.9,3.7,328,Very Poor,992.1,45.8,2025,12,21,6,Sunday,8.199999999999996,2499.77
2025-12-21,Bhopal,Madhya Pradesh,35.5,21.7,28.6,36.3,0.0,8.7,183,Moderate,1014.9,43.1,2025,12,21,6,Sunday,13.8,1038.18
2025-12-22,Mumbai,Maharashtra,29.9,22.1,26.0,41.7,0.0,14.2,44,Good,999.6,60.9,2025,12,22,0,Monday,7.799999999999997,1084.2
2025-12-22,Delhi,Delhi,44.5,32.2,38.3,62.7,0.0,4.7,272,Poor,998.8,24.8,2025,12,22,0,Monday,12.299999999999997,2401.41
2025-12-22,Bengaluru,Karnataka,36.0,22.5,29.2,61.8,7.7,16.7,125,Moderate,1016.6,81.0,2025,12,22,0,Monday,13.5,1804.56
2025-12-22,Chennai,Tamil Nadu,32.7,25.6,29.2,78.6,2.8,9.8,342,Very Poor,1000.2,66.9,2025,12,22,0,Monday,7.100000000000001,2295.12
2025-12-22,Kolkata,West Bengal,26.3,12.9,19.6,37.9,3.5,23.3,139,Moderate,993.6,75.8,2025,12,22,0,Monday,13.4,742.84
2025-12-22,Hyderabad,Telangana,43.0,35.3,39.1,75.1,0.0,7.4,348,Very Poor,1013.7,86.1,2025,12,22,0,Monday,7.700000000000003,2936.41
2025-12-22,Ahmedabad,Gujarat,28.5,20.4,24.4,88.0,0.0,17.8,246,Poor,1008.4,64.6,2025,12,22,0,Monday,8.100000000000001,2147.2
2025-12-22,Jaipur,Rajasthan,37.6,26.0,31.8,66.9,7.2,21.6,333,Very Poor,1001.1,75.8,2025,12,22,0,Monday,11.600000000000001,2127.42
2025-12-22,Lucknow,Uttar Pradesh,32.3,19.6,26.0,48.9,1.8,9.1,107,Moderate,1000.3,31.4,2025,12,22,0,Monday,12.699999999999996,1271.3999999999999
2025-12-22,Bhopal,Madhya Pradesh,37.2,29.8,33.5,90.8,0.0,24.1,276,Poor,1004.8,58.6,2025,12,22,0,Monday,7.400000000000002,3041.7999999999997
2025-12-23,Mumbai,Maharashtra,28.4,23.1,25.8,59.6,0.0,16.1,179,Moderate,1024.1,62.2,2025,12,23,1,Tuesday,5.299999999999997,1537.68
2025-12-23,Delhi,Delhi,25.5,17.3,21.4,53.3,4.8,21.4,86,Satisfactory,1000.1,37.9,2025,12,23,1,Tuesday,8.2,1140.62
2025-12-23,Bengaluru,Karnataka,42.1,30.6,36.4,35.0,20.7,9.5,187,Moderate,1007.4,35.2,2025,12,23,1,Tuesday,11.5,1274.0
2025-12-23,Chennai,Tamil Nadu,45.0,37.1,41.0,48.4,3.8,10.7,50,Good,1010.3,67.8,2025,12,23,1,Tuesday,7.899999999999999,1984.3999999999999
2025-12-23,Kolkata,West Bengal,37.9,27.6,32.7,35.4,0.0,12.1,245,Poor,1012.2,19.7,2025,12,23,1,Tuesday,10.299999999999997,1157.5800000000002
2025-12-23,Hyderabad,Telangana,41.4,36.3,38.8,54.0,2.8,6.3,252,Poor,994.7,74.2,2025,12,23,1,Tuesday,5.100000000000001,2095.2
2025-12-23,Ahmedabad,Gujarat,34.2,24.2,29.2,47.5,3.4,14.8,209,Poor,1015.5,61.1,2025,12,23,1,Tuesday,10.000000000000004,1387.0
2025-12-23,Jaipur,Rajasthan,31.4,22.5,26.9,87.7,0.0,17.4,68,Satisfactory,1014.0,70.6,2025,12,23,1,Tuesday,8.899999999999999,2359.13
2025-12-23,Lucknow,Uttar Pradesh,31.0,22.3,26.7,83.7,0.0,2.2,263,Poor,990.3,12.1,2025,12,23,1,Tuesday,8.7,2234.79
2025-12-23,Bhopal,Madhya Pradesh,28.6,16.0,22.3,58.1,70.9,14.5,97,Satisfactory,1017.6,67.9,2025,12,23,1,Tuesday,12.600000000000001,1295.63
2025-12-24,Mumbai,Maharashtra,32.6,18.0,25.3,80.2,0.0,9.6,152,Moderate,1022.5,46.2,2025,12,24,2,Wednesday,14.600000000000001,2029.0600000000002
2025-12-24,Delhi,Delhi,29.8,15.9,22.8,92.2,53.2,13.5,50,Good,1006.4,55.1,2025,12,24,2,Wednesday,13.9,2102.1600000000003
2025-12-24,Bengaluru,Karnataka,31.0,19.0,25.0,92.8,0.0,13.3,177,Moderate,995.3,36.3,2025,12,24,2,Wednesday,12.0,2320.0
2025-12-24,Chennai,Tamil Nadu,30.2,21.7,26.0,48.0,0.0,4.2,59,Satisfactory,996.4,15.5,2025,12,24,2,Wednesday,8.5,1248.0
2025-12-24,Kolkata,West Bengal,29.9,23.0,26.5,77.1,0.0,5.3,48,Good,1001.2,32.9,2025,12,24,2,Wednesday,6.899999999999999,2043.1499999999999
2025-12-24,Hyderabad,Telangana,36.4,22.4,29.4,65.0,0.0,22.9,51,Satisfactory,1002.7,76.4,2025,12,24,2,Wednesday,14.0,1911.0
2025-12-24,Ahmedabad,Gujarat,39.4,34.0,36.7,52.4,59.2,13.4,188,Moderate,1011.2,54.2,2025,12,24,2,Wednesday,5.399999999999999,1923.0800000000002
2025-12-24,Jaipur,Rajasthan,36.6,31.2,33.9,42.1,0.0,19.0,124,Moderate,995.8,59.1,2025,12,24,2,Wednesday,5.400000000000002,1427.19
2025-12-24,Lucknow,Uttar Pradesh,35.3,24.0,29.7,67.9,2.2,23.4,291,Poor,1012.2,73.4,2025,12,24,2,Wednesday,11.299999999999997,2016.63
2025-12-24,Bhopal,Madhya Pradesh,27.1,15.2,21.1,50.7,0.0,8.0,272,Poor,1012.8,8.4,2025,12,24,2,Wednesday,11.900000000000002,1069.7700000000002
2025-12-25,Mumbai,Maharashtra,28.3,21.0,24.6,30.1,0.0,7.3,263,Poor,1021.3,36.0,2025,12,25,3,Thursday,7.300000000000001,740.46
2025-12-25,Delhi,Delhi,29.7,16.7,23.2,74.1,40.8,10.6,335,Very Poor,1011.0,65.8,2025,12,25,3,Thursday,13.0,1719.12
2025-12-25,Bengaluru,Karnataka,27.7,21.3,24.5,60.0,0.0,8.5,295,Poor,1000.7,7.3,2025,12,25,3,Thursday,6.399999999999999,1470.0
2025-12-25,Chennai,Tamil Nadu,25.2,15.4,20.3,33.7,8.0,18.9,307,Very Poor,1022.9,44.6,2025,12,25,3,Thursday,9.799999999999999,684.1100000000001
2025-12-25,Kolkata,West Bengal,28.7,19.2,23.9,30.6,42.1,9.3,141,Moderate,1013.5,84.2,2025,12,25,3,Thursday,9.5,731.34
2025-12-25,Hyderabad,Telangana,28.4,17.5,22.9,48.5,0.0,17.5,261,Poor,1024.1,28.5,2025,12,25,3,Thursday,10.899999999999999,1110.6499999999999
2025-12-25,Ahmedabad,Gujarat,35.6,22.2,28.9,55.3,15.8,21.5,307,Very Poor,1020.3,85.0,2025,12,25,3,Thursday,13.400000000000002,1598.1699999999998
2025-12-25,Jaipur,Rajasthan,41.3,27.3,34.3,60.0,9.4,18.3,50,Good,1018.7,75.1,2025,12,25,3,Thursday,13.999999999999996,2058.0
2025-12-25,Lucknow,Uttar Pradesh,39.8,34.6,37.2,64.7,8.4,15.9,200,Moderate,996.4,53.3,2025,12,25,3,Thursday,5.199999999999996,2406.84
2025-12-25,Bhopal,Madhya Pradesh,31.5,22.3,26.9,86.7,0.0,16.2,175,Moderate,993.2,93.5,2025,12,25,3,Thursday,9.2,2332.23
2025-12-26,Mumbai,Maharashtra,40.0,28.3,34.1,82.0,0.4,21.2,218,Poor,1006.3,80.7,2025,12,26,4,Friday,11.7,2796.2000000000003
2025-12-26,Delhi,Delhi,35.1,22.2,28.6,70.8,0.9,22.8,118,Moderate,1022.7,84.7,2025,12,26,4,Friday,12.900000000000002,2024.88
2025-12-26,Bengaluru,Karnataka,34.5,25.1,29.8,58.5,0.0,16.2,177,Moderate,1004.4,35.8,2025,12,26,4,Friday,9.399999999999999,1743.3
2025-12-26,Chennai,Tamil Nadu,31.5,18.9,25.2,40.9,0.0,16.8,87,Satisfactory,992.0,28.5,2025,12,26,4,Friday,12.600000000000001,1030.6799999999998
2025-12-26,Kolkata,West Bengal,30.8,22.5,26.7,62.2,0.0,14.2,87,Satisfactory,1024.7,25.0,2025,12,26,4,Friday,8.3,1660.74
2025-12-26,Hyderabad,Telangana,41.9,32.7,37.3,85.0,0.0,16.0,349,Very Poor,1005.7,48.6,2025,12,26,4,Friday,9.199999999999996,3170.4999999999995
2025-12-26,Ahmedabad,Gujarat,35.9,23.9,29.9,76.9,48.7,19.3,134,Moderate,1001.9,39.6,2025,12,26,4,Friday,12.0,2299.31
2025-12-26,Jaipur,Rajasthan,37.6,31.6,34.6,48.9,5.0,20.3,310,Very Poor,995.7,26.4,2025,12,26,4,Friday,6.0,1691.94
2025-12-26,Lucknow,Uttar Pradesh,41.6,28.4,35.0,43.6,46.6,7.5,132,Moderate,1021.6,18.4,2025,12,26,4,Friday,13.200000000000003,1526.0
2025-12-26,Bhopal,Madhya Pradesh,31.0,24.5,27.7,86.7,0.0,11.7,41,Good,990.6,16.5,2025,12,26,4,Friday,6.5,2401.59
2025-12-27,Mumbai,Maharashtra,25.5,10.5,18.0,59.2,61.6,4.4,210,Poor,1008.4,35.6,2025,12,27,5,Saturday,15.0,1065.6000000000001
2025-12-27,Delhi,Delhi,31.6,24.8,28.2,73.7,0.0,16.1,320,Very Poor,1016.4,11.9,2025,12,27,5,Saturday,6.800000000000001,2078.34
2025-12-27,Bengaluru,Karnataka,32.1,17.2,24.6,34.5,0.0,12.2,277,Poor,1004.2,37.1,2025,12,27,5,Saturday,14.900000000000002,848.7
2025-12-27,Chennai,Tamil Nadu,41.4,33.0,37.2,61.4,0.0,20.5,271,Poor,1017.9,61.1,2025,12,27,5,Saturday,8.399999999999999,2284.08
2025-12-27,Kolkata,West Bengal,44.8,30.5,37.7,69.7,0.0,13.0,54,Satisfactory,1015.6,99.3,2025,12,27,5,Saturday,14.299999999999997,2627.6900000000005
2025-12-27,Hyderabad,Telangana,29.6,22.5,26.1,84.1,0.0,21.6,46,Good,1007.5,68.4,2025,12,27,5,Saturday,7.100000000000001,2195.0099999999998
2025-12-27,Ahmedabad,Gujarat,38.0,30.6,34.3,86.3,0.0,8.7,345,Very Poor,994.4,75.3,2025,12,27,5,Saturday,7.399999999999999,2960.0899999999997
2025-12-27,Jaipur,Rajasthan,38.1,30.6,34.4,66.7,0.0,14.0,196,Moderate,1005.9,44.4,2025,12,27,5,Saturday,7.5,2294.48
2025-12-27,Lucknow,Uttar Pradesh,33.1,24.6,28.9,37.5,0.0,19.0,346,Very Poor,999.4,41.2,2025,12,27,5,Saturday,8.5,1083.75
2025-12-27,Bhopal,Madhya Pradesh,38.5,26.3,32.4,69.2,0.0,21.1,303,Very Poor,1010.0,78.3,2025,12,27,5,Saturday,12.2,2242.08
2025-12-28,Mumbai,Maharashtra,41.4,32.4,36.9,54.0,0.0,4.8,319,Very Poor,991.5,63.5,2025,12,28,6,Sunday,9.0,1992.6
2025-12-28,Delhi,Delhi,27.6,14.6,21.1,54.7,6.2,5.1,64,Satisfactory,994.0,92.8,2025,12,28,6,Sunday,13.000000000000002,1154.17
2025-12-28,Bengaluru,Karnataka,29.4,20.0,24.7,83.4,6.1,20.4,79,Satisfactory,998.1,6.8,2025,12,28,6,Sunday,9.399999999999999,2059.98
2025-12-28,Chennai,Tamil Nadu,28.3,22.9,25.6,78.6,0.0,15.9,332,Very Poor,1008.2,82.9,2025,12,28,6,Sunday,5.400000000000002,2012.1599999999999
2025-12-28,Kolkata,West Bengal,39.9,29.7,34.8,63.2,0.0,9.9,146,Moderate,1016.1,11.3,2025,12,28,6,Sunday,10.2,2199.36
2025-12-28,Hyderabad,Telangana,31.4,21.5,26.4,60.1,53.8,6.2,74,Satisfactory,1005.1,43.0,2025,12,28,6,Sunday,9.899999999999999,1586.6399999999999
2025-12-28,Ahmedabad,Gujarat,28.3,19.9,24.1,77.8,1.6,15.7,85,Satisfactory,993.7,94.7,2025,12,28,6,Sunday,8.400000000000002,1874.98
2025-12-28,Jaipur,Rajasthan,26.2,18.2,22.2,31.7,50.5,11.3,59,Satisfactory,1000.6,91.9,2025,12,28,6,Sunday,8.0,703.74
2025-12-28,Lucknow,Uttar Pradesh,34.5,26.9,30.7,54.8,0.0,24.7,55,Satisfactory,990.9,77.0,2025,12,28,6,Sunday,7.600000000000001,1682.36
2025-12-28,Bhopal,Madhya Pradesh,33.6,26.6,30.1,91.4,42.4,18.6,64,Satisfactory,1023.3,71.9,2025,12,28,6,Sunday,7.0,2751.1400000000003
2025-12-29,Mumbai,Maharashtra,37.3,22.5,29.9,43.9,0.0,3.9,54,Satisfactory,1001.9,78.7,2025,12,29,0,Monday,14.799999999999997,1312.61
2025-12-29,Delhi,Delhi,31.4,20.1,25.8,91.7,0.0,7.4,202,Poor,1012.3,99.9,2025,12,29,0,Monday,11.299999999999997,2365.86
2025-12-29,Bengaluru,Karnataka,30.4,18.0,24.2,40.3,0.0,11.2,144,Moderate,998.1,92.2,2025,12,29,0,Monday,12.399999999999999,975.2599999999999
2025-12-29,Chennai,Tamil Nadu,34.0,26.6,30.3,35.5,0.0,20.0,80,Satisfactory,991.1,27.4,2025,12,29,0,Monday,7.399999999999999,1075.65
2025-12-29,Kolkata,West Bengal,33.1,19.1,26.1,54.3,0.0,10.4,271,Poor,993.1,38.2,2025,12,29,0,Monday,14.0,1417.23
2025-12-29,Hyderabad,Telangana,41.9,29.7,35.8,30.5,61.2,18.0,311,Very Poor,997.9,15.2,2025,12,29,0,Monday,12.2,1091.8999999999999
2025-12-29,Ahmedabad,Gujarat,27.0,20.5,23.7,68.8,0.0,23.7,141,Moderate,994.4,93.5,2025,12,29,0,Monday,6.5,1630.56
2025-12-29,Jaipur,Rajasthan,41.4,26.9,34.2,63.8,0.0,14.7,46,Good,1019.8,64.0,2025,12,29,0,Monday,14.5,2181.96
2025-12-29,Lucknow,Uttar Pradesh,31.1,17.4,24.3,45.6,0.0,10.0,220,Poor,1018.6,85.7,2025,12,29,0,Monday,13.700000000000003,1108.0800000000002
2025-12-29,Bhopal,Madhya Pradesh,38.6,28.2,33.4,32.9,0.0,24.6,327,Very Poor,1024.9,18.4,2025,12,29,0,Monday,10.400000000000002,1098.86
2025-12-30,Mumbai,Maharashtra,38.5,28.8,33.7,52.4,0.0,14.3,315,Very Poor,1012.8,7.4,2025,12,30,1,Tuesday,9.7,1765.88
2025-12-30,Delhi,Delhi,44.0,32.9,38.5,37.6,0.0,15.3,99,Satisfactory,994.0,18.4,2025,12,30,1,Tuesday,11.100000000000001,1447.6000000000001
2025-12-30,Bengaluru,Karnataka,32.9,19.2,26.0,32.0,6.9,20.8,244,Poor,1021.6,72.9,2025,12,30,1,Tuesday,13.7,832.0
2025-12-30,Chennai,Tamil Nadu,25.4,15.2,20.3,60.5,40.3,22.4,337,Very Poor,994.4,55.6,2025,12,30,1,Tuesday,10.2,1228.15
2025-12-30,Kolkata,West Bengal,37.0,24.0,30.5,54.3,0.0,23.3,275,Poor,1002.2,39.9,2025,12,30,1,Tuesday,13.0,1656.1499999999999
2025-12-30,Hyderabad,Telangana,35.5,26.9,31.2,87.4,8.3,17.9,72,Satisfactory,1001.4,14.5,2025,12,30,1,Tuesday,8.600000000000001,2726.88
2025-12-30,Ahmedabad,Gujarat,37.9,31.8,34.9,88.9,0.0,18.3,226,Poor,1018.8,84.7,2025,12,30,1,Tuesday,6.099999999999998,3102.61
2025-12-30,Jaipur,Rajasthan,28.1,14.9,21.5,81.5,8.4,24.1,120,Moderate,999.0,73.1,2025,12,30,1,Tuesday,13.200000000000001,1752.25
2025-12-30,Lucknow,Uttar Pradesh,31.1,21.3,26.2,88.2,0.5,10.3,311,Very Poor,1002.4,50.9,2025,12,30,1,Tuesday,9.8,2310.84
2025-12-30,Bhopal,Madhya Pradesh,25.4,14.9,20.1,33.6,0.0,3.0,278,Poor,995.7,24.8,2025,12,30,1,Tuesday,10.499999999999998,675.3600000000001
2025-12-31,Mumbai,Maharashtra,37.5,25.1,31.3,54.0,0.0,10.8,226,Poor,999.2,33.2,2025,12,31,2,Wednesday,12.399999999999999,1690.2
2025-12-31,Delhi,Delhi,28.3,18.8,23.6,71.5,0.0,10.5,117,Moderate,1007.5,34.7,2025,12,31,2,Wednesday,9.5,1687.4
2025-12-31,Bengaluru,Karnataka,32.5,19.7,26.1,46.4,8.5,24.3,60,Satisfactory,1023.3,46.3,2025,12,31,2,Wednesday,12.8,1211.04
2025-12-31,Chennai,Tamil Nadu,43.1,36.8,39.9,90.0,7.4,24.9,161,Moderate,1006.3,36.3,2025,12,31,2,Wednesday,6.300000000000004,3591.0
2025-12-31,Kolkata,West Bengal,32.0,23.0,27.5,87.5,0.0,24.8,281,Poor,999.8,20.1,2025,12,31,2,Wednesday,9.0,2406.25
2025-12-31,Hyderabad,Telangana,41.8,32.8,37.3,65.2,4.2,19.4,95,Satisfactory,1007.0,48.3,2025,12,31,2,Wednesday,9.0,2431.96
2025-12-31,Ahmedabad,Gujarat,37.7,23.5,30.6,76.7,12.7,9.1,173,Moderate,1000.5,49.6,2025,12,31,2,Wednesday,14.200000000000003,2347.02
2025-12-31,Jaipur,Rajasthan,44.2,37.6,40.9,74.8,1.2,20.5,329,Very Poor,1006.4,80.0,2025,12,31,2,Wednesday,6.600000000000001,3059.3199999999997
2025-12-31,Lucknow,Uttar Pradesh,43.7,35.3,39.5,50.3,0.0,7.3,80,Satisfactory,1011.6,45.9,2025,12,31,2,Wednesday,8.400000000000006,1986.85
2025-12-31,Bhopal,Madhya Pradesh,37.8,25.8,31.8,53.7,0.0,24.0,157,Moderate,996.7,21.4,2025,12,31,2,Wednesday,11.999999999999996,1707.66
